{"type":"FeatureCollection","crs":{"type":"name","properties":{"name":"EPSG:4326"}},"features":[{"type":"Feature","id":11891,"geometry":{"type":"LineString","coordinates":[[-71.9538800238334,41.0284717261287],[-71.9521944195299,41.029353773325],[-71.9509312880527,41.0297119761051],[-71.9488315835671,41.0302856610133],[-71.9483393466871,41.0304037438357],[-71.9479084184096,41.0305236729646],[-71.9472107061669,41.0307540253812],[-71.9469665482496,41.030813819525],[-71.9467158891321,41.0308889075428],[-71.9464652138248,41.030932173943],[-71.945899165964,41.0310606358455],[-71.944106604351,41.0318611855662],[-71.9416368988735,41.0324833259677],[-71.9372098561276,41.0335826674881],[-71.9366295665969,41.0336911167736],[-71.9351327102501,41.0342743335786],[-71.9335867877674,41.0347079463347],[-71.9322859503971,41.0349718830599],[-71.9306569044382,41.0351940867479]]},"properties":{"FID":11891,"SOURCE_ID":" ","SRC_DATE":"20180327","HOR_ACC":"18","INFORM":" ","ATTRIBUTE":"Natural.Mean High Water","VER_DATE":" ","SRC_RESOLU":0,"DATA_SOURC":"Satellite Imagery","EX_METH":"Mono","EXT_METH":"Mono","DAT_SET_CR":"NOAA","SRC_CITA":" ","FIPS_ALPHA":"NY","NOAA_Regio":"North Atlantic","Shape_Leng":0.0242735740989,"Shape__Length":0.024273574098893535}},{"type":"Feature","id":40325,"geometry":{"type":"LineString","coordinates":[[-71.9364774504474,41.0766395993872],[-71.936651070057,41.0772837353259],[-71.9367626525924,41.0775615593391],[-71.9369132990086,41.07813042021],[-71.9370224695633,41.0784423276361],[-71.9370406008086,41.0785764300687],[-71.9370406214957,41.0786235410633]]},"properties":{"FID":40325,"SOURCE_ID":"GC11176","SRC_DATE":"20140603","HOR_ACC":"1.4","INFORM":" ","ATTRIBUTE":"Man-made.Rip Rap","VER_DATE":" ","SRC_RESOLU":0,"DATA_SOURC":"Lidar","EX_METH":"Derived","EXT_METH":"Derived","DAT_SET_CR":"NOAA","SRC_CITA":" ","FIPS_ALPHA":"NY","NOAA_Regio":"North Atlantic","Shape_Leng":0.00206788266503,"Shape__Length":0.002067882665034112}},{"type":"Feature","id":40326,"geometry":{"type":"LineString","coordinates":[[-71.9383599227682,41.0768590429417],[-71.938353908099,41.0768351425545],[-71.9382841080841,41.0766407900313],[-71.9382289553322,41.076448054489],[-71.9381869911475,41.076344133311]]},"properties":{"FID":40326,"SOURCE_ID":"GC11176","SRC_DATE":"20140603","HOR_ACC":"1.4","INFORM":" ","ATTRIBUTE":"Man-made.Rip Rap","VER_DATE":" ","SRC_RESOLU":0,"DATA_SOURC":"Lidar","EX_METH":"Derived","EXT_METH":"Derived","DAT_SET_CR":"NOAA","SRC_CITA":" ","FIPS_ALPHA":"NY","NOAA_Regio":"North Atlantic","Shape_Leng":0.00054369757457,"Shape__Length":0.0005436975745701329}},{"type":"Feature","id":40335,"geometry":{"type":"LineString","coordinates":[[-72.2224065669413,40.9320474894656],[-72.2221771309301,40.9320935725425],[-72.2219460743384,40.9321103736878],[-72.221699500839,40.932127114579],[-72.2216127585019,40.9321308611582],[-72.2215614027001,40.9321345106095],[-72.2215259172396,40.9321400459389],[-72.2214985463647,40.9321467548836],[-72.2214810320624,40.9321512604885],[-72.221173806473,40.9322890213746],[-72.2202426202749,40.9327873502378],[-72.219791713558,40.9330147645609],[-72.2195758285383,40.9331058865935],[-72.2193146410557,40.9332047284096],[-72.2189144282364,40.9333758766362],[-72.2185508798899,40.9335532382789],[-72.2182335180372,40.9336702778819],[-72.2175581872297,40.9338955707113],[-72.2174260237204,40.933930883502],[-72.2171542638016,40.9339801133087],[-72.2170849584259,40.9339947263977],[-72.2170457443753,40.9340057062241],[-72.2170050878118,40.9340170907454],[-72.2168097316251,40.9341440813448],[-72.2164110485567,40.9343770282966],[-72.2158830735152,40.9346455443458],[-72.2153876476475,40.9349233710769],[-72.2147847752452,40.9352263149819],[-72.2143107496482,40.9354399498907],[-72.2141031491849,40.9355121573781],[-72.2138684575351,40.9355792360317],[-72.2135853886409,40.9356820780337],[-72.2131585037195,40.9358493007197],[-72.2128170804994,40.9359967185289],[-72.2123899698483,40.9361663540964],[-72.2121592927743,40.9362495261211],[-72.2118732381293,40.9363407857523],[-72.2111834264363,40.9366136644189],[-72.2107413519593,40.9367565919155],[-72.2105555717538,40.9368306861802],[-72.2099365915843,40.9370497916708],[-72.2090558600577,40.9373799077065],[-72.2086803039579,40.9375312978231],[-72.2083273586179,40.9376422148416],[-72.2071752215008,40.9379405821137],[-72.2068180871176,40.9380544066412],[-72.2065633648633,40.938155975202],[-72.2062022581765,40.9383271926752],[-72.2059309191435,40.9384285453992],[-72.2056159953546,40.9385622683287],[-72.2044151473516,40.9390215765087],[-72.2039327841347,40.9391911176492],[-72.2035000967837,40.9393237955702],[-72.2028962728889,40.9394602983142],[-72.2026753462662,40.9395189071506],[-72.2015975444397,40.9398906447245],[-72.2013963741303,40.9399494999746],[-72.2009777404877,40.9400520461041],[-72.2006965376864,40.9401385851927],[-72.2004287410821,40.9402062771852],[-72.2000324259241,40.9403467810069],[-72.1997504542035,40.9404561790679],[-72.199220202076,40.9406933024763],[-72.1987878025107,40.9408707207785],[-72.1984935640331,40.940974311017],[-72.1981494410466,40.9411086904527],[-72.1979586156438,40.9412004420101],[-72.1976517407895,40.9413286161213],[-72.1970290850942,40.9416287478463],[-72.1967754528182,40.9417241362648],[-72.1964558255719,40.9418306214222],[-72.1959116492361,40.9420568468445],[-72.195471597339,40.9422702344385],[-72.1951590054923,40.9423935953773],[-72.1947291519057,40.9425227173781],[-72.1943150706326,40.9426220691149],[-72.1934710008797,40.9429396405036],[-72.1920563704675,40.9434000620516],[-72.1909999005678,40.9437891151748],[-72.190291497182,40.944026269166],[-72.1894964090155,40.9442637379228],[-72.1889761753354,40.9444385499921],[-72.1885210768718,40.9445721452224],[-72.1877845130079,40.9448482416654],[-72.1877159136004,40.9448661516697],[-72.1876662871953,40.9448688001753],[-72.1875567137598,40.9448328839472],[-72.1875423668705,40.9448312651677],[-72.1875207885302,40.9448288307032],[-72.1873494028769,40.9448827396801],[-72.1858027735455,40.945628341705],[-72.1844601743628,40.9462107185385],[-72.1839430478466,40.9464789045361],[-72.1835123740821,40.9466787744175],[-72.1829317446154,40.9469192127292],[-72.182758998288,40.9469821320156],[-72.1824519111916,40.9470774089198],[-72.1816399787168,40.9472969236083],[-72.1814168937214,40.9473698469566],[-72.1811440636125,40.9474813961961],[-72.1806642364885,40.9477190969677],[-72.1804786028728,40.9477983704291],[-72.1803438484162,40.947839145703],[-72.1801353144549,40.9478875220508],[-72.1796447323259,40.9479646416454],[-72.1794462195129,40.9480050311122],[-72.179307079061,40.9480436264292],[-72.1790758857758,40.9481225014923],[-72.1784092846941,40.9484160205025],[-72.1775635727776,40.9487164436152],[-72.1760439950442,40.9491476183084],[-72.1754172150518,40.9493631076246],[-72.1748486086202,40.9495100047336],[-72.1746527398166,40.9495812292614],[-72.1742815157528,40.9497398733109],[-72.1741004093248,40.9498026442093],[-72.1731444215999,40.9500293094135],[-72.1728985037096,40.9501018388594],[-72.1723803816413,40.9503291398701],[-72.171936941094,40.9504788950211],[-72.1717011837486,40.9505710485769],[-72.171538802112,40.9506499479195],[-72.1711684530915,40.9508556229239],[-72.1710101022172,40.9509277323835],[-72.1707660306367,40.9510187968604],[-72.1702113717964,40.9511852371402],[-72.1699794509597,40.9512709695353],[-72.1697999183472,40.9513558934379],[-72.169407962209,40.9515771806768],[-72.1690958685879,40.9517190352778],[-72.1684778039298,40.951960802789],[-72.1679036873521,40.9521408111438],[-72.1677448427491,40.9522010414561],[-72.167522425952,40.9523062261906],[-72.1670986077236,40.9525397945748],[-72.1668113461899,40.9526648687216],[-72.1645960428231,40.9534286011042],[-72.164303401541,40.953516297621],[-72.1638627731723,40.9536227270245],[-72.1636851579131,40.9536756449485],[-72.1634430441574,40.9537679900602],[-72.1629630614491,40.9539789422909],[-72.1625720738771,40.9541275723881],[-72.161823930336,40.9543552403298],[-72.1615217868155,40.954467528813],[-72.1611243915725,40.9546285758523],[-72.1605416567886,40.9548046271896],[-72.160117592142,40.9549705917237],[-72.1593877902814,40.9552235764846],[-72.1588739903512,40.9553627816889],[-72.1587047459843,40.9554153272932],[-72.1585492999208,40.9554810632562],[-72.1582580741755,40.9556307122822],[-72.1579926544825,40.9557402173619],[-72.1572979100055,40.9559966258415],[-72.1566704204496,40.9562447803394],[-72.1560337721937,40.9564698816118],[-72.1558901747022,40.9565413876257],[-72.1555895276584,40.9567285374894],[-72.1554094887273,40.9568119667185],[-72.1551705846523,40.9568916160982],[-72.1545705208255,40.9570535651643],[-72.1541724600818,40.9571756859406],[-72.1539667589871,40.9572478988238],[-72.1536176348694,40.9573910187723],[-72.1532300305514,40.9575992055842],[-72.1530323226348,40.9576914095009],[-72.1526520262065,40.9578357354415],[-72.1522361534876,40.9580139406501],[-72.1517293331999,40.958184588857],[-72.1513074943765,40.9583594027217],[-72.1508559536325,40.958501273515],[-72.1496936217984,40.9588194654464],[-72.1494580443172,40.9589070117745],[-72.1489434745723,40.9591377571892],[-72.1485394567195,40.9592985020564],[-72.1482749219582,40.9593826237664],[-72.1478251232,40.9594971227885],[-72.1476320090201,40.9595578261454],[-72.1471405464607,40.9597439238083],[-72.1466936417228,40.9598767132457],[-72.1460687718937,40.9601402461535],[-72.1458474918389,40.9602256026315],[-72.1456021270325,40.9603077701137],[-72.1452274306821,40.9604137255722],[-72.1450137984637,40.9604846812032],[-72.1448212859315,40.9605637352301],[-72.1443716193786,40.9607662913876],[-72.14383750286,40.9609507073193],[-72.1433756019261,40.9611530584317],[-72.142678648714,40.9614200150616],[-72.1425182177071,40.9614931065812],[-72.1419150746086,40.961795651187],[-72.1417558235125,40.9618659539084],[-72.1415151405781,40.9619481825443],[-72.1410987300606,40.9620568161858],[-72.1408544930047,40.9621446646863],[-72.1406198840949,40.9622537668688],[-72.1403143933001,40.9624270168083],[-72.1400575018819,40.962555523667],[-72.1398329231137,40.9626581219508],[-72.1395789122236,40.9627619846825],[-72.1390064845755,40.9629832575381],[-72.1378841995671,40.9633379934267],[-72.1376122687797,40.9634354215086],[-72.1372760031735,40.9635904529795],[-72.1368624192321,40.963802870204],[-72.1365816220271,40.9639241779891],[-72.1361213101931,40.964080671762],[-72.1356291200784,40.9642051199872],[-72.1353825115084,40.9642749478692],[-72.1351245660832,40.9643821201069],[-72.1345594535263,40.9646605376949],[-72.1342213559999,40.9648052971075],[-72.1339015812642,40.9649023690593],[-72.1334512096375,40.9650159462761],[-72.1327113155809,40.9652569934341],[-72.1324958334574,40.9653437870289],[-72.1320888946088,40.9655588671462],[-72.1318453446357,40.965657955376],[-72.1308357357218,40.9659935770664],[-72.1304027426005,40.9661158516278],[-72.1302167375639,40.9661800956162],[-72.1300602635747,40.9662433629397],[-72.1298305829511,40.9663495207409],[-72.1293726228497,40.9665867772467],[-72.1290743868854,40.9667105230949],[-72.1285161199644,40.9668886015036],[-72.1279349940669,40.967042889243],[-72.1277252864908,40.9671089291787],[-72.1275349458215,40.967178414417],[-72.1270573292292,40.967373104204],[-72.1266014267729,40.9675325540489],[-72.12625106249,40.9676802155747],[-72.1260401453259,40.967756639984],[-72.1257534044976,40.9678423471998],[-72.1253207989833,40.9679486866707],[-72.1251322236832,40.9680090374933],[-72.1248982236141,40.9681087678388],[-72.1245814643103,40.9682792280811],[-72.1244112513749,40.9683613658833],[-72.1239891436548,40.9685478043869],[-72.1236932234453,40.9686665257218],[-72.1231951076981,40.9688333059435],[-72.1226646631108,40.9689873094955],[-72.1225052384452,40.9690511829622],[-72.1221599031733,40.9692066649939],[-72.1219406070233,40.9692893289011],[-72.1217880855548,40.9693334316678],[-72.1214606189137,40.9694051859006],[-72.1212728826814,40.9694667660967],[-72.1210749814109,40.9695673849713],[-72.1207993139442,40.9697540105293],[-72.1206527504887,40.9698429858775],[-72.1205146784337,40.9699142895437],[-72.1203834547173,40.9699677515561],[-72.1201930286112,40.9700187395351],[-72.1196056892927,40.9701207011105],[-72.1192049827416,40.9702248219525],[-72.1189060614924,40.9703257789756],[-72.1185590013188,40.970457327345],[-72.1184068746543,40.9705282470011],[-72.1181338323075,40.9706783097147],[-72.1179446220869,40.9707583574926],[-72.1173235671806,40.9709771266367],[-72.1170701975055,40.971051264071],[-72.116748473038,40.9711311679616],[-72.1165189686797,40.9712038017284],[-72.1155017551006,40.9716206717859],[-72.1152834913726,40.9717001727768],[-72.1150244038062,40.9717759613669],[-72.1144200394187,40.9719155775644],[-72.1138212841058,40.9720760670304],[-72.1133381879383,40.9721957038814],[-72.1130236868296,40.9723097802176],[-72.1126050504943,40.9725070861309],[-72.1124602380178,40.9725675844408],[-72.1123090457481,40.9726192145345],[-72.1118322439387,40.9727575860659],[-72.1115095554008,40.9728959971624],[-72.1113510219633,40.972953777721],[-72.11109319075,40.9730248853389],[-72.1106533528846,40.9731175371259],[-72.1104558868833,40.9731672804431],[-72.11028217918,40.9732256383671],[-72.1098272237111,40.9734059470915],[-72.1092988763444,40.9735749252578],[-72.1089780745819,40.9736626217754],[-72.1086056490189,40.973741016605],[-72.1084330789577,40.973788632125],[-72.1081693652794,40.973902187752],[-72.1077202230345,40.9741590287975],[-72.1074588727754,40.9742758525613],[-72.1071967571911,40.974357777227],[-72.1066838313995,40.9744509155497],[-72.1065520743836,40.9744818981039],[-72.1064400601913,40.9745174941804],[-72.1061946998826,40.9746207165945],[-72.105704356983,40.9748681669186],[-72.1052554323694,40.9750432658693],[-72.1048297795214,40.9752423677293],[-72.1046346913289,40.9753026421096],[-72.1041436559429,40.9754079356708],[-72.1039123592344,40.9754657710904],[-72.1034802087787,40.9755985461381],[-72.1030137482798,40.975788506389],[-72.1024918958234,40.9760359648081],[-72.1021239416944,40.9761732463573],[-72.1019212281473,40.9762247928158],[-72.1015612923718,40.9762857713708],[-72.1013306449734,40.976333038855],[-72.1007824252793,40.9764732719856],[-72.1005465528202,40.9765573712116],[-72.0999625140236,40.9768171440519],[-72.0994597191031,40.9769970552775],[-72.0992835544503,40.9770421985608],[-72.0989826708767,40.9770892645992],[-72.0985243150648,40.9771768963701],[-72.0982387046839,40.9772482935706],[-72.0979518856147,40.9773391152319],[-72.0973683954034,40.9775748123169],[-72.0969449216101,40.9777174466339],[-72.0967853647423,40.9777509391973],[-72.0964884067098,40.9777816195845],[-72.096348133111,40.9778056467809],[-72.095803177059,40.977968094969],[-72.0951668228782,40.9781372808821],[-72.094987089714,40.9781744417815],[-72.0946503375684,40.9782237012679],[-72.094496291749,40.9782759393035],[-72.0941292072657,40.9784334627973],[-72.0939395275977,40.978491888171],[-72.0938246751433,40.9785140168974],[-72.0935001654722,40.9785550565782],[-72.0930764857314,40.9786491238978],[-72.0927090460106,40.9787144156025],[-72.0925621677892,40.9787488173802],[-72.0924458350514,40.9787909389389],[-72.0920773809009,40.9789613802972],[-72.0918841668967,40.9790311389296],[-72.091725884369,40.9790709069634],[-72.0913865053032,40.9791253375527],[-72.0908586651536,40.9792823097672],[-72.0904982491411,40.9793639322638],[-72.0900552411674,40.9795074793935],[-72.0894516358088,40.9796631278081],[-72.0891361031771,40.9797704943012],[-72.0887321248958,40.9799547195723],[-72.0884492133824,40.9800489046986],[-72.0880662153878,40.9801613640556],[-72.0874767716573,40.980302187143],[-72.087013958808,40.9804628142009],[-72.0866953558891,40.980557883362],[-72.0861420127563,40.9807082212773],[-72.0851409824773,40.9810319952964],[-72.0849696498836,40.9810800550816],[-72.0846102914745,40.98116584144],[-72.0844325602037,40.9812366226014],[-72.0841092736174,40.9813908518764],[-72.0838965227353,40.9814698744277],[-72.0834486809032,40.9815987185385],[-72.0833251751693,40.981620855359],[-72.0830803508526,40.9816508747427],[-72.0829709168155,40.9816764487724],[-72.0825657882979,40.9818077732124],[-72.0821178088697,40.9819409376671],[-72.0817143342073,40.9820955689418],[-72.0812667118085,40.9822009362459],[-72.0809675333531,40.9823013977424],[-72.0804746957278,40.9824532141415],[-72.0800740575273,40.9825949860077],[-72.0798382848946,40.9827087205988],[-72.0797405384513,40.9827476225834],[-72.079631147582,40.9827783470314],[-72.0793574954893,40.9828353038146],[-72.079145501836,40.9829043097149],[-72.0788833089123,40.9830283424457],[-72.0784871529391,40.9832551083557],[-72.0783722798022,40.9833103600188],[-72.0782482371738,40.9833504176333],[-72.0779680263229,40.9834001240809],[-72.0778133932457,40.9834472368792],[-72.077704098605,40.9834989227295],[-72.0774412239973,40.9836644429932],[-72.0772937315409,40.9837380354348],[-72.0771828289112,40.9837771289754],[-72.076984915947,40.9838329184359],[-72.076583675201,40.9839848121737],[-72.0761709186302,40.9840945978467],[-72.0760203414969,40.9841458115542],[-72.075877994063,40.9842076120827],[-72.075620209618,40.9843425922627],[-72.0754577749211,40.9844186110762],[-72.074970490613,40.9846000250687],[-72.0744249365152,40.9848280788129],[-72.0741856169536,40.9849126420893],[-72.0738677946461,40.9850020122455],[-72.0729864461813,40.9852827384038],[-72.072021459845,40.9856537664086],[-72.0716613783822,40.9857670225644],[-72.070946913562,40.9859738720948],[-72.0705455469096,40.9861027854518],[-72.0700243581474,40.9862485584065],[-72.0686918763327,40.9866934081871],[-72.0683735045388,40.9867743067279],[-72.0677511420128,40.9869061060172],[-72.0668235216142,40.9871713818213],[-72.0662955447664,40.9873080941047],[-72.0660702024721,40.9873865842577],[-72.0657578372548,40.9875151109032],[-72.0654594888738,40.9876130911698],[-72.0652637747542,40.9876964169773],[-72.0651443600386,40.9877370321715],[-72.065041453283,40.9877616007586],[-72.0649721568999,40.9877659867553],[-72.064930998513,40.9877524672457],[-72.0648851132864,40.9877111550822],[-72.0648488085428,40.987707600962],[-72.0644359368621,40.9878779110206],[-72.0641317033142,40.9879500528606],[-72.0639853925656,40.9879935261015],[-72.0636377748149,40.9881726702002],[-72.0635237290542,40.9882226266541],[-72.0634345018907,40.9882484264129],[-72.0633372851465,40.9882558062542],[-72.0632907946789,40.9882670127099],[-72.0632435002179,40.9882910183196],[-72.0631901856947,40.9883422302253],[-72.0631224154629,40.9883687422466],[-72.06300081989,40.9883989540813],[-72.0628184058457,40.9884320941111],[-72.0627105708041,40.9884660705081],[-72.0625237024203,40.9885699233452],[-72.0622869423292,40.9886404338124],[-72.0621816388823,40.9887134641762],[-72.0621245166271,40.9887430195036],[-72.0619557992625,40.9887873273164],[-72.0617961488676,40.9888643344848],[-72.0616482445203,40.9889136856959],[-72.0615581333251,40.9889774368526],[-72.0615072361788,40.9890016547023],[-72.0613967067673,40.9890326030815],[-72.0612053804384,40.9890609236439],[-72.061114780909,40.9890864599013],[-72.0608710663629,40.9892388824355],[-72.0606328116006,40.9893530442047],[-72.0605622984354,40.9893747250672],[-72.0604887482581,40.9893876483299],[-72.0602666183394,40.9893993233382],[-72.0600838643521,40.9894471735816],[-72.0600197282822,40.9894800348177],[-72.0599304174847,40.9895596275353],[-72.0598617200528,40.9896089598581],[-72.0596782699929,40.9897091335678],[-72.0595056612617,40.9897712083904],[-72.0592068038633,40.9898553247056],[-72.0590802647164,40.989899010186],[-72.0586514237708,40.9901013585993],[-72.0585523256459,40.9901381013112],[-72.0582695238494,40.9902239928879],[-72.0578629771038,40.9904151204571],[-72.0573468065646,40.9906399555261],[-72.0572630967458,40.9907039243186],[-72.0571379542476,40.9907680558897],[-72.0569461260991,40.9908377425762],[-72.0563434380509,40.9910229184374],[-72.0559845634795,40.991150132074],[-72.0555281565015,40.9912789770844],[-72.0553341358058,40.9913605348244],[-72.0547724712496,40.9916230748784],[-72.0544968766232,40.9917240399945],[-72.0540684052953,40.9918610184742],[-72.0535035427434,40.992025641224],[-72.0530496691548,40.9921273006227],[-72.0527900374981,40.9921971105187],[-72.0518331081882,40.9925285548556],[-72.0510783654171,40.9927115165903],[-72.0500830737115,40.9929928003321],[-72.0495762345367,40.993143459304],[-72.0493128958744,40.9932338744707],[-72.0483815091189,40.993589989014],[-72.0478622296195,40.9937642102284],[-72.047715668859,40.9938009322575],[-72.047332839935,40.9938780347613],[-72.0468782325001,40.9939925706557],[-72.0464827294251,40.9940456153912],[-72.0462732430813,40.9940942228648],[-72.0460981531201,40.9941639554163],[-72.0457446771847,40.994361349461],[-72.045631650356,40.9944079037789],[-72.0455116618727,40.9944469154815],[-72.0453803823971,40.9944788881894],[-72.0452479967544,40.9945013100954],[-72.0446811197131,40.994537149903],[-72.0445463724499,40.9945572938258],[-72.0444313698091,40.9945864489567],[-72.0443070762706,40.9946421736636],[-72.0440203084681,40.9948254222669],[-72.0438605528525,40.9949036012522],[-72.04371365035,40.9949485979451],[-72.043395398164,40.994995041653],[-72.0431878678466,40.9950488121354],[-72.0430448702027,40.995112513831],[-72.0426902647201,40.9953396934278],[-72.0424596883719,40.9954544550448],[-72.042150630861,40.995561925859],[-72.0416064823993,40.995706081833],[-72.0414226483268,40.9957706666644],[-72.0408742164005,40.9960517192659],[-72.0403371078385,40.9962730955423],[-72.0396803003796,40.9966173543117],[-72.039439805405,40.9967259654643],[-72.0391203139566,40.9968382197739],[-72.0385599938804,40.9969792227246],[-72.0383477852889,40.9970447194697],[-72.0378493161113,40.9972712155863],[-72.0375138050372,40.9974384130881],[-72.037076169617,40.9976158628667],[-72.0368693974288,40.9976786139808],[-72.0365083087229,40.9977540482412],[-72.0363310208168,40.9978040811395],[-72.0361379947709,40.9978730915358],[-72.0357522286658,40.9980507274724],[-72.0353268177305,40.9981632623738],[-72.0346312620639,40.9984101065614],[-72.0344836616868,40.9984480183939],[-72.0341726742269,40.9984990234638],[-72.0340317432242,40.998534473851],[-72.0337663100412,40.9986434321428],[-72.0335629085154,40.99874720584],[-72.0333889813784,40.9988228892066],[-72.0331987009637,40.9988938205551],[-72.0329125752721,40.9989851530313],[-72.0322154808622,40.9991831406399],[-72.0317099232192,40.9992893452148],[-72.0315534654167,40.9993319928784],[-72.0310699852424,40.9995220241763],[-72.0307408278804,40.9996863393502],[-72.030556627784,40.9997572715979],[-72.0304437358528,40.9997875958475],[-72.0303317603304,40.9998081966254],[-72.0299371403889,40.9998436218398],[-72.0297470731123,40.9998922922653],[-72.029541800995,40.9999762718805],[-72.029036638163,41.0002335167233],[-72.0288228620538,41.0003194847401],[-72.0286450813185,41.0003608328838],[-72.0282824250921,41.0004056578131],[-72.0280947967779,41.0004585442611],[-72.0277679740551,41.0005935775034],[-72.0274938363323,41.000722241744],[-72.0272477583644,41.000826326608],[-72.0270851779763,41.0008845775124],[-72.0268195487395,41.0009657800224],[-72.0267206026002,41.0010044221029],[-72.0265840081319,41.0010789264568],[-72.0262895178493,41.0012781317346],[-72.0260830172588,41.0013810591696],[-72.0258554707254,41.001457959321],[-72.0252974601099,41.0016143451783],[-72.025156422988,41.0016661290558],[-72.0250550145047,41.0017155899827],[-72.0248712541793,41.0018269944282],[-72.0247537829004,41.0018887050236],[-72.0245737008013,41.001964635704],[-72.0241890003907,41.0020972164965],[-72.0232621795009,41.0025636446013],[-72.023079832009,41.0026442904282],[-72.0227919994033,41.0027284939773],[-72.0224280931201,41.0027973209174],[-72.0222762425458,41.0028387194222],[-72.0221455782081,41.0028971340021],[-72.0219305799224,41.0030281571629],[-72.0218093206978,41.0030899064293],[-72.0213024068817,41.0032837886258],[-72.0211471074061,41.0033223227894],[-72.0208706862992,41.003367971495],[-72.0205229228519,41.0034363226932],[-72.0202863633092,41.003496427103],[-72.0200397781236,41.0036039320895],[-72.0196833020493,41.0038082482174],[-72.019450534951,41.0039080774883],[-72.0182962808357,41.0043306123808],[-72.017810918378,41.0044893814396],[-72.0173299868797,41.0046170069698],[-72.0171557476769,41.0046774495227],[-72.0169340989001,41.0047674096311],[-72.016543627542,41.0049711367041],[-72.0162661344473,41.0050927439633],[-72.016094755089,41.0051437742098],[-72.0158520531736,41.0051846151378],[-72.0157494935563,41.0052095416551],[-72.0155885589278,41.0052625405176],[-72.0152417604572,41.0053987383828],[-72.0148818318776,41.0054829050619],[-72.0147361353663,41.0055290798669],[-72.0145887535261,41.0055946341664],[-72.0143470543608,41.0057363790477],[-72.0140550902717,41.0058830405252],[-72.0130630118499,41.0062564814123],[-72.0124851064322,41.0065293546791],[-72.0122404817691,41.006632582489],[-72.0117849525341,41.0068404680301],[-72.011630351833,41.0068974652789],[-72.0111319375097,41.0070464362226],[-72.0109358708552,41.0071199774044],[-72.0108080681615,41.0071844399261],[-72.0104020852936,41.0074214554117],[-72.0101808600984,41.0075232470033],[-72.00999156534,41.0075773943011],[-72.0096241651887,41.0076318770519],[-72.0094590711938,41.0076748862432],[-72.0088430704819,41.0079478170679],[-72.0079534572477,41.0082824108289],[-72.0075188507454,41.0084662026276],[-72.0071658928153,41.0085858727492],[-72.0065783466566,41.0087608538931],[-72.0060197676719,41.0089630494258],[-72.0058296500348,41.0090400619912],[-72.0054598531963,41.0092144306895],[-72.0051651101994,41.0093296743453],[-72.0046690763828,41.0094880890716],[-72.004235584137,41.0096009450313],[-72.0039609337985,41.0096938333346],[-72.0035922431229,41.0098062450271],[-72.0034258118367,41.0098682407092],[-72.003098670754,41.0100084765306],[-72.0030204324096,41.0100262093687],[-72.0028395939772,41.0100448064588],[-72.0026996792089,41.0100855214783],[-72.0026055156662,41.0101318671527],[-72.0022982837849,41.010333040148],[-72.0020885690172,41.0104516139911],[-72.0017774421671,41.0105892273884],[-72.0014584921131,41.0107430942364],[-72.00112734365,41.0108824145479],[-72.0007235245505,41.0110996467431],[-72.0002764327567,41.0112921637665],[-71.9999024315877,41.0114923807843],[-71.9993697917605,41.0117533955868],[-71.9992019926054,41.0118211190522],[-71.9988940277706,41.0119186622484],[-71.9987447141853,41.0119739615767],[-71.998310375683,41.0121901406666],[-71.9981174557578,41.012272126484],[-71.9976898091089,41.0124164281443],[-71.9973750795714,41.0125140729641],[-71.9972325100043,41.0125666122723],[-71.996721525856,41.0127767056512],[-71.9963067943781,41.0129702254178],[-71.9959878856915,41.0131021793806],[-71.9955044504826,41.0132784699342],[-71.9948775310926,41.0134522504842],[-71.9945986035765,41.0135365664482],[-71.9937811744479,41.0138417973363],[-71.9937265190329,41.0138532969713],[-71.9936831330254,41.0138539525787],[-71.9935657067067,41.0138082993891],[-71.9934848198571,41.0138098543199],[-71.9930967451888,41.0139388036493],[-71.9928213043436,41.0139891648034],[-71.9926482792253,41.014038618538],[-71.9922387044592,41.0141914205915],[-71.9918568764831,41.0143072479101],[-71.9917800221972,41.0143482057446],[-71.9916240590258,41.0144599941999],[-71.9915124063621,41.0145148879327],[-71.9914353272442,41.0145322511493],[-71.9912657842994,41.0145335875476],[-71.9910785921569,41.0145943601522],[-71.9909423816984,41.0146532279906],[-71.9908177662033,41.0147206303966],[-71.990713408843,41.0147867098989],[-71.9905370319548,41.0149150153068],[-71.990258975883,41.0150145415075],[-71.9898075205798,41.0152512548223],[-71.9896741852543,41.0153027077489],[-71.9894778380094,41.0153429488274],[-71.9893624864318,41.015378472059],[-71.9889732372511,41.0155530134278],[-71.9887385258175,41.015645129212],[-71.9885925244376,41.0157202981654],[-71.9884403977756,41.0158377937194],[-71.9883460561675,41.0158897619563],[-71.9882940690424,41.0159124041936],[-71.988088922829,41.0159747506127],[-71.9878029931915,41.0161002096693],[-71.9877144800912,41.0161485167654],[-71.9874691683488,41.0163046867752],[-71.9873400517454,41.0163732807832],[-71.9871907453549,41.0164304983658],[-71.9869146686907,41.0165161732056],[-71.986638352809,41.0166404721362],[-71.9863024667158,41.0167788562534],[-71.9858971412498,41.0169667804368],[-71.985676089623,41.0170573520843],[-71.9841497283071,41.0176045591291],[-71.9833477540292,41.0178427824172],[-71.9831232795812,41.0179258375297],[-71.982787289167,41.0180722004337],[-71.9826696551098,41.0181151925363],[-71.9822633295929,41.0182250015915],[-71.981922147387,41.0183012956033],[-71.9817308300507,41.018322357736],[-71.9813736776748,41.0183304678353],[-71.9812750804712,41.0183442409583],[-71.9811658892511,41.0183705982976],[-71.9810136753513,41.0184238957347],[-71.9807536066265,41.0185416125254],[-71.9806239917974,41.0185906624629],[-71.9798272012126,41.0188143428112],[-71.9794873571999,41.018920151679],[-71.9792454403958,41.0190134248912],[-71.9787308922334,41.0192288071842],[-71.9783088510611,41.0193813871054],[-71.9780734138734,41.019455608176],[-71.9777339727561,41.0195421292801],[-71.9775696818567,41.0195982919582],[-71.9770700750367,41.0198313009663],[-71.9766992601679,41.0200531952469],[-71.9760538669075,41.0203876882758],[-71.9758876973242,41.0204517712849],[-71.9755569787329,41.0205161492769],[-71.9754029320141,41.0205678603096],[-71.9750275719695,41.020778073294],[-71.9742005470788,41.0212101994473],[-71.9737476276781,41.0214350318162],[-71.9732410160389,41.0217132866249],[-71.9724701835008,41.0220571802731],[-71.9716688036801,41.0223872990039],[-71.9714095209617,41.0224822800294],[-71.9705398870687,41.0227493814556],[-71.9699940991454,41.0229494797685],[-71.9693828081838,41.0232105458348],[-71.9689336146757,41.0234379151916],[-71.9686556872087,41.0235679131272],[-71.9686042064015,41.0235798336449],[-71.9685630318276,41.0235798795117],[-71.968393330599,41.0235293600914],[-71.9682812732371,41.0235267574565],[-71.9680950307768,41.0235486640525],[-71.9678432538007,41.0236075669683],[-71.9674537653972,41.0237281031384],[-71.9671622149937,41.0238289171689],[-71.9669038630724,41.0238961675938],[-71.9664487475215,41.0240308078364],[-71.9653359018015,41.0244162807593],[-71.9647414002889,41.0246810448381],[-71.9643596748397,41.0248711121055],[-71.9637011523739,41.0252316234262],[-71.9633668104182,41.0253885884397],[-71.9627800367807,41.0256235220002],[-71.9624985740772,41.0257470798895],[-71.9623152121488,41.025810733023],[-71.9621187623841,41.0259045098541],[-71.9619126655873,41.0259740211733],[-71.9616754198633,41.0260649066847],[-71.9614997804153,41.0261200216529],[-71.9613544778086,41.0261910402342],[-71.9611423375657,41.0262595892788],[-71.9609684688849,41.0263407126454],[-71.9607343572975,41.0264025140761],[-71.9605216756631,41.0264800743295],[-71.9602568288353,41.0265375770009],[-71.9600238827712,41.0266256863046],[-71.9597852511897,41.0266843194232],[-71.9595861673091,41.0267643474163],[-71.9593430265252,41.0268205766468],[-71.9591511794917,41.0269052523369],[-71.9588279882291,41.0269833674755],[-71.9586559469709,41.0270567404833],[-71.958542058591,41.0270958789901],[-71.9582940974398,41.0271598801634],[-71.9579198489526,41.0272819991401],[-71.9576212730417,41.0273577931273],[-71.9573089069235,41.0274595613394],[-71.957025047523,41.0275323632812],[-71.956691484377,41.027630084544],[-71.9560087305617,41.0278397471531],[-71.9557171738615,41.0279153181082],[-71.9552189969589,41.0280593823497],[-71.9550194058598,41.0281251192134],[-71.9547628723685,41.0281982260245],[-71.9541729097318,41.0283930956793],[-71.9538800238334,41.0284717261287]]},"properties":{"FID":40335,"SOURCE_ID":"GC11176","SRC_DATE":"20140603","HOR_ACC":"1.4","INFORM":" ","ATTRIBUTE":"Natural.Mean High Water","VER_DATE":" ","SRC_RESOLU":0,"DATA_SOURC":"Lidar","EX_METH":"Derived","EXT_METH":"Derived","DAT_SET_CR":"NOAA","SRC_CITA":" ","FIPS_ALPHA":"NY","NOAA_Regio":"North Atlantic","Shape_Leng":0.286709782872,"Shape__Length":0.28670978287203064}},{"type":"Feature","id":40336,"geometry":{"type":"LineString","coordinates":[[-71.9306569044382,41.0351940867479],[-71.9299836879334,41.035355480035],[-71.9295298467212,41.0354722642348],[-71.9290994436482,41.0355989077034],[-71.9285109046386,41.0357921019209],[-71.9283313513396,41.0358442662129],[-71.9271112452365,41.0361139945706],[-71.9264566285178,41.0363002496199],[-71.9261628145202,41.0364060710767],[-71.9255781066271,41.0366584299044],[-71.9253776072129,41.0367357563336],[-71.9248983061875,41.0368916853326],[-71.9247109278846,41.0369389968821],[-71.9242817559839,41.0370654469964],[-71.9237551658896,41.0371776572458],[-71.9234587276679,41.0372542947972],[-71.9223947115525,41.0376230340299],[-71.9219069380103,41.0377617985652],[-71.9215430389226,41.0378479698336],[-71.9209898828496,41.0380162312407],[-71.9201448247419,41.0383546929851],[-71.9195397543934,41.0386244429066],[-71.9192178734465,41.0387570443814],[-71.9187012829203,41.0389228488389],[-71.9181148447286,41.0391327398727],[-71.9178397798015,41.0392104287311],[-71.917542694966,41.0392692507093],[-71.9166067432359,41.0393750488045],[-71.9163925390462,41.039408104299],[-71.9161738715201,41.0394483354856],[-71.9157557091226,41.0395586508596],[-71.9154295132225,41.0396094032204],[-71.9149245068615,41.039671997862],[-71.9146469912779,41.0396937263952],[-71.9144597442731,41.0396877450092],[-71.9143242038051,41.0396659850131],[-71.9142321167933,41.0396343036928],[-71.9140745060522,41.0395485353375],[-71.913966792416,41.0395262420424],[-71.9135746087365,41.0395241043662],[-71.9127607858713,41.0394910210259],[-71.9123445372273,41.0395245297854],[-71.9122496083579,41.0395109410296],[-71.9120646564212,41.0394613200327],[-71.9119240302857,41.0394433722636],[-71.9110363478758,41.039415045441],[-71.9104248860252,41.0393603136096],[-71.9102412551956,41.0393586966342],[-71.9100968357199,41.0393664371052],[-71.9097514770591,41.0394109068016],[-71.9092694375925,41.0394841692027],[-71.9090773432425,41.0395183137757],[-71.9088649439936,41.0395659158071],[-71.9086392878359,41.0396457693325],[-71.9079169593476,41.0399725803535],[-71.9074897839448,41.0401405701611],[-71.9072291990063,41.040210871087],[-71.9063110583597,41.0403973707605],[-71.9061959936647,41.0404114694387],[-71.9060821286648,41.0404098650515],[-71.9054736183886,41.0403293631418],[-71.9051295745328,41.0402984921189],[-71.9049009622978,41.0402941960641],[-71.9045315665495,41.0403364228517],[-71.9041131280546,41.0403516573836],[-71.9038988294353,41.0403705935192],[-71.9036161202674,41.0404312797919],[-71.9034478426717,41.0404801804432],[-71.9032507876617,41.0405495874407],[-71.9030818922328,41.0406203353268],[-71.9028809143806,41.0407230091528],[-71.9025104439512,41.0409274898571],[-71.9023786329796,41.0410233000536],[-71.9023035980249,41.0411040187221],[-71.9022340003743,41.0412049712411],[-71.9019756313919,41.0417347250984],[-71.901897640367,41.0418568404682],[-71.9018125779698,41.0419639776266],[-71.9016672384954,41.0421146491772],[-71.9014852363473,41.0422680375813],[-71.9012857684591,41.0424014448449],[-71.9010673779291,41.0425269398721],[-71.9008423090312,41.0426478312691],[-71.9004579296815,41.0428339514114],[-71.9000438834848,41.0429887103901],[-71.8997939078519,41.0430586668752],[-71.8994567357237,41.0431292133185],[-71.899013186353,41.0431868922629],[-71.8988452379065,41.043187402184],[-71.8985486665789,41.0431540706141],[-71.8984277409997,41.043159217439],[-71.8981790217193,41.0432156822921],[-71.8978629036287,41.0433258906434],[-71.8973477052566,41.0435476725133],[-71.8971488399127,41.0436522897745],[-71.8968995162928,41.0437999863704],[-71.8961811232485,41.0442946217098],[-71.8958174984653,41.044580063897],[-71.8955944152731,41.0447364929109],[-71.8953724193605,41.0448721916482],[-71.8949292378227,41.0451116496941],[-71.8946602963841,41.0452360961132],[-71.8942673743689,41.0453746888749],[-71.8940997379892,41.0454104486299],[-71.8937931805884,41.0454152186448],[-71.8935084911081,41.0453921609316],[-71.8931279122834,41.0453804814462],[-71.8930051781673,41.0453906608784],[-71.8928282086205,41.0454265240557],[-71.8926562968648,41.0455038172089],[-71.8921403466632,41.0457970682158],[-71.8916760355475,41.046041736036],[-71.8915916917049,41.0460794796931],[-71.8914320916707,41.046134322166],[-71.8913292073994,41.0461814907205],[-71.8903839620936,41.0466677120086],[-71.89009140625,41.0468084073824],[-71.8899019981781,41.0468828604767],[-71.8895309620704,41.047007342872],[-71.8890412936546,41.0471208688286],[-71.8886173135388,41.047193740922],[-71.8884845420877,41.0472328884225],[-71.8880532181111,41.0474019619136],[-71.8879548700214,41.0474474550307],[-71.8878320486745,41.0475182757604],[-71.8875123575822,41.0477336157789],[-71.8872139930159,41.0478816010589],[-71.887040959805,41.0479532410727],[-71.8867526856326,41.0480508139458],[-71.8857523505255,41.0483083591782],[-71.8853706943206,41.0484363219509],[-71.8849225269327,41.0485492975209],[-71.8846579705873,41.0486288084058],[-71.8845008949512,41.0486898723897],[-71.8836551875349,41.0490650858359],[-71.8834200615129,41.0491440319455],[-71.8831927541974,41.0491908785467],[-71.882990587437,41.0492193564907],[-71.8828075744428,41.0492338724567],[-71.8822993664918,41.0492525388051],[-71.8821268701733,41.0492726422596],[-71.8818930949312,41.0493115802214],[-71.8811074676317,41.0494879661129],[-71.8806753414568,41.0496092559163],[-71.8800981581861,41.0497285087596],[-71.8798150982842,41.0498196676665],[-71.8796143371658,41.0498705405325],[-71.8790783131847,41.0500657816056],[-71.8787175985983,41.0501686110194],[-71.8781663230087,41.0503458116893],[-71.8775150184979,41.0506003351877],[-71.8774098319604,41.0506304849686],[-71.877165817934,41.0506780303437],[-71.876968751232,41.0507337145834],[-71.8764501974858,41.0509136150175],[-71.8760195659868,41.0510741926115],[-71.875906320623,41.0511243190372],[-71.8747759875898,41.0516846417843],[-71.8744130202067,41.0518903059964],[-71.8743246087308,41.051956186748],[-71.8739109834282,41.0523131556304],[-71.8738572408289,41.0523879864355],[-71.8738098429513,41.0525101072003],[-71.8737623083742,41.0525866709993],[-71.8737171650992,41.0527369036773],[-71.8736291700167,41.0529312607022],[-71.8735727258608,41.0531424575347],[-71.8734318542331,41.0535305798294],[-71.8734134810853,41.0536653666474],[-71.8734259268247,41.0539784099207],[-71.8734130134681,41.0542054060446],[-71.8733809382485,41.0543977845589],[-71.8733096480824,41.0546624326082],[-71.8732099771038,41.0549594517617],[-71.8731481397077,41.0550983322959],[-71.8730393999553,41.0552650153781],[-71.87291173936,41.0554284743906],[-71.8728122167586,41.0555305033993],[-71.8726305284745,41.0556897661762],[-71.8722423405005,41.0559793542396],[-71.8719028292509,41.0563318355017],[-71.8715041084172,41.0566859724179],[-71.8710392936932,41.0571465342287],[-71.8706207068314,41.0575420588535],[-71.8704331909383,41.0576978556427],[-71.8702789697544,41.0578119166851],[-71.869996730039,41.0579842682009],[-71.8697852975645,41.058083285383],[-71.8696548436678,41.0581352509232],[-71.869417744532,41.0582035184808],[-71.8691232506439,41.0582592279046],[-71.8689403248851,41.058293832031],[-71.8687945627234,41.058342019519],[-71.8683966332864,41.058570552597],[-71.8680372919682,41.0587257009805],[-71.8678725055437,41.058810751687],[-71.8676731374796,41.0589316071103],[-71.8675255344088,41.0590473912539],[-71.867441915423,41.0591376616239],[-71.8672610823985,41.05937198633],[-71.8669372823106,41.059732316876],[-71.8668189054195,41.0598897441342],[-71.8666554922695,41.060137566767],[-71.8664254159651,41.060620073831],[-71.8662773398634,41.0609588862885],[-71.866247807923,41.06107480083],[-71.866195687716,41.0614133992457],[-71.8661622599113,41.0615287121408],[-71.8661275424756,41.0615966046744],[-71.8660372046549,41.0617297304466],[-71.8659246634651,41.0618629029842],[-71.8656447350124,41.062110519676],[-71.8653783368614,41.0623060161479],[-71.8651446146881,41.0625033094646],[-71.8648435485607,41.0627057936713],[-71.8644935512041,41.0629072031895],[-71.8643604326161,41.0629732314314],[-71.8642563522455,41.0630113959719],[-71.8637713657035,41.0631538315404],[-71.8635161308361,41.0632706517067],[-71.8630526075295,41.063565103307],[-71.8628389735168,41.0637161237968],[-71.8626182033802,41.0638488403815],[-71.8623252410457,41.0640396594794],[-71.8617944763133,41.0644420953992],[-71.8610208433046,41.0651321975259],[-71.8608138507904,41.06533648577],[-71.8605602625921,41.0656288626272],[-71.8603676745261,41.0658751905874],[-71.8601880834677,41.0661432713531],[-71.8600884403632,41.0663527531795],[-71.8599085129617,41.0666826200799],[-71.8598276072391,41.0669095667432],[-71.8596943519792,41.0674221219583],[-71.8594813007467,41.0679177393412],[-71.8591962398758,41.0684195998213],[-71.8590317160666,41.0687372134558],[-71.8589563195869,41.0688627624378],[-71.8587966539122,41.0690952174523],[-71.8586613023122,41.0692564893135],[-71.8585185708721,41.0694005526442],[-71.8584030745072,41.0694994412202],[-71.85826545841,41.0695966075948],[-71.8580304987662,41.0697392185231],[-71.8576891690777,41.069930493579],[-71.8574600325468,41.0700863146512],[-71.8573410917757,41.07015778649],[-71.8572208191073,41.0702106243724],[-71.857009803916,41.0702693177447],[-71.8567620226326,41.0703937479754],[-71.8566494841374,41.0704670975988],[-71.8563823611346,41.070700150666],[-71.8562953148314,41.0707918068918],[-71.8562467658192,41.0708775968374],[-71.8562246874631,41.0710069967154],[-71.8562263062497,41.0711208868816],[-71.8562455553519,41.0712437783633],[-71.8562694278676,41.0713192737652],[-71.8563129424817,41.0713793107167],[-71.8563614537301,41.0714310559171],[-71.8564454702253,41.0714988711052],[-71.856599973808,41.0715901738895],[-71.856700006335,41.071662529755],[-71.8568005343896,41.0717523054919],[-71.857019749618,41.07198002916],[-71.8572315220513,41.0721442471896],[-71.8573080319054,41.0722556723112],[-71.8574457208725,41.0725976117028],[-71.8575366243829,41.0727493930092],[-71.8576164059702,41.0728347431822],[-71.8579112101419,41.0730877189165],[-71.858047877465,41.0731846874314],[-71.8585178237608,41.0734053118418],[-71.8587115800646,41.0734799420902],[-71.859170132841,41.0736167748508],[-71.8594491916671,41.0736896001567],[-71.8597864555343,41.0737650191061],[-71.8599460375886,41.0738267611687],[-71.8601019045431,41.0739036280327],[-71.8602904429811,41.0740204086144],[-71.8604531861577,41.0741574877989],[-71.8605679378964,41.0742844235296],[-71.8607487691498,41.0745390117523],[-71.8609660940019,41.0747523885331],[-71.8611272103031,41.0748684361682],[-71.8613614073362,41.0749864083504],[-71.8615942266052,41.0750627706921],[-71.8619407130237,41.0751495777584],[-71.8623179050045,41.0752340528812],[-71.8625336731211,41.0752947130575],[-71.8631776976455,41.0755343122618],[-71.8635188663744,41.0756838290668],[-71.8636962343264,41.0757412049196],[-71.8640002511455,41.0758057627555],[-71.8644501902079,41.0758625576373],[-71.8647671141004,41.0759122703609],[-71.8652031622292,41.0759532182862],[-71.8655700605643,41.0759960799715],[-71.8658694260859,41.0760200693821],[-71.8660756218121,41.0760195738489],[-71.8662806376259,41.0759932713653],[-71.8675960970755,41.0756781218365],[-71.8677546296155,41.0756504928541],[-71.8680709059911,41.0756143994458],[-71.8682695456083,41.0755666409327],[-71.8683779634102,41.0755224932014],[-71.868486963972,41.0754607664185],[-71.8688054742523,41.0752136992113],[-71.8689588644635,41.0751182937092],[-71.8691368700273,41.0750414214385],[-71.8694691669272,41.074938690951],[-71.8698135902905,41.0748533650461],[-71.8699837240886,41.0748230731702],[-71.8702226056842,41.0748075310758],[-71.8704959403197,41.0748108081971],[-71.8713604579878,41.0748896445539],[-71.871779267008,41.0749544766794],[-71.872068357774,41.0750128723599],[-71.8722594502835,41.07506065784],[-71.8723064173932,41.0750724020874],[-71.872560162994,41.0751561352734],[-71.8728621104753,41.0752704373194],[-71.8730705041485,41.0753274345565],[-71.8735663985832,41.0753985736263],[-71.8739996579159,41.0754841567123],[-71.8745274072441,41.0755006358756],[-71.874829586746,41.0755358946929],[-71.875193514622,41.0756250858618],[-71.8756387250543,41.0757992917565],[-71.8758017362237,41.0758457921061],[-71.8761224075924,41.0758962521663],[-71.8768902750901,41.0759969096806],[-71.8770870953832,41.0760363332625],[-71.8772288043041,41.0760761507493],[-71.8773345960894,41.0761152298937],[-71.8778712487208,41.0763454033053],[-71.8780517103432,41.0764324684824],[-71.8784354062299,41.0766358627811],[-71.8787687112835,41.0767700713235],[-71.8790207499703,41.0768497674521],[-71.879345571713,41.0769257628673],[-71.8794561559859,41.076942981287],[-71.8795811941668,41.0769495076643],[-71.8800289181937,41.0769239066442],[-71.8804236388618,41.0769305364349],[-71.8805745388546,41.0769260200338],[-71.8808747758169,41.076902282414],[-71.8811104504274,41.0768560815259],[-71.8816673332934,41.0767092446721],[-71.881942628446,41.0766125243569],[-71.8822251685401,41.0765311491764],[-71.8824096726079,41.0764668485309],[-71.8825904166086,41.0763953380193],[-71.8828069266563,41.0762818183668],[-71.8832191867966,41.0760866213645],[-71.883775885298,41.0758772807169],[-71.8840304447766,41.075800713314],[-71.8842206730322,41.0757583084664],[-71.8843782037276,41.0757362723689],[-71.8848586037328,41.0757192050163],[-71.8850854065297,41.0756957722691],[-71.8854428763623,41.0756130112307],[-71.885693805279,41.0755808667485],[-71.8859507056967,41.0755602165033],[-71.8861192539899,41.0755360651996],[-71.886399686973,41.0754765957099],[-71.8865754802058,41.0754329390063],[-71.886845789517,41.0753658099897],[-71.8870089050037,41.0753379552772],[-71.8871944046237,41.075317142257],[-71.8875329428258,41.0753056156331],[-71.888127542381,41.0753304414039],[-71.8884431460658,41.0753356547646],[-71.8889973219786,41.0753131887782],[-71.8895781259276,41.0753085383643],[-71.8900658841868,41.0752664419746],[-71.890300570445,41.0752737651479],[-71.8906082978665,41.0753097713018],[-71.8917082419403,41.0754901258413],[-71.8920570854795,41.0755224204911],[-71.8922882733754,41.0755567961762],[-71.8925996088794,41.075616350183],[-71.8931917838692,41.0757752298236],[-71.8934751045852,41.0758725355795],[-71.8936306252998,41.0759337659281],[-71.8941034188505,41.0761627504377],[-71.8946267282397,41.0764519850379],[-71.8950886543797,41.0766873151655],[-71.8955062115524,41.0769142339338],[-71.8964168905614,41.0774315402344],[-71.89670219069,41.0776009275657],[-71.8970878498002,41.0778554546279],[-71.8973683880203,41.078084478714],[-71.8975591208086,41.0782686509057],[-71.8981633719278,41.0789409985686],[-71.8984769746381,41.0792614549453],[-71.8987892364619,41.0796363419001],[-71.8989617759621,41.079869190807],[-71.8990702432366,41.079999869517],[-71.8991603994065,41.0800867935034],[-71.8995649946533,41.0804376757466],[-71.8997179199293,41.0805978135531],[-71.8998461875846,41.0807475012363],[-71.9003162436224,41.0814030990271],[-71.9005095736619,41.0817336323132],[-71.9007997787183,41.0823262056085],[-71.9009596485785,41.0827906830481],[-71.9011696952351,41.0833603928772],[-71.9012387281263,41.0835253528522],[-71.9013304841962,41.0837109019095],[-71.9016788385402,41.0843825903775],[-71.9017678040149,41.0846039441505],[-71.9019872153177,41.0852213009699],[-71.9020509278166,41.0853613227399],[-71.9020989723182,41.0854389324474],[-71.902152970333,41.0855052556609],[-71.9022122006045,41.0855587671299],[-71.9022819376585,41.0856044041331],[-71.9023622957087,41.0856420470607],[-71.902456515913,41.0856716590405],[-71.9025495984739,41.0856898838024],[-71.9026595577174,41.0857003123393],[-71.903014763061,41.0857008914913],[-71.9032197941642,41.0856908505521],[-71.9036502871742,41.0856483692544],[-71.9039686679631,41.0855968767516],[-71.904153981422,41.0855513206791],[-71.9046437154859,41.0853948403952],[-71.9053418153404,41.085230808496],[-71.9055642681128,41.085167199428],[-71.9058362105921,41.0850774335716],[-71.9063144675024,41.0848874013747],[-71.9067397498309,41.0847065521586],[-71.9072553034384,41.0845380389426],[-71.9074311497299,41.0844709468012],[-71.9076136060398,41.0843907110653],[-71.9103069513579,41.0830358235945],[-71.911399869883,41.0824609866873],[-71.911690160334,41.0823254831007],[-71.9123037589568,41.0820642407672],[-71.9127944004325,41.0818293890482],[-71.91303766532,41.0817227204316],[-71.9135068327795,41.0815332260296],[-71.9138892938774,41.0813956189254],[-71.9143761204304,41.0812071857231],[-71.9150226477421,41.0809738259747],[-71.915500368658,41.0808152520691],[-71.915911679118,41.0806919288988],[-71.9162629166462,41.0806001413634],[-71.916634649731,41.0805169054824],[-71.9179466602826,41.0802607811691],[-71.9184826509945,41.0801684630277],[-71.9187888342751,41.0801262488327],[-71.9193525807739,41.0800623348834],[-71.9202659873936,41.0799782248437],[-71.9211680004999,41.0799169593875],[-71.9222296864895,41.0798716559962],[-71.9232352017059,41.0798393379203],[-71.9249738651765,41.0798132557209],[-71.9258468733408,41.0797878777189],[-71.9264599386779,41.0797478048001],[-71.9270026248465,41.0796889126669],[-71.9274719155203,41.0796272461269],[-71.9282148717763,41.0794991547394],[-71.9292222287948,41.0792881593244],[-71.9305250752492,41.0789879313502],[-71.9316606603433,41.0787559313612],[-71.9328888252768,41.0785376703147],[-71.9332100146498,41.0784917823879],[-71.9335892984472,41.0784492615216],[-71.9340718388381,41.0784078270333],[-71.9346469734577,41.0783799462271],[-71.9351149520235,41.0783744081857],[-71.935718194965,41.0783879960256],[-71.9360005399118,41.0784055256053],[-71.9362496854755,41.0784311095158],[-71.93669093079,41.0785061174714],[-71.9368736227296,41.0785531412259],[-71.9369958658203,41.0786248342902]]},"properties":{"FID":40336,"SOURCE_ID":"GC11176","SRC_DATE":"20140603","HOR_ACC":"1.4","INFORM":" ","ATTRIBUTE":"Natural.Mean High Water","VER_DATE":" ","SRC_RESOLU":0,"DATA_SOURC":"Lidar","EX_METH":"Derived","EXT_METH":"Derived","DAT_SET_CR":"NOAA","SRC_CITA":" ","FIPS_ALPHA":"NY","NOAA_Regio":"North Atlantic","Shape_Leng":0.177214451061,"Shape__Length":0.17721445106136205}},{"type":"Feature","id":40337,"geometry":{"type":"LineString","coordinates":[[-71.9395070497441,41.0762567272421],[-71.9391889054817,41.076390286495],[-71.9386998890813,41.0766218898621],[-71.938554881453,41.0767044737271],[-71.9384590622592,41.0767738906139],[-71.9384229086039,41.076811097374],[-71.9384107030034,41.0768505011776]]},"properties":{"FID":40337,"SOURCE_ID":"GC11176","SRC_DATE":"20140603","HOR_ACC":"1.4","INFORM":" ","ATTRIBUTE":"Natural.Mean High Water","VER_DATE":" ","SRC_RESOLU":0,"DATA_SOURC":"Lidar","EX_METH":"Derived","EXT_METH":"Derived","DAT_SET_CR":"NOAA","SRC_CITA":" ","FIPS_ALPHA":"NY","NOAA_Regio":"North Atlantic","Shape_Leng":0.00126445700888,"Shape__Length":0.0012644570088840546}},{"type":"Feature","id":40342,"geometry":{"type":"LineString","coordinates":[[-71.9383599227682,41.0768590429417],[-71.9384411190038,41.077197125142],[-71.93851516652,41.0774246752456],[-71.9385733454926,41.0776371140384],[-71.9388581384511,41.0786507688841],[-71.9388645119504,41.0786850222687],[-71.9389196305339,41.0789812491144],[-71.9389640822395,41.0790005404739],[-71.9389960657385,41.0789899536517],[-71.9390129756942,41.0789513232651],[-71.9389284285874,41.0786811992478],[-71.9389233168383,41.0786648657578],[-71.9386700784124,41.0778238852743],[-71.9386383970766,41.0776742659366],[-71.9385314433472,41.0772880708975],[-71.9384968589986,41.0771318892056],[-71.9384365504336,41.0769721201181],[-71.9384107030034,41.0768505011776]]},"properties":{"FID":40342,"SOURCE_ID":"GC11176","SRC_DATE":"20140607","HOR_ACC":"0.6","INFORM":" ","ATTRIBUTE":"Jetty.Bare","VER_DATE":" ","SRC_RESOLU":0,"DATA_SOURC":"Lidar","EX_METH":"Derived","EXT_METH":"Derived","DAT_SET_CR":"NOAA","SRC_CITA":" ","FIPS_ALPHA":"NY","NOAA_Regio":"North Atlantic","Shape_Leng":0.00450780589648,"Shape__Length":0.0045078058964807786}},{"type":"Feature","id":40343,"geometry":{"type":"LineString","coordinates":[[-71.9370406214957,41.0786235410633],[-71.9370578920834,41.0786522006633],[-71.9370923909909,41.0787094551122],[-71.9372277201495,41.0792873415813],[-71.937280459118,41.0794400608822],[-71.9372926215557,41.0794832778111],[-71.937259897016,41.0795098096164],[-71.9372281131663,41.0795161138662],[-71.9372038350594,41.0794964043211],[-71.9371948175519,41.0794532719283],[-71.9371375334043,41.0792289431964],[-71.9370062709822,41.0786692050496],[-71.9369958658203,41.0786248342902]]},"properties":{"FID":40343,"SOURCE_ID":"GC11176","SRC_DATE":"20140607","HOR_ACC":"0.6","INFORM":" ","ATTRIBUTE":"Jetty.Bare","VER_DATE":" ","SRC_RESOLU":0,"DATA_SOURC":"Lidar","EX_METH":"Derived","EXT_METH":"Derived","DAT_SET_CR":"NOAA","SRC_CITA":" ","FIPS_ALPHA":"NY","NOAA_Regio":"North Atlantic","Shape_Leng":0.00190218398835,"Shape__Length":0.0019021839883495125}},{"type":"Feature","id":83433,"geometry":{"type":"LineString","coordinates":[[-71.9120852135239,41.0623731373524],[-71.9121187600468,41.0623926193687]]},"properties":{"FID":83433,"SOURCE_ID":"GC11249","SRC_DATE":"20140428","HOR_ACC":"0.6","INFORM":" ","ATTRIBUTE":"Natural.Mean High Water","VER_DATE":" ","SRC_RESOLU":0,"DATA_SOURC":"Aerial Photography","EX_METH":"Stereo","EXT_METH":"Stereo","DAT_SET_CR":"NOAA","SRC_CITA":" ","FIPS_ALPHA":"NY","NOAA_Regio":"North Atlantic","Shape_Leng":3.8793262917E-05,"Shape__Length":3.87932629172969E-05}},{"type":"Feature","id":83434,"geometry":{"type":"LineString","coordinates":[[-71.9145093289121,41.0645334837205],[-71.9145672776501,41.0646007080548],[-71.9145842316762,41.0646257919496]]},"properties":{"FID":83434,"SOURCE_ID":"GC11249","SRC_DATE":"20140428","HOR_ACC":"0.6","INFORM":" ","ATTRIBUTE":"Natural.Mean High Water","VER_DATE":" ","SRC_RESOLU":0,"DATA_SOURC":"Aerial Photography","EX_METH":"Stereo","EXT_METH":"Stereo","DAT_SET_CR":"NOAA","SRC_CITA":" ","FIPS_ALPHA":"NY","NOAA_Regio":"North Atlantic","Shape_Leng":0.000119029452796,"Shape__Length":0.00011902945279558564}},{"type":"Feature","id":83435,"geometry":{"type":"LineString","coordinates":[[-71.9150426019362,41.0655805016141],[-71.9150880357102,41.0657484527356],[-71.9151067919829,41.0658552724299]]},"properties":{"FID":83435,"SOURCE_ID":"GC11249","SRC_DATE":"20140428","HOR_ACC":"0.6","INFORM":" ","ATTRIBUTE":"Natural.Mean High Water","VER_DATE":" ","SRC_RESOLU":0,"DATA_SOURC":"Aerial Photography","EX_METH":"Stereo","EXT_METH":"Stereo","DAT_SET_CR":"NOAA","SRC_CITA":" ","FIPS_ALPHA":"NY","NOAA_Regio":"North Atlantic","Shape_Leng":0.000282441775609,"Shape__Length":0.00028244177560908317}},{"type":"Feature","id":83436,"geometry":{"type":"LineString","coordinates":[[-71.9151335944893,41.0659045786692],[-71.9151838612151,41.0659591612312],[-71.9152051859479,41.0659868909319],[-71.9152479235505,41.0661021786435]]},"properties":{"FID":83436,"SOURCE_ID":"GC11249","SRC_DATE":"20140428","HOR_ACC":"0.6","INFORM":" ","ATTRIBUTE":"Natural.Mean High Water","VER_DATE":" ","SRC_RESOLU":0,"DATA_SOURC":"Aerial Photography","EX_METH":"Stereo","EXT_METH":"Stereo","DAT_SET_CR":"NOAA","SRC_CITA":" ","FIPS_ALPHA":"NY","NOAA_Regio":"North Atlantic","Shape_Leng":0.000232137811038,"Shape__Length":0.00023213781103796334}},{"type":"Feature","id":83437,"geometry":{"type":"LineString","coordinates":[[-71.9151311375922,41.0668178673656],[-71.9151613323442,41.0668974483881],[-71.9151843657908,41.0669504211642]]},"properties":{"FID":83437,"SOURCE_ID":"GC11249","SRC_DATE":"20140428","HOR_ACC":"0.6","INFORM":" ","ATTRIBUTE":"Natural.Mean High Water","VER_DATE":" ","SRC_RESOLU":0,"DATA_SOURC":"Aerial Photography","EX_METH":"Stereo","EXT_METH":"Stereo","DAT_SET_CR":"NOAA","SRC_CITA":" ","FIPS_ALPHA":"NY","NOAA_Regio":"North Atlantic","Shape_Leng":0.000142880507889,"Shape__Length":0.00014288050788880267}},{"type":"Feature","id":83438,"geometry":{"type":"LineString","coordinates":[[-71.9390467257212,41.0676105453865],[-71.939084605176,41.0675762704167]]},"properties":{"FID":83438,"SOURCE_ID":"GC11249","SRC_DATE":"20140428","HOR_ACC":"0.6","INFORM":" ","ATTRIBUTE":"Natural.Mean High Water","VER_DATE":" ","SRC_RESOLU":0,"DATA_SOURC":"Aerial Photography","EX_METH":"Stereo","EXT_METH":"Stereo","DAT_SET_CR":"NOAA","SRC_CITA":" ","FIPS_ALPHA":"NY","NOAA_Regio":"North Atlantic","Shape_Leng":5.1084492051E-05,"Shape__Length":5.1084492050955042E-05}},{"type":"Feature","id":83439,"geometry":{"type":"LineString","coordinates":[[-71.9347283687183,41.0676660031304],[-71.9347202334503,41.0676978877007]]},"properties":{"FID":83439,"SOURCE_ID":"GC11249","SRC_DATE":"20140428","HOR_ACC":"0.6","INFORM":" ","ATTRIBUTE":"Natural.Mean High Water","VER_DATE":" ","SRC_RESOLU":0,"DATA_SOURC":"Aerial Photography","EX_METH":"Stereo","EXT_METH":"Stereo","DAT_SET_CR":"NOAA","SRC_CITA":" ","FIPS_ALPHA":"NY","NOAA_Regio":"North Atlantic","Shape_Leng":3.2906047826E-05,"Shape__Length":3.2906047825898061E-05}},{"type":"Feature","id":83472,"geometry":{"type":"LineString","coordinates":[[-71.9124745392492,41.0480639036494],[-71.9123054909344,41.0481155598239],[-71.9121703596631,41.0481833750192]]},"properties":{"FID":83472,"SOURCE_ID":"GC11249","SRC_DATE":"20140428","HOR_ACC":"0.6","INFORM":" ","ATTRIBUTE":"Natural.Mean High Water","VER_DATE":" ","SRC_RESOLU":0,"DATA_SOURC":"Aerial Photography","EX_METH":"Stereo","EXT_METH":"Stereo","DAT_SET_CR":"NOAA","SRC_CITA":" ","FIPS_ALPHA":"NY","NOAA_Regio":"North Atlantic","Shape_Leng":0.000327957540848,"Shape__Length":0.00032795754084821911}},{"type":"Feature","id":83473,"geometry":{"type":"LineString","coordinates":[[-71.9077962341015,41.0521034325941],[-71.9078767909016,41.0521347487899],[-71.9078969869841,41.0521481289053]]},"properties":{"FID":83473,"SOURCE_ID":"GC11249","SRC_DATE":"20140428","HOR_ACC":"0.6","INFORM":" ","ATTRIBUTE":"Natural.Mean High Water","VER_DATE":" ","SRC_RESOLU":0,"DATA_SOURC":"Aerial Photography","EX_METH":"Stereo","EXT_METH":"Stereo","DAT_SET_CR":"NOAA","SRC_CITA":" ","FIPS_ALPHA":"NY","NOAA_Regio":"North Atlantic","Shape_Leng":0.000110655928073,"Shape__Length":0.00011065592807342629}},{"type":"Feature","id":83474,"geometry":{"type":"LineString","coordinates":[[-71.908192369415,41.0523114494086],[-71.9081191366977,41.0523110267295]]},"properties":{"FID":83474,"SOURCE_ID":"GC11249","SRC_DATE":"20140428","HOR_ACC":"0.6","INFORM":" ","ATTRIBUTE":"Natural.Mean High Water","VER_DATE":" ","SRC_RESOLU":0,"DATA_SOURC":"Aerial Photography","EX_METH":"Stereo","EXT_METH":"Stereo","DAT_SET_CR":"NOAA","SRC_CITA":" ","FIPS_ALPHA":"NY","NOAA_Regio":"North Atlantic","Shape_Leng":7.3233913321E-05,"Shape__Length":7.323391332086888E-05}},{"type":"Feature","id":83475,"geometry":{"type":"LineString","coordinates":[[-71.907541962536,41.0544841588587],[-71.9075344639945,41.0546278498657],[-71.9075166511196,41.0546753079993]]},"properties":{"FID":83475,"SOURCE_ID":"GC11249","SRC_DATE":"20140428","HOR_ACC":"0.6","INFORM":" ","ATTRIBUTE":"Natural.Mean High Water","VER_DATE":" ","SRC_RESOLU":0,"DATA_SOURC":"Aerial Photography","EX_METH":"Stereo","EXT_METH":"Stereo","DAT_SET_CR":"NOAA","SRC_CITA":" ","FIPS_ALPHA":"NY","NOAA_Regio":"North Atlantic","Shape_Leng":0.000194577447248,"Shape__Length":0.00019457744724762647}},{"type":"Feature","id":83476,"geometry":{"type":"LineString","coordinates":[[-71.9303814036982,41.0575621702645],[-71.930332911338,41.0575534423439],[-71.9302581740578,41.0576129271154]]},"properties":{"FID":83476,"SOURCE_ID":"GC11249","SRC_DATE":"20140428","HOR_ACC":"0.6","INFORM":" ","ATTRIBUTE":"Natural.Mean High Water","VER_DATE":" ","SRC_RESOLU":0,"DATA_SOURC":"Aerial Photography","EX_METH":"Stereo","EXT_METH":"Stereo","DAT_SET_CR":"NOAA","SRC_CITA":" ","FIPS_ALPHA":"NY","NOAA_Regio":"North Atlantic","Shape_Leng":0.000144791658716,"Shape__Length":0.00014479165871613404}},{"type":"Feature","id":83477,"geometry":{"type":"LineString","coordinates":[[-71.9286057825723,41.0575187762261],[-71.9284423900889,41.0574485742394]]},"properties":{"FID":83477,"SOURCE_ID":"GC11249","SRC_DATE":"20140428","HOR_ACC":"0.6","INFORM":" ","ATTRIBUTE":"Natural.Mean High Water","VER_DATE":" ","SRC_RESOLU":0,"DATA_SOURC":"Aerial Photography","EX_METH":"Stereo","EXT_METH":"Stereo","DAT_SET_CR":"NOAA","SRC_CITA":" ","FIPS_ALPHA":"NY","NOAA_Regio":"North Atlantic","Shape_Leng":0.000177835325006,"Shape__Length":0.00017783532500616664}},{"type":"Feature","id":83478,"geometry":{"type":"LineString","coordinates":[[-71.9318751998007,41.0596262927821],[-71.9318209005165,41.059624289094]]},"properties":{"FID":83478,"SOURCE_ID":"GC11249","SRC_DATE":"20140428","HOR_ACC":"0.6","INFORM":" ","ATTRIBUTE":"Natural.Mean High Water","VER_DATE":" ","SRC_RESOLU":0,"DATA_SOURC":"Aerial Photography","EX_METH":"Stereo","EXT_METH":"Stereo","DAT_SET_CR":"NOAA","SRC_CITA":" ","FIPS_ALPHA":"NY","NOAA_Regio":"North Atlantic","Shape_Leng":5.4336222836E-05,"Shape__Length":5.4336222835731126E-05}},{"type":"Feature","id":83479,"geometry":{"type":"LineString","coordinates":[[-71.9327758172001,41.0602984488799],[-71.9326536946183,41.060220974073],[-71.9326065845158,41.0602008445453]]},"properties":{"FID":83479,"SOURCE_ID":"GC11249","SRC_DATE":"20140428","HOR_ACC":"0.6","INFORM":" ","ATTRIBUTE":"Natural.Mean High Water","VER_DATE":" ","SRC_RESOLU":0,"DATA_SOURC":"Aerial Photography","EX_METH":"Stereo","EXT_METH":"Stereo","DAT_SET_CR":"NOAA","SRC_CITA":" ","FIPS_ALPHA":"NY","NOAA_Regio":"North Atlantic","Shape_Leng":0.000195854982458,"Shape__Length":0.00019585498245782126}},{"type":"Feature","id":83480,"geometry":{"type":"LineString","coordinates":[[-71.90750233959,41.0597459609824],[-71.9074582835994,41.0599613684411],[-71.9074815553713,41.0600989413581],[-71.9075933456457,41.060299811268]]},"properties":{"FID":83480,"SOURCE_ID":"GC11249","SRC_DATE":"20140428","HOR_ACC":"0.6","INFORM":" ","ATTRIBUTE":"Natural.Mean High Water","VER_DATE":" ","SRC_RESOLU":0,"DATA_SOURC":"Aerial Photography","EX_METH":"Stereo","EXT_METH":"Stereo","DAT_SET_CR":"NOAA","SRC_CITA":" ","FIPS_ALPHA":"NY","NOAA_Regio":"North Atlantic","Shape_Leng":0.000589275901499,"Shape__Length":0.00058927590149914107}},{"type":"Feature","id":83481,"geometry":{"type":"LineString","coordinates":[[-71.9328766609211,41.060465558234],[-71.9328576159695,41.0604220409317],[-71.9328290876631,41.0603643458147]]},"properties":{"FID":83481,"SOURCE_ID":"GC11249","SRC_DATE":"20140428","HOR_ACC":"0.6","INFORM":" ","ATTRIBUTE":"Natural.Mean High Water","VER_DATE":" ","SRC_RESOLU":0,"DATA_SOURC":"Aerial Photography","EX_METH":"Stereo","EXT_METH":"Stereo","DAT_SET_CR":"NOAA","SRC_CITA":" ","FIPS_ALPHA":"NY","NOAA_Regio":"North Atlantic","Shape_Leng":0.000111865207135,"Shape__Length":0.00011186520713531872}},{"type":"Feature","id":83482,"geometry":{"type":"LineString","coordinates":[[-71.9117397739113,41.062190046151],[-71.9117765094305,41.0621964106532],[-71.9118065405019,41.0622069875809]]},"properties":{"FID":83482,"SOURCE_ID":"GC11249","SRC_DATE":"20140428","HOR_ACC":"0.6","INFORM":" ","ATTRIBUTE":"Natural.Mean High Water","VER_DATE":" ","SRC_RESOLU":0,"DATA_SOURC":"Aerial Photography","EX_METH":"Stereo","EXT_METH":"Stereo","DAT_SET_CR":"NOAA","SRC_CITA":" ","FIPS_ALPHA":"NY","NOAA_Regio":"North Atlantic","Shape_Leng":6.9121983442E-05,"Shape__Length":6.9121983441811227E-05}},{"type":"Feature","id":83826,"geometry":{"type":"LineString","coordinates":[[-71.9436509813144,41.0750220260454],[-71.9435895027418,41.0750533602323],[-71.9431268517691,41.0751900913993],[-71.9425219945543,41.0753585785378],[-71.9424509552853,41.0753781747714]]},"properties":{"FID":83826,"SOURCE_ID":"GC11249","SRC_DATE":"20140607","HOR_ACC":"0.6","INFORM":" ","ATTRIBUTE":"Man-made.Rip Rap","VER_DATE":" ","SRC_RESOLU":0,"DATA_SOURC":"Aerial Photography","EX_METH":"Stereo","EXT_METH":"Stereo","DAT_SET_CR":"NOAA","SRC_CITA":" ","FIPS_ALPHA":"NY","NOAA_Regio":"North Atlantic","Shape_Leng":0.00125301358391,"Shape__Length":0.0012530135839077462}},{"type":"Feature","id":83827,"geometry":{"type":"LineString","coordinates":[[-71.9082186835839,41.0522652548225],[-71.908206526546,41.0522888044746],[-71.908192369415,41.0523114494086]]},"properties":{"FID":83827,"SOURCE_ID":"GC11249","SRC_DATE":"20140428","HOR_ACC":"0.6","INFORM":" ","ATTRIBUTE":"Man-made.Rip Rap","VER_DATE":" ","SRC_RESOLU":0,"DATA_SOURC":"Aerial Photography","EX_METH":"Stereo","EXT_METH":"Stereo","DAT_SET_CR":"NOAA","SRC_CITA":" ","FIPS_ALPHA":"NY","NOAA_Regio":"North Atlantic","Shape_Leng":5.3208565529E-05,"Shape__Length":5.32085655293606E-05}},{"type":"Feature","id":83828,"geometry":{"type":"LineString","coordinates":[[-71.9318679491172,41.0694084742028],[-71.9318647070586,41.0693805925161]]},"properties":{"FID":83828,"SOURCE_ID":"GC11249","SRC_DATE":"20140428","HOR_ACC":"0.6","INFORM":" ","ATTRIBUTE":"Man-made.Rip Rap","VER_DATE":" ","SRC_RESOLU":0,"DATA_SOURC":"Aerial Photography","EX_METH":"Stereo","EXT_METH":"Stereo","DAT_SET_CR":"NOAA","SRC_CITA":" ","FIPS_ALPHA":"NY","NOAA_Regio":"North Atlantic","Shape_Leng":2.8069540128E-05,"Shape__Length":2.8069540127711497E-05}},{"type":"Feature","id":83879,"geometry":{"type":"LineString","coordinates":[[-71.9702679950637,41.0407476439054],[-71.9703470437002,41.0407768439961],[-71.9703896769756,41.0407891116491]]},"properties":{"FID":83879,"SOURCE_ID":"GC11249","SRC_DATE":"20140428","HOR_ACC":"0.6","INFORM":" ","ATTRIBUTE":"Natural.Mean High Water","VER_DATE":" ","SRC_RESOLU":0,"DATA_SOURC":"Aerial Photography","EX_METH":"Stereo","EXT_METH":"Stereo","DAT_SET_CR":"NOAA","SRC_CITA":" ","FIPS_ALPHA":"NY","NOAA_Regio":"North Atlantic","Shape_Leng":0.000128632538916,"Shape__Length":0.00012863253891562369}},{"type":"Feature","id":83880,"geometry":{"type":"LineString","coordinates":[[-71.9718198198383,41.0410114231568],[-71.9718284695213,41.0410245343752],[-71.9718434198563,41.041033312659],[-71.9718975572627,41.0410399055884]]},"properties":{"FID":83880,"SOURCE_ID":"GC11249","SRC_DATE":"20140428","HOR_ACC":"0.6","INFORM":" ","ATTRIBUTE":"Natural.Mean High Water","VER_DATE":" ","SRC_RESOLU":0,"DATA_SOURC":"Aerial Photography","EX_METH":"Stereo","EXT_METH":"Stereo","DAT_SET_CR":"NOAA","SRC_CITA":" ","FIPS_ALPHA":"NY","NOAA_Regio":"North Atlantic","Shape_Leng":8.7581684535E-05,"Shape__Length":8.7581684535346146E-05}},{"type":"Feature","id":83881,"geometry":{"type":"LineString","coordinates":[[-71.9771443288937,41.0429862374578],[-71.9771709119648,41.0430249748623]]},"properties":{"FID":83881,"SOURCE_ID":"GC11249","SRC_DATE":"20140428","HOR_ACC":"0.6","INFORM":" ","ATTRIBUTE":"Natural.Mean High Water","VER_DATE":" ","SRC_RESOLU":0,"DATA_SOURC":"Aerial Photography","EX_METH":"Stereo","EXT_METH":"Stereo","DAT_SET_CR":"NOAA","SRC_CITA":" ","FIPS_ALPHA":"NY","NOAA_Regio":"North Atlantic","Shape_Leng":4.6981326983E-05,"Shape__Length":4.6981326982885527E-05}},{"type":"Feature","id":83882,"geometry":{"type":"LineString","coordinates":[[-71.9773223884276,41.0430994099591],[-71.9777052290535,41.0432107136622]]},"properties":{"FID":83882,"SOURCE_ID":"GC11249","SRC_DATE":"20140428","HOR_ACC":"0.6","INFORM":" ","ATTRIBUTE":"Natural.Mean High Water","VER_DATE":" ","SRC_RESOLU":0,"DATA_SOURC":"Aerial Photography","EX_METH":"Stereo","EXT_METH":"Stereo","DAT_SET_CR":"NOAA","SRC_CITA":" ","FIPS_ALPHA":"NY","NOAA_Regio":"North Atlantic","Shape_Leng":0.000398692058297,"Shape__Length":0.00039869205829688042}},{"type":"Feature","id":83883,"geometry":{"type":"LineString","coordinates":[[-71.9580470162883,41.0513372291196],[-71.9580290559206,41.0513151354712],[-71.9579871681816,41.0512690982686]]},"properties":{"FID":83883,"SOURCE_ID":"GC11249","SRC_DATE":"20140428","HOR_ACC":"0.6","INFORM":" ","ATTRIBUTE":"Natural.Mean High Water","VER_DATE":" ","SRC_RESOLU":0,"DATA_SOURC":"Aerial Photography","EX_METH":"Stereo","EXT_METH":"Stereo","DAT_SET_CR":"NOAA","SRC_CITA":" ","FIPS_ALPHA":"NY","NOAA_Regio":"North Atlantic","Shape_Leng":9.071436136E-05,"Shape__Length":9.071436136031923E-05}},{"type":"Feature","id":83884,"geometry":{"type":"LineString","coordinates":[[-71.9579644072638,41.0518227947739],[-71.9580441105882,41.0515200973004],[-71.9580515848526,41.0514580512614],[-71.9580499723663,41.051434990841]]},"properties":{"FID":83884,"SOURCE_ID":"GC11249","SRC_DATE":"20140428","HOR_ACC":"0.6","INFORM":" ","ATTRIBUTE":"Natural.Mean High Water","VER_DATE":" ","SRC_RESOLU":0,"DATA_SOURC":"Aerial Photography","EX_METH":"Stereo","EXT_METH":"Stereo","DAT_SET_CR":"NOAA","SRC_CITA":" ","FIPS_ALPHA":"NY","NOAA_Regio":"North Atlantic","Shape_Leng":0.00039862623757,"Shape__Length":0.00039862623756975148}},{"type":"Feature","id":83938,"geometry":{"type":"LineString","coordinates":[[-71.936497221147,41.0765928759998],[-71.9364774504474,41.0766395993872]]},"properties":{"FID":83938,"SOURCE_ID":"GC11249","SRC_DATE":"20140607","HOR_ACC":"0.6","INFORM":" ","ATTRIBUTE":"Man-made.Rip Rap","VER_DATE":" ","SRC_RESOLU":0,"DATA_SOURC":"Aerial Photography","EX_METH":"Stereo","EXT_METH":"Stereo","DAT_SET_CR":"NOAA","SRC_CITA":" ","FIPS_ALPHA":"NY","NOAA_Regio":"North Atlantic","Shape_Leng":5.0734154427E-05,"Shape__Length":5.0734154427008262E-05}},{"type":"Feature","id":84401,"geometry":{"type":"LineString","coordinates":[[-71.9067883858106,41.0798962907299],[-71.9067385813346,41.079807917934],[-71.9066808916016,41.0797426631154],[-71.9066277038773,41.0796965269878],[-71.9065376682181,41.0796369630813],[-71.9064433391941,41.079577201324],[-71.9063656386412,41.0795358109206],[-71.9063136991766,41.0794956022257],[-71.9062910353528,41.0794665190451],[-71.9062193476641,41.0793393153151],[-71.9062140911239,41.079318856634],[-71.9062124012953,41.0792861698686],[-71.9062101898603,41.0792599816055],[-71.9061958519628,41.0792345406796],[-71.906106937756,41.0791287219332],[-71.9059680634941,41.0790010460612],[-71.9059363174137,41.0789669806357],[-71.9059161770883,41.0789386654762],[-71.9059018400902,41.0789132245503],[-71.905896610529,41.0788816799242],[-71.9058944251737,41.0788444057161],[-71.9059041864145,41.0787763737884],[-71.9058927389363,41.0787041087515],[-71.9059154054521,41.0786255808337],[-71.9059271425051,41.0785759013745],[-71.9059452296724,41.0785115126007],[-71.9059509034942,41.0784622072597],[-71.9059535852697,41.0783964587113],[-71.9059519467013,41.0783416009551],[-71.9059517929148,41.0783005064262],[-71.905975476558,41.0781124590481],[-71.9059730079108,41.0779819089377],[-71.9059708234547,41.0779446338304],[-71.9059633042193,41.0779201587763],[-71.9059494870291,41.0778882202473],[-71.9059316111976,41.0778639205615],[-71.905898824602,41.0778428521409],[-71.9058279175306,41.0778135117556],[-71.9058148036118,41.0778050842075],[-71.905791879884,41.0777792502781],[-71.9057830854098,41.0777599328371],[-71.9057834244522,41.0777234266501],[-71.9057900335711,41.0777054680844],[-71.9058120750607,41.0776777833484],[-71.905858626681,41.0776453528883],[-71.9059405171732,41.0776236738241],[-71.9060162913754,41.0776245407683],[-71.9060688010087,41.07763607997],[-71.9060925062471,41.0776521679445],[-71.9061212324028,41.0776808761076],[-71.9061494387506,41.0777160836723],[-71.9061899523262,41.0777805515845],[-71.9062237011979,41.0778218835334],[-71.9062607541793,41.0778542357499],[-71.906339416109,41.0779158869836],[-71.9063936443485,41.0779490270058],[-71.9064483923959,41.0779756694248],[-71.9065349386833,41.0780142035806],[-71.9066073817967,41.078035135303],[-71.9069086044203,41.0780835152315],[-71.9071333774488,41.0780964321893],[-71.9073032972116,41.0781270505082],[-71.9074017622167,41.0781459128893],[-71.9074378547208,41.0781580033761],[-71.9074623144907,41.078175429542],[-71.9074988476642,41.0782142793615],[-71.907542875792,41.0782886901801],[-71.9075834181454,41.0783420712479],[-71.9076252339388,41.0783902947027],[-71.9076541957174,41.0784268395596],[-71.9076998120468,41.0784706716239],[-71.9077550304407,41.0785129865314],[-71.907803195449,41.0785465006717],[-71.9078438151422,41.0785666239045],[-71.9079253153318,41.078603622018],[-71.9079904208746,41.0786300854716],[-71.9080262534746,41.0786454243103],[-71.9080820177562,41.0786701556696],[-71.9081249280229,41.0786832102296],[-71.9081784547897,41.0786928374723],[-71.9082153270056,41.0786951811048],[-71.9082572480173,41.0786990598802],[-71.9083034884735,41.078692049662],[-71.9084243070317,41.0786578052665],[-71.908466514027,41.0786473488457],[-71.9085238656108,41.0786414987528],[-71.9085892841163,41.0786425410651],[-71.9086473641519,41.0786491178066],[-71.9087185338252,41.0786752062427],[-71.9087889750466,41.0786888705422],[-71.9088400025959,41.0786866447181],[-71.9088857484246,41.0786750461579],[-71.9089292306587,41.0786594303254],[-71.9090393014129,41.078576431874],[-71.9090590505302,41.078555814012],[-71.9090692506419,41.0785145432156],[-71.9090643052658,41.078468662494],[-71.9090266758142,41.0783573704709],[-71.9090252701708,41.0783103485092],[-71.909028937604,41.078253777544],[-71.909021443549,41.078218216545],[-71.9090096543304,41.0781824576951],[-71.9089724169862,41.0781200968948],[-71.9089000754937,41.0780548240902],[-71.9087966920915,41.0779789959418],[-71.9086743626656,41.0779029528559],[-71.9086340298555,41.077868494427],[-71.9086005399884,41.0778239141262],[-71.9085756377504,41.0777797286276],[-71.9085686617047,41.0777376700254],[-71.9085690268269,41.0776900769941],[-71.908582010341,41.0776463240682],[-71.9086033215801,41.0776062133971],[-71.9086420661827,41.0775636403812],[-71.9086731872309,41.0775409360913],[-71.9087177090809,41.0775123250528],[-71.9087556991519,41.0774684138454],[-71.9087780248266,41.0774263930138],[-71.908800660766,41.0773589519403],[-71.9088073229436,41.0773188214846],[-71.9088129428073,41.0772916871343],[-71.9088233767432,41.0772582521323],[-71.9088396391867,41.0772166063184],[-71.9088743503284,41.0771705870998],[-71.908929747683,41.077135300392],[-71.908979552153,41.0771160620894],[-71.909011401653,41.0771057828354],[-71.9090864716845,41.0770831361008],[-71.9091554533044,41.0770719503287],[-71.9092097849635,41.0770607447721],[-71.909266640121,41.0770503072365],[-71.9093154292562,41.077032978195],[-71.9093500891377,41.0770091317659],[-71.9094006993993,41.0769690597647],[-71.9094313249206,41.0769417680322],[-71.9094485757199,41.0769092962041],[-71.9094425907279,41.0768764133866],[-71.9094189358503,41.0768381544214],[-71.9093872401307,41.0767819180053],[-71.909349977606,41.0767306449486],[-71.9093258290002,41.0766877985407],[-71.9093102932038,41.0766342591914],[-71.90931541844,41.0766025364992],[-71.909351612565,41.0765702823065],[-71.9094543403526,41.0764928155862],[-71.9095514752554,41.0764313972713],[-71.9097128010879,41.0763540087902],[-71.9097865949813,41.0763365205679],[-71.9098775632334,41.0763198201513],[-71.9099599186761,41.0763138117769],[-71.9100313977148,41.0763144790716],[-71.9101943135535,41.0763141202368],[-71.9102705805846,41.0763195710263],[-71.9103541860857,41.0763194909839],[-71.9104294881428,41.0763046809431],[-71.9104830904508,41.0762810494514],[-71.91053341293,41.076255311747],[-71.9105979168224,41.0762139195404],[-71.9106642148621,41.076160870319],[-71.9106973899616,41.0761232588639],[-71.9107224720597,41.0760898427473],[-71.9107812238849,41.0760234035176],[-71.9108394046421,41.0759856346804],[-71.9109901121759,41.0759116699193],[-71.9110429833341,41.0758756142911],[-71.9111100359053,41.0758239032611],[-71.9111411803353,41.075790112127],[-71.9111807028511,41.0757377922567],[-71.9111933985828,41.0757083736278],[-71.9112000580625,41.0756682431721],[-71.9111935775436,41.0756307711132],[-71.9111828027606,41.0755931039016],[-71.9111299001207,41.0755326352758],[-71.9111039294891,41.0755125318277],[-71.911087327997,41.0754830745288],[-71.911088418873,41.0754479065332],[-71.9111118579061,41.0753596317612]]},"properties":{"FID":84401,"SOURCE_ID":"GC11249","SRC_DATE":"20140607","HOR_ACC":"0.6","INFORM":" ","ATTRIBUTE":"Natural.Great Lake Or Lake Or Pond","VER_DATE":" ","SRC_RESOLU":0,"DATA_SOURC":"Aerial Photography","EX_METH":"Stereo","EXT_METH":"Stereo","DAT_SET_CR":"NOAA","SRC_CITA":" ","FIPS_ALPHA":"NY","NOAA_Regio":"North Atlantic","Shape_Leng":0.0116515825089,"Shape__Length":0.011651582508918972}},{"type":"Feature","id":84402,"geometry":{"type":"LineString","coordinates":[[-71.9122561144967,41.0792077676611],[-71.9121850005862,41.0792671193328],[-71.912075219413,41.0793357861853],[-71.9119533351593,41.0793941171279],[-71.9118701703276,41.079420959201],[-71.9117824774076,41.0794397667294],[-71.9116286618113,41.0794340236627],[-71.9115427891184,41.0794300900301],[-71.9114733101729,41.0794366892588],[-71.9114162184931,41.0794392901005],[-71.9113828581314,41.0794468929716],[-71.9113595962604,41.0794575661285],[-71.9113416152108,41.0794776120215],[-71.9113084895727,41.0794930506871],[-71.9112913161133,41.0794922637807],[-71.9112587615433,41.0794790329532],[-71.9111596148498,41.0794255763442],[-71.9111252661324,41.0794240025315],[-71.9109662740398,41.0794721522484],[-71.9108534711433,41.0795354618385],[-71.9107681992014,41.0795993820675],[-71.9105838426304,41.0798028932964],[-71.910397582191,41.079954795121],[-71.9103328138982,41.0799994356796],[-71.910275410155,41.0800274567632],[-71.9102154829132,41.0800547107251],[-71.9101485022859,41.0800731639199],[-71.9099348071107,41.0800725002271],[-71.9097756549364,41.0800795536164],[-71.9097213214787,41.0800907591731],[-71.9096583994927,41.0801015708269],[-71.9096013069135,41.0801041716686],[-71.9095416908359,41.0801060044892],[-71.90946414317,41.0801057104133],[-71.9093459245509,41.0801074658942],[-71.9093014530617,41.080113905942],[-71.9092468579014,41.0801283607498],[-71.9091894541582,41.0801563818335],[-71.9091464656523,41.0801765851086],[-71.9091100350051,41.0802010026074],[-71.9090842208579,41.0802219936883],[-71.9090530728307,41.0802557839231],[-71.909034571973,41.0802823274191],[-71.9090081858585,41.0803319879931],[-71.9089852873171,41.0804026783178],[-71.9089762860037,41.0804720493363],[-71.9089855265495,41.0806257354099],[-71.9090100151031,41.0807396867293],[-71.9090222728695,41.0807911189667],[-71.9090294548611,41.0808521011071],[-71.9090271139267,41.0808813416699],[-71.9090098622282,41.0809138125986],[-71.9089731707777,41.0809414784493],[-71.9088046755496,41.0810544090442],[-71.9087558837165,41.0810717371863],[-71.9087027985185,41.0810888692763],[-71.9086580644274,41.0810985576761],[-71.908584552021,41.0811017098029],[-71.9085216543161,41.0811014346123],[-71.9084772080072,41.0810967887151],[-71.908428493514,41.0810808590222],[-71.9082798526154,41.0810212177759],[-71.9081352190979,41.0809761086772],[-71.908063760743,41.0809643536387],[-71.9079680494633,41.0809540959726],[-71.9077028276147,41.0809510652652],[-71.9076202572329,41.0809381483028],[-71.9075712846343,41.0809254678611],[-71.9075241052838,41.0809011304047],[-71.9074802318416,41.080867814115],[-71.9074482240586,41.0808369979408],[-71.9073875135016,41.0807663867592],[-71.9073694020472,41.0807342512787],[-71.907351108928,41.0806721072145],[-71.907345643744,41.0806327258945],[-71.9073313589053,41.0805851139779],[-71.9073202999372,41.0805617801639],[-71.9072958896287,41.080522182108],[-71.9072490250396,41.0804724235102],[-71.9070969775049,41.0803584928794],[-71.9070185727812,41.0802935923944],[-71.9069807625703,41.0802599019866],[-71.9069553135453,41.0802332991367],[-71.9069177902174,41.0801852735326],[-71.9069031924159,41.080163081858],[-71.9068534392,41.080052537172],[-71.9067883858106,41.0798962907299]]},"properties":{"FID":84402,"SOURCE_ID":"GC11249","SRC_DATE":"20140607","HOR_ACC":"0.6","INFORM":" ","ATTRIBUTE":"Natural.Great Lake Or Lake Or Pond","VER_DATE":" ","SRC_RESOLU":0,"DATA_SOURC":"Aerial Photography","EX_METH":"Stereo","EXT_METH":"Stereo","DAT_SET_CR":"NOAA","SRC_CITA":" ","FIPS_ALPHA":"NY","NOAA_Regio":"North Atlantic","Shape_Leng":0.00709220616249,"Shape__Length":0.0070922061624891578}},{"type":"Feature","id":84487,"geometry":{"type":"LineString","coordinates":[[-71.8963042903387,41.067337722084],[-71.8962445690401,41.0673356293631],[-71.8961866167086,41.0673329664719],[-71.8961386549485,41.0673239147953],[-71.896073319179,41.0672951508754],[-71.896002385129,41.0672824344615],[-71.8957309111914,41.0672774585204],[-71.895596210691,41.0672647448065],[-71.8955124891774,41.0672664409309],[-71.8954017466247,41.0672665695376],[-71.8953414155852,41.0672559692285],[-71.8952985304991,41.0672373676491],[-71.895271162321,41.0672240441912],[-71.8951327889856,41.0671658355649],[-71.8951075683892,41.0671526110324],[-71.8950933249215,41.0671421734991],[-71.895074803377,41.0671259964916],[-71.89506537578,41.0671092574074],[-71.8950578475516,41.0670903239769],[-71.895044327137,41.0670440502517]]},"properties":{"FID":84487,"SOURCE_ID":"GC11249","SRC_DATE":"20140428","HOR_ACC":"0.6","INFORM":" ","ATTRIBUTE":"Natural.Great Lake Or Lake Or Pond","VER_DATE":" ","SRC_RESOLU":0,"DATA_SOURC":"Aerial Photography","EX_METH":"Stereo","EXT_METH":"Stereo","DAT_SET_CR":"NOAA","SRC_CITA":" ","FIPS_ALPHA":"NY","NOAA_Regio":"North Atlantic","Shape_Leng":0.00135841175753,"Shape__Length":0.0013584117575320021}},{"type":"Feature","id":84488,"geometry":{"type":"LineString","coordinates":[[-71.8871571785553,41.0678874717587],[-71.8871432417587,41.0679182834378],[-71.8871373961651,41.067944856611],[-71.8871422003466,41.0679735153121],[-71.8871518365873,41.0680069566086],[-71.8871555148175,41.0680391649345],[-71.8871565130668,41.0680666823959],[-71.8871542027108,41.068121533857],[-71.8871618055837,41.0681532547501],[-71.8871772055821,41.0682023109782],[-71.8872108897036,41.0682612975217],[-71.8872170806401,41.0682887061649],[-71.8872170293798,41.0683070208619],[-71.8872211869484,41.0683327082024],[-71.8872285038363,41.0683565663214],[-71.8872531443716,41.0684033958274],[-71.887274938551,41.0684360412233],[-71.8872958244145,41.0684634156918],[-71.8873042915358,41.0684892855945],[-71.8873039758745,41.0685052989261],[-71.8872983695004,41.0685286111569],[-71.8872855595546,41.0685558732112],[-71.8872828732801,41.0685806180622],[-71.8872849758968,41.0685990235907],[-71.8872909042311,41.0686241308683],[-71.8872937721711,41.0686438763869],[-71.887292165982,41.0686539478965],[-71.8872710409042,41.0687237074227],[-71.8872655559385,41.0687453900817],[-71.8872591545647,41.0687912384281],[-71.8872541489374,41.0688063992023],[-71.8872438525972,41.0688288606744],[-71.8872361678885,41.068839330584],[-71.8872198676716,41.0688494362683],[-71.8871963405005,41.0688579303675],[-71.8871432058398,41.0688753133684],[-71.8871158718371,41.0688826662278],[-71.8871000527574,41.0688862509267],[-71.887036125329,41.0688976201603],[-71.8870035995384,41.0689050791398],[-71.8869695646852,41.0689154186486],[-71.8869483110008,41.0689223722087],[-71.8869141790211,41.0689399035971],[-71.8868556556218,41.0689717791759],[-71.8868326761385,41.0689904347168],[-71.886804450909,41.0690275128736],[-71.8867856586706,41.0690479805487],[-71.8867430991421,41.0690802014666],[-71.8867241414279,41.0690911776949],[-71.886701280655,41.0691082027647],[-71.8866834947582,41.0691267494875],[-71.8866748046072,41.0691391403493],[-71.8866678330621,41.0691692640467],[-71.8866694302596,41.0691886291521],[-71.8866803129608,41.0692168894532],[-71.8866914132975,41.0692363283027],[-71.8867214191889,41.0692631056209],[-71.886780309515,41.0692907741665],[-71.8868041901213,41.0693068270674],[-71.8868229913566,41.0693507949302],[-71.8868341591434,41.0693869162069],[-71.8868470230528,41.0694352125078],[-71.8868496499746,41.0694582189688],[-71.8868508892422,41.0694824754877],[-71.8868506185477,41.0695096107371],[-71.8868401270554,41.069546455969],[-71.8868357446584,41.0695590275945],[-71.8868256875377,41.0695782281242],[-71.8867803212257,41.0696368243644],[-71.8867681111274,41.0696559340626],[-71.8867603733597,41.06968471777],[-71.8867645309283,41.0697104060098],[-71.8867633537166,41.0697322703317],[-71.88675593161,41.0697450398082],[-71.8867368533867,41.0697576456084],[-71.8866997563405,41.0697626233581],[-71.8866769711101,41.0697668960387],[-71.8866535626493,41.069773757868],[-71.8866302980804,41.0697845524334],[-71.8866105966268,41.0697997482816],[-71.8865811770965,41.0698236927368],[-71.8865560437362,41.0698422574462],[-71.8865353368403,41.0698593733474],[-71.8865152990408,41.0698850220178],[-71.8864940894238,41.0699030974958],[-71.88644181002,41.0699440670207],[-71.8864352737459,41.0699565478147],[-71.8864270332571,41.0699862910988],[-71.8864261618157,41.0700215787042],[-71.8864240016451,41.0700509253871],[-71.8863980184275,41.0701103391105],[-71.8863787684347,41.0701428891796],[-71.886296985866,41.070249993063],[-71.886264857578,41.0702931200612],[-71.886190759718,41.0703897549344],[-71.8861542256503,41.0704398921494],[-71.8861309520897,41.0704801233298],[-71.8860975242822,41.0705467451211],[-71.8860873916193,41.07057869804],[-71.8860863340173,41.07059893279],[-71.8860912119426,41.0706148382027],[-71.8861087748096,41.0706345495466],[-71.8861398832696,41.0706522158313],[-71.8861629985525,41.0706669278428],[-71.886176853513,41.0706783060671],[-71.8861879079837,41.0706866212],[-71.8861995101422,41.070705101372],[-71.8862015902755,41.0707179445925],[-71.8861967483254,41.0707425977128],[-71.8861876984457,41.0707598781896],[-71.8861709386758,41.0707820680667],[-71.8861613096333,41.0708130614087],[-71.886160438192,41.0708483481148],[-71.8861650993811,41.0708730758784],[-71.8861722516924,41.0708874416514],[-71.8862057253713,41.0709258130316],[-71.8862194598228,41.0709388217271],[-71.8862961774169,41.0709885029821],[-71.8863739759956,41.0710235108958],[-71.8865099769181,41.0710720931771],[-71.8865514716518,41.0710895427248],[-71.8865752335476,41.071107226097],[-71.8866560574499,41.0712009084902],[-71.886675052938,41.0712304925935],[-71.8866860327656,41.0712515610148],[-71.8867006017892,41.0712825939263],[-71.8867058097669,41.071317484031],[-71.8867081974692,41.0713437505351],[-71.886709593221,41.0714069360151],[-71.8867149217077,41.0714401947493],[-71.8867263296134,41.0714730577816],[-71.8867460913242,41.0715039818749],[-71.8867926762243,41.0715579519986],[-71.8868130611653,41.0715862860439],[-71.8868387062437,41.0716311954969],[-71.8868575605379,41.0716568495619],[-71.8868836408872,41.0716841152123],[-71.8869135046853,41.071706961593],[-71.8869825906296,41.0717487971612],[-71.8870085073018,41.0717665713648],[-71.8870413118844,41.0717964099758],[-71.887062703167,41.071822823968],[-71.8870757172618,41.0718456145914],[-71.8870998694671,41.0719284025971],[-71.8871210359213,41.0719930755554],[-71.8871353180607,41.0720162456926],[-71.8871597715361,41.0720480223432],[-71.8872016439869,41.0720955794003],[-71.8872165718398,41.0721217208982],[-71.887225300664,41.0721498903679],[-71.8872309672953,41.0721726971793],[-71.8872292864632,41.0721955228767],[-71.8872233950034,41.072210974132],[-71.8872037394159,41.0722372927974],[-71.8871790098516,41.0722620889105],[-71.8871520814437,41.0722756722742],[-71.8870998290182,41.0722927665927],[-71.8870635413629,41.0723102071498],[-71.8870239963625,41.0723366679088],[-71.8870029072547,41.0723531138149],[-71.8869882788785,41.0723698322155],[-71.8869663938716,41.072408813338],[-71.8869388728143,41.0724949827969],[-71.8869324642476,41.0725702677583],[-71.8869217011614,41.0726342482395],[-71.8869160426276,41.0726758760667],[-71.8869037803696,41.0727132995627],[-71.8868940308181,41.072745923376],[-71.8868832524415,41.0727749058336],[-71.8868724983469,41.0728094496998],[-71.8868662696419,41.0728353537773],[-71.8868642281817,41.0728630690896],[-71.8868803053687,41.072891221472],[-71.8868906169994,41.0729037589227]]},"properties":{"FID":84488,"SOURCE_ID":"GC11249","SRC_DATE":"20140428","HOR_ACC":"0.6","INFORM":" ","ATTRIBUTE":"Natural.Great Lake Or Lake Or Pond","VER_DATE":" ","SRC_RESOLU":0,"DATA_SOURC":"Aerial Photography","EX_METH":"Stereo","EXT_METH":"Stereo","DAT_SET_CR":"NOAA","SRC_CITA":" ","FIPS_ALPHA":"NY","NOAA_Regio":"North Atlantic","Shape_Leng":0.00651980740806,"Shape__Length":0.0065198074080643773}},{"type":"Feature","id":84489,"geometry":{"type":"LineString","coordinates":[[-71.8948298091519,41.0682834511792],[-71.8948147428056,41.0682993898674],[-71.8947874951397,41.0683382468836],[-71.8947702254549,41.0683762585365],[-71.8947471866194,41.0684485703392],[-71.8947291111458,41.0685556760192],[-71.8947064167486,41.0685914807355],[-71.8946839966442,41.0686184954765],[-71.8946628679662,41.0686348064843],[-71.8946436386567,41.0686489231459],[-71.8946186078188,41.0686601637751],[-71.8945956058518,41.0686675849828],[-71.8945660226443,41.0686818779119],[-71.8945313339851,41.0687168048901],[-71.8945056511388,41.0687361681978],[-71.8944730345171,41.0687506481859],[-71.8944478876664,41.0687579695689],[-71.8944128932359,41.0687645139379],[-71.8943848586607,41.0687648547819],[-71.8943446859323,41.0687714872846],[-71.8943175228007,41.0687770864656],[-71.8942969157292,41.0687868998704],[-71.8942690718118,41.0688117076747],[-71.894246172368,41.0688285897522],[-71.894181188237,41.0688598421009],[-71.8941435246183,41.0688727851476],[-71.8941188714957,41.0688846957719],[-71.8940894025024,41.0689029061485],[-71.8940714205534,41.0689229493435],[-71.8940641846067,41.0689379428438],[-71.8940545267855,41.0689616291927],[-71.8940399811465,41.0689710702779],[-71.8940303664918,41.068978128159],[-71.8940160672673,41.0689898625159],[-71.8939971859963,41.0690157342182]]},"properties":{"FID":84489,"SOURCE_ID":"GC11249","SRC_DATE":"20140428","HOR_ACC":"0.6","INFORM":" ","ATTRIBUTE":"Natural.Great Lake Or Lake Or Pond","VER_DATE":" ","SRC_RESOLU":0,"DATA_SOURC":"Aerial Photography","EX_METH":"Stereo","EXT_METH":"Stereo","DAT_SET_CR":"NOAA","SRC_CITA":" ","FIPS_ALPHA":"NY","NOAA_Regio":"North Atlantic","Shape_Leng":0.00119499029997,"Shape__Length":0.0011949902999652245}},{"type":"Feature","id":84490,"geometry":{"type":"LineString","coordinates":[[-71.8940875229688,41.0697904445517],[-71.8940800253195,41.0698086873033],[-71.8940557939809,41.0698529006825],[-71.8940032115071,41.0699228751476],[-71.893986490408,41.0699433032524],[-71.8939634461738,41.0699673529281],[-71.8939358621603,41.0699889114813],[-71.8939044937983,41.0700093171035],[-71.8938652932381,41.0700306679136],[-71.8938325183364,41.0700578571235],[-71.8938197272757,41.0700722687625],[-71.8937807029844,41.0701236281566],[-71.8937514660167,41.0701496761263],[-71.8937177045578,41.0701676895515],[-71.8936695125735,41.0701990606102],[-71.89365598137,41.0702065906356],[-71.8935645850416,41.070244781256],[-71.8935208447022,41.0702636400444],[-71.8934773507772,41.0702847930038],[-71.8934320734963,41.0703120595558],[-71.8933861442072,41.070347448786],[-71.8933582850016,41.0703777982139],[-71.8933275254813,41.070406710525],[-71.8932964035338,41.0704294103183],[-71.8932602480788,41.0704450306471],[-71.8932290370975,41.0704527270477],[-71.8932060495193,41.0704546048332],[-71.8931581893831,41.0704550122278],[-71.8930705468242,41.0704571786978],[-71.8930215409517,41.0704611204287],[-71.8929861679065,41.0704669948026],[-71.8929382780933,41.0704784881421],[-71.8929105924559,41.0704905849263],[-71.8928924935948,41.0705067097743],[-71.8928672739004,41.0705417464696],[-71.8928514656129,41.0705508026448],[-71.8928259401473,41.0705574540328],[-71.8927625469158,41.0705581267279],[-71.8926666953426,41.0705605665921],[-71.892616413332,41.070569668634],[-71.8925735705158,41.0705826980157],[-71.8925346163701,41.0706063420976],[-71.8925080467921,41.0706259904903],[-71.8924106043221,41.0707072721352],[-71.8923813655557,41.0707333183064],[-71.8923546673747,41.0707545908751],[-71.8923278513823,41.0707719459962],[-71.8922932031916,41.0707902436072],[-71.8922688090737,41.0707989049804],[-71.8922394983603,41.070804405236],[-71.8922065319016,41.0708071274854],[-71.8921815433308,41.0708017387475],[-71.8921424282044,41.0707898317225],[-71.8921285624521,41.070780063285],[-71.8921140869587,41.0707617890579],[-71.8921060793909,41.0707327238633],[-71.8920951724079,41.0707022224512],[-71.8920847726427,41.0706707650595],[-71.89206919368,41.0706393958015],[-71.8920481639252,41.0706169064514],[-71.8920317899625,41.0706008265706],[-71.8920174448708,41.0705809272682],[-71.8920079147505,41.0705547282136],[-71.8920044181844,41.0705392409857],[-71.8919793711562,41.0705077629101],[-71.8919629819053,41.0704972255521],[-71.8919412848541,41.0704884023025],[-71.8918909578755,41.0704658697859],[-71.8918677526606,41.0704543674554],[-71.8918429214706,41.0704362685964],[-71.8918133202742,41.0704078410219],[-71.8917931745532,41.0703850665867],[-71.8917720422752,41.0703531154674],[-71.8917594526609,41.0703381876183],[-71.8917275743805,41.0703112861937],[-71.8916869789688,41.0702856150421],[-71.8916416989872,41.070264619467],[-71.8915809011984,41.0702383439716],[-71.8915504879152,41.0702307491964],[-71.8915137505975,41.0702267777907],[-71.8914839470552,41.0702276888051],[-71.8914438022052,41.0702232335641],[-71.8914155490939,41.0702101951914],[-71.8914045854548,41.0702018638707],[-71.8913825394659,41.070181284681],[-71.8913573611367,41.070151429882],[-71.8913401166297,41.0701300934628],[-71.8913269181737,41.0701066598241],[-71.8913116009138,41.0700720413149],[-71.8912909920409,41.0700335925927],[-71.8912560965337,41.070001334805],[-71.8912256976394,41.069988197507],[-71.8911954147578,41.0699789776565],[-71.8911642757207,41.0699589587449],[-71.8911481481725,41.069945173035],[-71.8910735286972,41.0698925006342],[-71.8910402285888,41.06987792532],[-71.8909860749946,41.0698708692396],[-71.890949454589,41.0698708143821],[-71.8909112243958,41.0698586204734],[-71.8908970978402,41.069852101287],[-71.890848759264,41.0698423778167],[-71.890826554995,41.0698345078487],[-71.8907999413484,41.0698225225823],[-71.8907834360847,41.0698080677768],[-71.8907656987488,41.0697821430156],[-71.8907506153131,41.0697553612003],[-71.8907132403733,41.0697057060244],[-71.890676067782,41.0696749743866],[-71.8906432757907,41.0696594439921],[-71.8906088317446,41.069648402115],[-71.8905538058074,41.0696360885969],[-71.890501333945,41.0696134571549],[-71.8904260957373,41.0695847741744],[-71.890359064745,41.0695502231161],[-71.8903321435299,41.0695343707641],[-71.8903010116872,41.0695111448695],[-71.8902647087415,41.0694935874028],[-71.8902332396535,41.069480813431],[-71.8901945660945,41.0694719883833],[-71.8900738770357,41.0694502211922],[-71.8900459728617,41.0694418494025],[-71.8900279531396,41.069434221352],[-71.8899728651483,41.0694076958448],[-71.8899485258884,41.0694037271366],[-71.8899200227662,41.0694035068036],[-71.8898870679982,41.0693991747696],[-71.8898623465262,41.069394535167],[-71.8898480122272,41.0693896788274],[-71.889838487504,41.0693840436747],[-71.8898238438374,41.0693657640517],[-71.889815542192,41.0693493882936],[-71.8898155718682,41.0693255121879],[-71.8898179712584,41.0692929063614],[-71.8898307119555,41.0692489600812],[-71.8898279411419,41.0692220226828],[-71.8898185657047,41.0691908827519],[-71.8898093782268,41.0691747947769],[-71.8897873655126,41.069150971732],[-71.8897672890399,41.0691360609702],[-71.8897384774494,41.069122418253],[-71.8897033220391,41.0691068725702],[-71.8896887251378,41.0690997157644],[-71.8896581418824,41.0690866513115],[-71.889627654854,41.0690663967773],[-71.8895944896434,41.06904144958],[-71.8895599583626,41.0690233129498],[-71.8895022137732,41.068997656188],[-71.8894661293622,41.0689712781691],[-71.8893864467016,41.0689090450739],[-71.8893095177657,41.0688387513535],[-71.8892759703431,41.0688131332618],[-71.8892435695566,41.0687895269538],[-71.8892129638177,41.0687709019916],[-71.889185968859,41.0687678011294],[-71.8891541625257,41.0687654799798],[-71.8891345150304,41.068762361131],[-71.8891152263644,41.0687543535665],[-71.8890956759956,41.0687440446365],[-71.8890772731622,41.0687357456917],[-71.8890527702249,41.0687222837381],[-71.8890443939365,41.0687186594698],[-71.8890189071411,41.0687126798771],[-71.8889715731074,41.068692367787],[-71.8889411103611,41.0686776737622],[-71.8889228271374,41.0686677443461],[-71.8889105046222,41.0686590479006],[-71.8888921989152,41.0686435579753],[-71.8888804762476,41.0686267100731],[-71.8888797846679,41.0686126167946],[-71.8888813899577,41.068602545285],[-71.8888866357039,41.0685841217698],[-71.8888864234626,41.0685635075058],[-71.8888670457625,41.0685332534076],[-71.8888413710079,41.0685122200603],[-71.8888244763378,41.0685010405862],[-71.8888044232479,41.068491691233],[-71.8887740801113,41.0684753667371],[-71.8887564210172,41.068462847273],[-71.8887342877939,41.0684406546992],[-71.8887230903308,41.0684284077295],[-71.88869868452,41.0684077547955],[-71.8886707569633,41.0683938206979],[-71.8886561375787,41.0683811024835],[-71.8886394605441,41.0683611015578],[-71.888622904918,41.0683394710602],[-71.8886032106574,41.0683252311928],[-71.8885642304287,41.0683029819623],[-71.8884416599859,41.0682539859923],[-71.8884108132289,41.0682386210731],[-71.8883802308728,41.0682255575195],[-71.8883592694669,41.0682109363395],[-71.8883343600357,41.0681912429822],[-71.8883155300235,41.0681711521244],[-71.8882604051577,41.0681040662857],[-71.8882376496035,41.0680844628606],[-71.8881432297472,41.0680111420223],[-71.8881175549926,41.0679901077756],[-71.888091233625,41.0679661030677],[-71.8880455354567,41.0679118433622],[-71.8880273295741,41.067889161557],[-71.8879801448264,41.0678433437893],[-71.8879481280506,41.0678204074764],[-71.887928960793,41.0678107676421],[-71.8879071144541,41.0677964360438],[-71.8878813200897,41.0677770322684],[-71.8878721559944,41.0677665066014],[-71.8878609360479,41.0677486982231],[-71.8878543835841,41.0677261809936],[-71.8878551785838,41.0677036457773],[-71.8878587956575,41.0676897332624],[-71.8878702170497,41.0676637221654],[-71.8878840549212,41.0676401014668],[-71.8878952370938,41.0676173504128],[-71.887896917926,41.0675945256148],[-71.8878955806327,41.0675774609757],[-71.8878962326399,41.0675509957212],[-71.8879011186574,41.067537464519],[-71.8879162704394,41.0675253470508],[-71.8879219433644,41.0675187181466],[-71.8879336273589,41.0674950057171],[-71.8879368163544,41.0674693012893],[-71.8879233516981,41.0674291573444],[-71.887912228878,41.0674041570863],[-71.8878890227624,41.0673672003396],[-71.8878720849242,41.0673448989477],[-71.8878565563244,41.0673269089065],[-71.8878129607728,41.0672910547295],[-71.8877866403046,41.0672670491223],[-71.8877712331132,41.0672474295092],[-71.8877628127573,41.0672326824237],[-71.8877611157353,41.0672205100974],[-71.8877692797825,41.0672035192024],[-71.887782660799,41.0671919808978],[-71.8877969501312,41.0671857144201],[-71.8878102331219,41.0671813688948],[-71.8878291890375,41.0671703926664],[-71.8878444613287,41.0671566447271],[-71.8878738116102,41.0671160169455],[-71.8878825979883,41.0670964351031],[-71.8878888491767,41.0670760933336],[-71.8878906954848,41.0670627608815],[-71.8878748368326,41.0670257861482],[-71.8878245161483,41.0669873590106],[-71.887798460081,41.0669656538696],[-71.8877863534027,41.0669481359725],[-71.887776642519,41.0669274479643],[-71.8877741801736,41.0669139329501],[-71.8877753807681,41.0668976300368],[-71.8877733986605,41.0668775949364],[-71.887766104256,41.0668592973267],[-71.8877434467275,41.0668325029211],[-71.8877219610164,41.0668132808086],[-71.8877026049004,41.066788588119],[-71.8876833692935,41.0667622649582],[-71.8876735387999,41.0667432074213],[-71.8876602171361,41.0667069935145],[-71.8876418448782,41.0666748193633],[-71.8876197125542,41.0666526267895],[-71.887581521931,41.0666372780584],[-71.8875128164018,41.0666255508988],[-71.8874889816616,41.0666206208151],[-71.8874514574367,41.0666138048532],[-71.887403525354,41.066601645119],[-71.8873848608176,41.0665910457079],[-71.8873639974375,41.0665692335474],[-71.8873530176099,41.0665481642267],[-71.8873456026963,41.0665314979875],[-71.8873352002329,41.0664967149023],[-71.8873268779027,41.0664747777356],[-71.8873184575469,41.0664600306501],[-71.8873077628049,41.0664468241036],[-71.8872932405466,41.0664269140094],[-71.8872824037115,41.0664097756261],[-71.8872541847703,41.066323545015],[-71.8872353322747,41.0662978927486],[-71.8872223865294,41.0662917863511],[-71.8871960381835,41.0662916559503],[-71.8871848110441,41.0663032850863],[-71.8871831535946,41.066331671293],[-71.8871854126955,41.0663890048832],[-71.8871840924914,41.066406939167],[-71.8871802586816,41.0664296722343],[-71.8871747512325,41.0664457943839],[-71.8871712537686,41.0664580764276],[-71.8871663686504,41.0664716067306],[-71.8871613855065,41.0664923298127],[-71.8871631041125,41.0665100644469],[-71.8871744904341,41.0665373651713],[-71.8871914507557,41.0665652279718],[-71.887227218606,41.0666076211209],[-71.8872713393622,41.0666480762303],[-71.8873123529588,41.0666720476628],[-71.8873542290051,41.0666901672056],[-71.8874085480757,41.0667153527227],[-71.8874291038868,41.0667237433983],[-71.8874593247157,41.0667416983655],[-71.8875538632825,41.0668133887327]]},"properties":{"FID":84490,"SOURCE_ID":"GC11249","SRC_DATE":"20140428","HOR_ACC":"0.6","INFORM":" ","ATTRIBUTE":"Natural.Great Lake Or Lake Or Pond","VER_DATE":" ","SRC_RESOLU":0,"DATA_SOURC":"Aerial Photography","EX_METH":"Stereo","EXT_METH":"Stereo","DAT_SET_CR":"NOAA","SRC_CITA":" ","FIPS_ALPHA":"NY","NOAA_Regio":"North Atlantic","Shape_Leng":0.0105569899967,"Shape__Length":0.0105569899967364}},{"type":"Feature","id":84491,"geometry":{"type":"LineString","coordinates":[[-71.8885933706,41.0741350416066],[-71.8886547655366,41.0741229106472],[-71.8887042633382,41.0741138769538],[-71.8887436608511,41.0741129209731],[-71.8887812849004,41.0741125441558],[-71.8888082600738,41.0741100836094],[-71.8888464399032,41.0740904325182],[-71.8888526164485,41.0740828440371],[-71.8888547244595,41.074071811152],[-71.8888651188254,41.0740421586994],[-71.8888840315729,41.0740200605532],[-71.8888955455966,41.074016293292],[-71.8889276909737,41.074008163418],[-71.8889755610022,41.0740036389264],[-71.8891439851909,41.0740169524871],[-71.8891943175647,41.0740259430098],[-71.8892414897199,41.0740367618546],[-71.8892814565047,41.0740515296235],[-71.889331691752,41.074067712026],[-71.8893910236445,41.0740777349702],[-71.8894229747688,41.0740839870573],[-71.8894828543492,41.0741041741413],[-71.8896055803749,41.0741570992501],[-71.8896817322944,41.0741910540574],[-71.8898032577258,41.0742602829788],[-71.8898614573733,41.0743032939616],[-71.8898885467622,41.0743286386596],[-71.8899410959681,41.0743838390558],[-71.8899662940822,41.0744113951873],[-71.890024494629,41.0744544052707],[-71.8900487601453,41.0744711281666],[-71.8901732803194,41.0745290346211],[-71.8903018465445,41.0745848222724],[-71.8904520001038,41.0746526401563],[-71.890507189718,41.074671974683],[-71.8906143178952,41.0746902255247],[-71.890679730106,41.074699850069],[-71.8907399478309,41.0747095834315],[-71.8907959774116,41.0747175046598],[-71.8909273261383,41.0747413546809],[-71.8909753850253,41.0747518830446],[-71.8910883992679,41.074784119246],[-71.8914036036585,41.0748758977666],[-71.8914479771224,41.0748836544193],[-71.8914974254623,41.0748929336244],[-71.8915579291721,41.0749105279624],[-71.8917382639894,41.0749851761976],[-71.8917864667682,41.0749996354988],[-71.8918494849831,41.0750124292547],[-71.891937730089,41.0750289030363],[-71.8919876811501,41.0750372217652],[-71.892065132589,41.0750476790815],[-71.8922699163798,41.0750602309152],[-71.8923499794501,41.0750586966689],[-71.8924569196681,41.0750618928566],[-71.8925732191334,41.0750612309517],[-71.8926156563558,41.075060074422],[-71.8926459113575,41.0750541532834],[-71.8926746339138,41.0750455512655],[-71.8927223609498,41.0750370940377],[-71.8927535017841,41.0750308833175],[-71.8928126232339,41.0750202892998],[-71.8928442883734,41.0750186804113],[-71.8928774859582,41.0750197506037],[-71.8929079073351,41.0750233218112],[-71.8929377288644,41.0750350435761],[-71.8929734355599,41.0750607516],[-71.8930068220033,41.0750768755471],[-71.893083599851,41.0751082385078],[-71.8931466189652,41.0751210322637],[-71.8933663351056,41.0751597219979],[-71.8934333993715,41.0751703960511],[-71.8934630536264,41.07517262547],[-71.8934748302523,41.0751711586751],[-71.893490269818,41.0751669030818],[-71.8935098264804,41.0751477744975],[-71.8935336468295,41.0751177056583],[-71.8935533473837,41.0751025080113],[-71.8935826931703,41.075091315046],[-71.8936156038709,41.0750845233636],[-71.8936338430271,41.0750833299624],[-71.8936605780816,41.0750841285597],[-71.8936768063533,41.0750867734658],[-71.8936901361094,41.0750935498583],[-71.8936959987922,41.0751019738094],[-71.8936987489211,41.0751233497992],[-71.8937002525895,41.075149905885],[-71.8937063050302,41.0751733835908],[-71.8937136246161,41.0751972417098],[-71.8937211852201,41.0752178388864],[-71.8937292494446,41.0752374755869],[-71.8937517684773,41.075260339055],[-71.8937694302693,41.0752728567204],[-71.8938005432259,41.0752905203072],[-71.8938441747491,41.0753024974791],[-71.893902623507,41.0753128091058],[-71.8939673900041,41.0753194604909],[-71.8940555667607,41.075319248248],[-71.8940919245641,41.0753184901182],[-71.894252695519,41.0753183902883],[-71.8943247869963,41.0753194631773],[-71.8943827330331,41.0753307343808],[-71.8944177481489,41.0753423473276],[-71.8944646091395,41.0753691786046],[-71.894495265241,41.0753989245854],[-71.8945219229561,41.0754419130861],[-71.8945620048575,41.0755139227145],[-71.8945763841249,41.0755593375869],[-71.8945899737869,41.0755978510606],[-71.8946077300091,41.0756326143606],[-71.8946500665095,41.0756680863256],[-71.8947004708299,41.0756937583761],[-71.8947354616638,41.0756998099142],[-71.894814303455,41.0757090171725],[-71.8948417813495,41.0757055943513],[-71.8948964520528,41.0756908877332],[-71.8949301055934,41.0756798755315],[-71.8949689536198,41.0756687545117],[-71.8950393489744,41.0756576532759],[-71.8950843231852,41.0756572575727],[-71.8951172806511,41.0756615887074],[-71.8951735980154,41.0756773700119],[-71.8952406128197,41.0757063569637],[-71.8953142061684,41.0757634225536],[-71.8954745751362,41.0759392724184],[-71.8955575682057,41.0760624768623],[-71.895596498976,41.0761619122211],[-71.895604033501,41.0762063846041],[-71.8956039804437,41.0762541359161],[-71.8955862602,41.0763188061777],[-71.8955465919943,41.0763763376202],[-71.89552504783,41.076404867719],[-71.8955046512011,41.076435407803],[-71.895499117673,41.0764754060584],[-71.8955073707561,41.0765100965135],[-71.8955269409137,41.0765848400821],[-71.8955333998484,41.0766145482922],[-71.895541966794,41.0766332254158],[-71.8955555843337,41.0766478627839],[-71.8955774117866,41.0766566320742],[-71.8956037421457,41.0766511992678],[-71.895615591616,41.0766369782851],[-71.895615927962,41.0766265272615],[-71.8956201430845,41.0766044623907],[-71.8956348928675,41.0765566760046],[-71.8956412861491,41.0765402642731],[-71.8956751834041,41.0764965536148],[-71.8957097974202,41.0764724994422],[-71.8957304062903,41.0764625727228],[-71.8957641812393,41.0764499300499],[-71.8957905106991,41.0764444963442],[-71.8958334281592,41.0764368179297],[-71.8958671059818,41.0764313662373],[-71.8959258443203,41.0764201022246],[-71.8959589960391,41.0764100495997],[-71.8959793414076,41.0763978224141],[-71.8959940875949,41.076379472643],[-71.8960107988008,41.0763461599487],[-71.896022292138,41.0763073937646],[-71.8960186103105,41.0762751854387],[-71.8960152756221,41.0762544920345],[-71.8959960687925,41.0762092606239],[-71.8959785131183,41.0761595397968],[-71.8959581596528,41.0761178427226],[-71.8959394168743,41.076088285599],[-71.8959186434262,41.076062547897],[-71.8959000049696,41.0760424516432],[-71.8958715153361,41.0760215774761],[-71.8958256355058,41.0759865326892],[-71.8958120278588,41.0759735158998],[-71.8958012207011,41.0759524762568],[-71.895802278303,41.0759339367291],[-71.8958023475493,41.0759062223162],[-71.8957852586243,41.075872175776],[-71.8957686355492,41.0758538026236],[-71.8957324728969,41.0758211617247],[-71.8956454976313,41.075755859243],[-71.8955491685143,41.0756943653912],[-71.8955329087657,41.075682205656],[-71.8955165312058,41.0756661257751],[-71.8955047096126,41.0756469953932],[-71.8954813245315,41.0756054853781],[-71.8954679920766,41.0755836768147],[-71.8954600870322,41.0755640733892],[-71.8954496980584,41.075527074374],[-71.8954527845314,41.0755047154247],[-71.8954573674772,41.0754905780793],[-71.8954609773555,41.075461721527],[-71.8954637005019,41.0754331500599],[-71.8954742576452,41.0754036352036],[-71.8954983459919,41.0753665894225],[-71.8955070910016,41.0753542741037],[-71.8955360680653,41.0753314744858],[-71.8956009298886,41.075301846313],[-71.8956753775889,41.0752762453049],[-71.895713681525,41.0752607230022],[-71.8957464456352,41.0752390763152],[-71.8957891724385,41.0752221267879],[-71.895815077418,41.0752161435963],[-71.8958566449954,41.0752082709283],[-71.8959017675935,41.075193713598],[-71.8959683965851,41.0751635143556],[-71.8961494598444,41.0750766155414],[-71.8962845767277,41.075030650279],[-71.8963438816383,41.0750004393456],[-71.8964202709744,41.0749560137247],[-71.8964457083054,41.0749343571454],[-71.896469652761,41.0749044780632],[-71.896476250189,41.074892063819],[-71.896490825505,41.0748715376881],[-71.8965233827699,41.074830967463],[-71.8965620041654,41.0747900240189],[-71.8966188952922,41.0747147021837],[-71.8966368043949,41.0746741112746],[-71.8966648020931,41.0745883312222],[-71.8966702690727,41.0745739087915],[-71.8966848434894,41.0745533817613],[-71.8966996643205,41.0745351498014],[-71.8967139923227,41.0745123294995],[-71.8967234028302,41.0744863480802],[-71.8967328277265,41.0744548241381],[-71.8967381301282,41.0744048497013],[-71.8967400672647,41.0743377629615],[-71.8967441780627,41.0742596892019],[-71.8967532243443,41.0742274961641],[-71.8967822508667,41.074134262529],[-71.8967882673314,41.0741022565503],[-71.8967802435762,41.0740787356771],[-71.8967771373157,41.0740583750221],[-71.8967823857593,41.0740305715761],[-71.8967912881497,41.074005545237],[-71.8967908366886,41.0739843284272],[-71.8967891369679,41.073957185084],[-71.8967900623696,41.0739402706315],[-71.8967997201909,41.0739165833832],[-71.8968060577149,41.0739074183903],[-71.8968457942704,41.0738740256555],[-71.8968732487816,41.0738540921776],[-71.896895901811,41.0738349150298],[-71.8969275462643,41.0738057158349],[-71.8969386978605,41.0737902492909],[-71.8969551995241,41.0737564419694],[-71.8969620721442,41.0737352359512],[-71.8969757841074,41.0736556468334],[-71.8969842566172,41.0735500565117],[-71.8970145871562,41.0734405784193],[-71.8970497038889,41.0733358856203],[-71.8970706284198,41.073300650175],[-71.8970938165451,41.0732694329013],[-71.8971082749489,41.0732449875241],[-71.8971217449971,41.0732113672618],[-71.8971349677313,41.0731754528284],[-71.897143754109,41.0731465081424],[-71.8971544389559,41.0731153673114],[-71.897159282705,41.0730979807147],[-71.8971671697606,41.0730748645361],[-71.8971732878492,41.0730523185278],[-71.897180667687,41.0730301583286],[-71.897193019877,41.0729889855583],[-71.8971939461781,41.0729720711059],[-71.897192636763,41.0729400543355],[-71.897178057847,41.0729123183393],[-71.8971570244949,41.0728898298885],[-71.8971370064776,41.0728654321766],[-71.8971225435744,41.0728416154266],[-71.8971006684557,41.0728027826938],[-71.8970938929602,41.072785188354],[-71.8970649473663,41.0726948352499],[-71.8970555458491,41.0726670120194],[-71.897018266238,41.0726268195118],[-71.8969698638084,41.0725910085025],[-71.8969423769195,41.0725737666977],[-71.8969214892573,41.0725441106488],[-71.8969060245088,41.0725166606371],[-71.8968851629262,41.0724759195424],[-71.8967814899379,41.0723234358657],[-71.8967568422082,41.0722815409408],[-71.8967347332653,41.0722348724134],[-71.8967022650256,41.0721401171272],[-71.8966759472522,41.0720599938133],[-71.8966668191284,41.0720233788087],[-71.8966569247822,41.0719909663367],[-71.8966506987717,41.0719557884489],[-71.8966444125051,41.0718945203241],[-71.8966438854998,41.0718527566994],[-71.8966487975959,41.0718076547905],[-71.8966627892505,41.0717675360257],[-71.8966858595645,41.071732400405],[-71.8967080323551,41.0717030923924],[-71.8968430431121,41.0715455976845],[-71.8968601545168,41.0715202961526],[-71.8968684327773,41.0714923074462],[-71.8968710255221,41.071465360155],[-71.8968574340626,41.0714468008428],[-71.8968408118868,41.0714284276902],[-71.8968309022524,41.0714015586406],[-71.8968309714987,41.0713738442276],[-71.8968350733065,41.0713495760174],[-71.8968550526481,41.0712885363195],[-71.8968665945498,41.0712681972477],[-71.8968857222352,41.0712446179178],[-71.8969309995161,41.0712173504665],[-71.8969637465395,41.0712012463025],[-71.8969988857604,41.0711875343354],[-71.8970186087981,41.0711780060158],[-71.897029006762,41.0711612003811],[-71.8970263942297,41.0711454280681],[-71.8970108134684,41.0711140597094],[-71.8969666297588,41.0710578979374],[-71.8968952487413,41.0709701600637],[-71.896860015088,41.0709206047124],[-71.8968298284317,41.0708725863027],[-71.8968024116884,41.0708276309843],[-71.8967851932611,41.0707952086201],[-71.8967580517099,41.0707414606284],[-71.8967267462962,41.0706858915093],[-71.896596195258,41.0704764105896],[-71.8965720565447,41.0704335605845],[-71.8965206467779,41.0703385885622],[-71.8964899816816,41.0702804392876],[-71.8964713836936,41.070243714566],[-71.8964446756146,41.0701684637798],[-71.8964377850056,41.0701469510932],[-71.8964026952434,41.0700902290431],[-71.8963643274512,41.0700313998812],[-71.896332111924,41.069987200893],[-71.8963166489742,41.0699597508813],[-71.8963008370866,41.0699205449295],[-71.8962966687247,41.0698704616751],[-71.8962867689799,41.0697897879755],[-71.8962884165354,41.0697370364318],[-71.896287527103,41.0696890602892],[-71.8962787641044,41.0696586569032],[-71.8962677249211,41.0696297787676],[-71.8962398297377,41.0695746916851],[-71.8962287752662,41.0695513578711],[-71.8962209250792,41.0695095825555],[-71.8962206040198,41.069486742469],[-71.8962216751113,41.0694626604185],[-71.896221482655,41.0694381952569],[-71.8962244684034,41.0694063736392],[-71.896228713203,41.0693749387301],[-71.896227392097,41.0693484635833],[-71.8962152062779,41.0693231215828],[-71.896188490108,41.0693016754466],[-71.8961662102948,41.0692732604624],[-71.8961568222671,41.0692398938096],[-71.896156502107,41.0692170519245],[-71.8961659539824,41.0691744420373],[-71.8961772620599,41.0691462653723],[-71.8961947502807,41.0691216338354],[-71.8962241446291,41.0690828748454],[-71.896239368356,41.0690542269355],[-71.8962404538364,41.0690246014628],[-71.8962355920984,41.0689992693546],[-71.8962389681524,41.0689625761085],[-71.8962507708574,41.0689389877856],[-71.8962667365256,41.0689172214893],[-71.8962762486571,41.0689007018391],[-71.8962827426624,41.0688788258258],[-71.8962799268822,41.0688441299746],[-71.8962628514468,41.0688045400123],[-71.8962477806012,41.0687722165734],[-71.8962418900389,41.0687543371485],[-71.8962424674022,41.0687256676554],[-71.8962483525659,41.0686952849532],[-71.8962723914481,41.0686266064123],[-71.8962806822988,41.0685930733843],[-71.8962799700345,41.0685751049264],[-71.8962871169475,41.0685451080334],[-71.896299324347,41.0685111019618],[-71.896318582434,41.0684859002546],[-71.8963417408824,41.0684657680265],[-71.8963635215687,41.0684413334411],[-71.8963837940913,41.0684142215734],[-71.8964025836306,41.0683733455791],[-71.8964078185847,41.068351084656],[-71.8964108906688,41.068334269129],[-71.8964055082236,41.0683154355232],[-71.8963906694037,41.0682909478789],[-71.89636370592,41.068267208471],[-71.8963358853815,41.0682326691027],[-71.896321424277,41.0682088514534],[-71.8963105424744,41.0681672640962],[-71.896307361569,41.0681263557271],[-71.8963068957191,41.0681106823394],[-71.8963125200795,41.0680835488884],[-71.8963332998198,41.0680554810412],[-71.8963449442449,41.0680446028393],[-71.8963635629139,41.0680219803882],[-71.8963806743186,41.0679966788562],[-71.8963807714432,41.0679578784982],[-71.896387033423,41.0679281657911],[-71.8963965455544,41.0679116461409],[-71.8964231394135,41.0678809109038],[-71.8964480677282,41.0678602085054],[-71.8964730095324,41.0678339626849],[-71.8964949475994,41.0677968179784],[-71.8964952650588,41.0677713968372]]},"properties":{"FID":84491,"SOURCE_ID":"GC11249","SRC_DATE":"20140428","HOR_ACC":"0.6","INFORM":" ","ATTRIBUTE":"Natural.Great Lake Or Lake Or Pond","VER_DATE":" ","SRC_RESOLU":0,"DATA_SOURC":"Aerial Photography","EX_METH":"Stereo","EXT_METH":"Stereo","DAT_SET_CR":"NOAA","SRC_CITA":" ","FIPS_ALPHA":"NY","NOAA_Regio":"North Atlantic","Shape_Leng":0.019466449923,"Shape__Length":0.019466449923036897}},{"type":"Feature","id":84545,"geometry":{"type":"LineString","coordinates":[[-71.9492205208143,41.032437758864],[-71.9490556057847,41.0324842987943],[-71.9490417912945,41.0324895931047],[-71.9490353053813,41.0324781717127],[-71.9489512727037,41.0325079248918],[-71.9489775796827,41.0325431450471],[-71.9489183988786,41.0325703783246]]},"properties":{"FID":84545,"SOURCE_ID":"GC11249","SRC_DATE":"20140428","HOR_ACC":"0.6","INFORM":" ","ATTRIBUTE":"Man-made.Bulkhead Or Sea Wall","VER_DATE":" ","SRC_RESOLU":0,"DATA_SOURC":"Aerial Photography","EX_METH":"Stereo","EXT_METH":"Stereo","DAT_SET_CR":"NOAA","SRC_CITA":" ","FIPS_ALPHA":"NY","NOAA_Regio":"North Atlantic","Shape_Leng":0.000397535832208,"Shape__Length":0.00039753583220837065}},{"type":"Feature","id":84546,"geometry":{"type":"LineString","coordinates":[[-71.9458854327805,41.0375829181031],[-71.9459587374342,41.0374157493881],[-71.9457676979763,41.037220010114]]},"properties":{"FID":84546,"SOURCE_ID":"GC11249","SRC_DATE":"20140428","HOR_ACC":"0.6","INFORM":" ","ATTRIBUTE":"Man-made.Bulkhead Or Sea Wall","VER_DATE":" ","SRC_RESOLU":0,"DATA_SOURC":"Aerial Photography","EX_METH":"Stereo","EXT_METH":"Stereo","DAT_SET_CR":"NOAA","SRC_CITA":" ","FIPS_ALPHA":"NY","NOAA_Regio":"North Atlantic","Shape_Leng":0.000456048737807,"Shape__Length":0.00045604873780718641}},{"type":"Feature","id":84547,"geometry":{"type":"LineString","coordinates":[[-71.9507483145642,41.0445146193424],[-71.9507975578501,41.0443735930258],[-71.9508528814541,41.0442266069007],[-71.9508597073052,41.0441312364767],[-71.9508669747259,41.0440755288608]]},"properties":{"FID":84547,"SOURCE_ID":"GC11249","SRC_DATE":"20140428","HOR_ACC":"0.6","INFORM":" ","ATTRIBUTE":"Man-made.Bulkhead Or Sea Wall","VER_DATE":" ","SRC_RESOLU":0,"DATA_SOURC":"Aerial Photography","EX_METH":"Stereo","EXT_METH":"Stereo","DAT_SET_CR":"NOAA","SRC_CITA":" ","FIPS_ALPHA":"NY","NOAA_Regio":"North Atlantic","Shape_Leng":0.000458223322772,"Shape__Length":0.00045822332277236088}},{"type":"Feature","id":84548,"geometry":{"type":"LineString","coordinates":[[-71.9545676313187,41.0446744629519],[-71.9546504876809,41.0446148387852],[-71.9546562901075,41.0445954341094],[-71.9547017598426,41.0445551498683],[-71.9547999487508,41.0444873481642],[-71.9548632205732,41.0444747063897],[-71.9549359874401,41.044451010146],[-71.9549250633711,41.0444410330657],[-71.9549968886457,41.0443842057914],[-71.9550126312837,41.0443934094545],[-71.9551127096678,41.0443178268145],[-71.9553775726744,41.0441010047147],[-71.9555305725774,41.0439667889619],[-71.9556225300807,41.04388986903]]},"properties":{"FID":84548,"SOURCE_ID":"GC11249","SRC_DATE":"20140428","HOR_ACC":"0.6","INFORM":" ","ATTRIBUTE":"Man-made.Bulkhead Or Sea Wall","VER_DATE":" ","SRC_RESOLU":0,"DATA_SOURC":"Aerial Photography","EX_METH":"Stereo","EXT_METH":"Stereo","DAT_SET_CR":"NOAA","SRC_CITA":" ","FIPS_ALPHA":"NY","NOAA_Regio":"North Atlantic","Shape_Leng":0.00135919048749,"Shape__Length":0.0013591904874875513}},{"type":"Feature","id":84549,"geometry":{"type":"LineString","coordinates":[[-71.9542706562111,41.0449212279861],[-71.95420133285,41.0449565416741],[-71.9541031052697,41.0450020617708],[-71.9540322467649,41.0450291169829],[-71.9540365770026,41.0450404448455],[-71.9540271970709,41.0450442957435],[-71.9538653064626,41.0450962163186]]},"properties":{"FID":84549,"SOURCE_ID":"GC11249","SRC_DATE":"20140428","HOR_ACC":"0.6","INFORM":" ","ATTRIBUTE":"Man-made.Bulkhead Or Sea Wall","VER_DATE":" ","SRC_RESOLU":0,"DATA_SOURC":"Aerial Photography","EX_METH":"Stereo","EXT_METH":"Stereo","DAT_SET_CR":"NOAA","SRC_CITA":" ","FIPS_ALPHA":"NY","NOAA_Regio":"North Atlantic","Shape_Leng":0.000454189461751,"Shape__Length":0.00045418946175077539}},{"type":"Feature","id":84580,"geometry":{"type":"LineString","coordinates":[[-71.9465516381153,41.0364809201065],[-71.9463821698182,41.0365539684589]]},"properties":{"FID":84580,"SOURCE_ID":"GC11249","SRC_DATE":"20140428","HOR_ACC":"0.6","INFORM":" ","ATTRIBUTE":"Natural.Great Lake Or Lake Or Pond","VER_DATE":" ","SRC_RESOLU":0,"DATA_SOURC":"Aerial Photography","EX_METH":"Stereo","EXT_METH":"Stereo","DAT_SET_CR":"NOAA","SRC_CITA":" ","FIPS_ALPHA":"NY","NOAA_Regio":"North Atlantic","Shape_Leng":0.000184541446287,"Shape__Length":0.00018454144628675718}},{"type":"Feature","id":84581,"geometry":{"type":"LineString","coordinates":[[-71.945823795899,41.0371120410834],[-71.9457782677094,41.0371789704433],[-71.9457676979763,41.037220010114]]},"properties":{"FID":84581,"SOURCE_ID":"GC11249","SRC_DATE":"20140428","HOR_ACC":"0.6","INFORM":" ","ATTRIBUTE":"Natural.Great Lake Or Lake Or Pond","VER_DATE":" ","SRC_RESOLU":0,"DATA_SOURC":"Aerial Photography","EX_METH":"Stereo","EXT_METH":"Stereo","DAT_SET_CR":"NOAA","SRC_CITA":" ","FIPS_ALPHA":"NY","NOAA_Regio":"North Atlantic","Shape_Leng":0.000123325524568,"Shape__Length":0.00012332552456814286}},{"type":"Feature","id":84582,"geometry":{"type":"LineString","coordinates":[[-71.9458854327805,41.0375829181031],[-71.9458734726946,41.0376146246078],[-71.9458442411263,41.0377021502447]]},"properties":{"FID":84582,"SOURCE_ID":"GC11249","SRC_DATE":"20140428","HOR_ACC":"0.6","INFORM":" ","ATTRIBUTE":"Natural.Great Lake Or Lake Or Pond","VER_DATE":" ","SRC_RESOLU":0,"DATA_SOURC":"Aerial Photography","EX_METH":"Stereo","EXT_METH":"Stereo","DAT_SET_CR":"NOAA","SRC_CITA":" ","FIPS_ALPHA":"NY","NOAA_Regio":"North Atlantic","Shape_Leng":0.000126165189006,"Shape__Length":0.00012616518900649483}},{"type":"Feature","id":84583,"geometry":{"type":"LineString","coordinates":[[-71.9556225300807,41.04388986903],[-71.9556386927021,41.0438968666557]]},"properties":{"FID":84583,"SOURCE_ID":"GC11249","SRC_DATE":"20140428","HOR_ACC":"0.6","INFORM":" ","ATTRIBUTE":"Natural.Great Lake Or Lake Or Pond","VER_DATE":" ","SRC_RESOLU":0,"DATA_SOURC":"Aerial Photography","EX_METH":"Stereo","EXT_METH":"Stereo","DAT_SET_CR":"NOAA","SRC_CITA":" ","FIPS_ALPHA":"NY","NOAA_Regio":"North Atlantic","Shape_Leng":1.7612407633E-05,"Shape__Length":1.7612407633249268E-05}},{"type":"Feature","id":84584,"geometry":{"type":"LineString","coordinates":[[-71.9508192027203,41.0440216774477],[-71.950860747817,41.0440579641986],[-71.9508669747259,41.0440755288608]]},"properties":{"FID":84584,"SOURCE_ID":"GC11249","SRC_DATE":"20140428","HOR_ACC":"0.6","INFORM":" ","ATTRIBUTE":"Natural.Great Lake Or Lake Or Pond","VER_DATE":" ","SRC_RESOLU":0,"DATA_SOURC":"Aerial Photography","EX_METH":"Stereo","EXT_METH":"Stereo","DAT_SET_CR":"NOAA","SRC_CITA":" ","FIPS_ALPHA":"NY","NOAA_Regio":"North Atlantic","Shape_Leng":7.3796631982E-05,"Shape__Length":7.3796631982050157E-05}},{"type":"Feature","id":84585,"geometry":{"type":"LineString","coordinates":[[-71.9507483145642,41.0445146193424],[-71.9507394256634,41.0445354449474],[-71.9507123101985,41.0445861658223]]},"properties":{"FID":84585,"SOURCE_ID":"GC11249","SRC_DATE":"20140428","HOR_ACC":"0.6","INFORM":" ","ATTRIBUTE":"Natural.Great Lake Or Lake Or Pond","VER_DATE":" ","SRC_RESOLU":0,"DATA_SOURC":"Aerial Photography","EX_METH":"Stereo","EXT_METH":"Stereo","DAT_SET_CR":"NOAA","SRC_CITA":" ","FIPS_ALPHA":"NY","NOAA_Regio":"North Atlantic","Shape_Leng":8.0157228483E-05,"Shape__Length":8.0157228482987018E-05}},{"type":"Feature","id":84586,"geometry":{"type":"LineString","coordinates":[[-71.9544811542842,41.0447237296247],[-71.9545117798059,41.0447041261979],[-71.9545676313187,41.0446744629519]]},"properties":{"FID":84586,"SOURCE_ID":"GC11249","SRC_DATE":"20140428","HOR_ACC":"0.6","INFORM":" ","ATTRIBUTE":"Natural.Great Lake Or Lake Or Pond","VER_DATE":" ","SRC_RESOLU":0,"DATA_SOURC":"Aerial Photography","EX_METH":"Stereo","EXT_METH":"Stereo","DAT_SET_CR":"NOAA","SRC_CITA":" ","FIPS_ALPHA":"NY","NOAA_Regio":"North Atlantic","Shape_Leng":9.9602288899E-05,"Shape__Length":9.9602288899209757E-05}},{"type":"Feature","id":84587,"geometry":{"type":"LineString","coordinates":[[-71.9542706562111,41.0449212279861],[-71.9542829184704,41.0449065294633],[-71.9542956375856,41.0448959498362]]},"properties":{"FID":84587,"SOURCE_ID":"GC11249","SRC_DATE":"20140428","HOR_ACC":"0.6","INFORM":" ","ATTRIBUTE":"Natural.Great Lake Or Lake Or Pond","VER_DATE":" ","SRC_RESOLU":0,"DATA_SOURC":"Aerial Photography","EX_METH":"Stereo","EXT_METH":"Stereo","DAT_SET_CR":"NOAA","SRC_CITA":" ","FIPS_ALPHA":"NY","NOAA_Regio":"North Atlantic","Shape_Leng":3.5685833095E-05,"Shape__Length":3.56858330947677E-05}},{"type":"Feature","id":84588,"geometry":{"type":"LineString","coordinates":[[-71.9538360658952,41.0450790851305],[-71.9538509586732,41.0450828218139],[-71.9538653064626,41.0450962163186]]},"properties":{"FID":84588,"SOURCE_ID":"GC11249","SRC_DATE":"20140428","HOR_ACC":"0.6","INFORM":" ","ATTRIBUTE":"Natural.Great Lake Or Lake Or Pond","VER_DATE":" ","SRC_RESOLU":0,"DATA_SOURC":"Aerial Photography","EX_METH":"Stereo","EXT_METH":"Stereo","DAT_SET_CR":"NOAA","SRC_CITA":" ","FIPS_ALPHA":"NY","NOAA_Regio":"North Atlantic","Shape_Leng":3.4982733183E-05,"Shape__Length":3.49827331830351E-05}},{"type":"Feature","id":84589,"geometry":{"type":"LineString","coordinates":[[-71.9526760030311,41.0450502052336],[-71.9526976146472,41.0450693913732],[-71.9527172693378,41.0450844163489],[-71.9527498472899,41.0450927584608]]},"properties":{"FID":84589,"SOURCE_ID":"GC11249","SRC_DATE":"20140428","HOR_ACC":"0.6","INFORM":" ","ATTRIBUTE":"Natural.Great Lake Or Lake Or Pond","VER_DATE":" ","SRC_RESOLU":0,"DATA_SOURC":"Aerial Photography","EX_METH":"Stereo","EXT_METH":"Stereo","DAT_SET_CR":"NOAA","SRC_CITA":" ","FIPS_ALPHA":"NY","NOAA_Regio":"North Atlantic","Shape_Leng":8.7268122906E-05,"Shape__Length":8.7268122906354736E-05}},{"type":"Feature","id":84590,"geometry":{"type":"LineString","coordinates":[[-71.9530149558241,41.0451003793087],[-71.9530279600247,41.0450931289725]]},"properties":{"FID":84590,"SOURCE_ID":"GC11249","SRC_DATE":"20140428","HOR_ACC":"0.6","INFORM":" ","ATTRIBUTE":"Natural.Great Lake Or Lake Or Pond","VER_DATE":" ","SRC_RESOLU":0,"DATA_SOURC":"Aerial Photography","EX_METH":"Stereo","EXT_METH":"Stereo","DAT_SET_CR":"NOAA","SRC_CITA":" ","FIPS_ALPHA":"NY","NOAA_Regio":"North Atlantic","Shape_Leng":1.488880389E-05,"Shape__Length":1.4888803890172934E-05}},{"type":"Feature","id":84637,"geometry":{"type":"LineString","coordinates":[[-71.9530149558241,41.0451003793087],[-71.9527531217217,41.0450781588637],[-71.9527498472899,41.0450927584608]]},"properties":{"FID":84637,"SOURCE_ID":"GC11249","SRC_DATE":"20140428","HOR_ACC":"0.6","INFORM":" ","ATTRIBUTE":"Man-made.Bulkhead Or Sea Wall","VER_DATE":" ","SRC_RESOLU":0,"DATA_SOURC":"Aerial Photography","EX_METH":"Stereo","EXT_METH":"Stereo","DAT_SET_CR":"NOAA","SRC_CITA":" ","FIPS_ALPHA":"NY","NOAA_Regio":"North Atlantic","Shape_Leng":0.000277737477698,"Shape__Length":0.00027773747769804395}},{"type":"Feature","id":84638,"geometry":{"type":"LineString","coordinates":[[-71.9580470162883,41.0513372291196],[-71.9580602956831,41.0513576635187],[-71.9580782002938,41.0513995242696],[-71.9580499723663,41.051434990841]]},"properties":{"FID":84638,"SOURCE_ID":"GC11249","SRC_DATE":"20140428","HOR_ACC":"0.6","INFORM":" ","ATTRIBUTE":"Man-made.Bulkhead Or Sea Wall","VER_DATE":" ","SRC_RESOLU":0,"DATA_SOURC":"Aerial Photography","EX_METH":"Stereo","EXT_METH":"Stereo","DAT_SET_CR":"NOAA","SRC_CITA":" ","FIPS_ALPHA":"NY","NOAA_Regio":"North Atlantic","Shape_Leng":0.000115227992913,"Shape__Length":0.00011522799291324042}},{"type":"Feature","id":84646,"geometry":{"type":"LineString","coordinates":[[-71.9523237148615,41.0728450832259],[-71.9530030458652,41.0727966214274],[-71.9533767565646,41.072799283409],[-71.9545247424262,41.0727763686416],[-71.9549409488047,41.0727913990005]]},"properties":{"FID":84646,"SOURCE_ID":"GC11249","SRC_DATE":"20140607","HOR_ACC":"0.6","INFORM":" ","ATTRIBUTE":"Man-made.Bulkhead Or Sea Wall","VER_DATE":" ","SRC_RESOLU":0,"DATA_SOURC":"Aerial Photography","EX_METH":"Stereo","EXT_METH":"Stereo","DAT_SET_CR":"NOAA","SRC_CITA":" ","FIPS_ALPHA":"NY","NOAA_Regio":"North Atlantic","Shape_Leng":0.00261946893827,"Shape__Length":0.0026194689382651741}},{"type":"Feature","id":84647,"geometry":{"type":"LineString","coordinates":[[-71.9480583702297,41.0732051944649],[-71.9480152791985,41.0731808219348],[-71.9474758395825,41.0732201538097],[-71.9468375230834,41.0734471445579],[-71.9468628336138,41.073492336398]]},"properties":{"FID":84647,"SOURCE_ID":"GC11249","SRC_DATE":"20140607","HOR_ACC":"0.6","INFORM":" ","ATTRIBUTE":"Man-made.Bulkhead Or Sea Wall","VER_DATE":" ","SRC_RESOLU":0,"DATA_SOURC":"Aerial Photography","EX_METH":"Stereo","EXT_METH":"Stereo","DAT_SET_CR":"NOAA","SRC_CITA":" ","FIPS_ALPHA":"NY","NOAA_Regio":"North Atlantic","Shape_Leng":0.00131964957596,"Shape__Length":0.0013196495759601006}},{"type":"Feature","id":84648,"geometry":{"type":"LineString","coordinates":[[-71.9459414572217,41.0739676740877],[-71.9458860400799,41.0739663493879],[-71.9458259131885,41.07399040536],[-71.9456121748531,41.0741194185356],[-71.9454739714972,41.0741955641526],[-71.9452552751965,41.0743007057194],[-71.9448991300715,41.0744833409871],[-71.9446479763273,41.0745718361005],[-71.9444627842781,41.0746391782538],[-71.9441678182486,41.0747433116828],[-71.943769723331,41.0748773322906],[-71.9436509813144,41.0750220260454]]},"properties":{"FID":84648,"SOURCE_ID":"GC11249","SRC_DATE":"20140607","HOR_ACC":"0.6","INFORM":" ","ATTRIBUTE":"Man-made.Bulkhead Or Sea Wall","VER_DATE":" ","SRC_RESOLU":0,"DATA_SOURC":"Aerial Photography","EX_METH":"Stereo","EXT_METH":"Stereo","DAT_SET_CR":"NOAA","SRC_CITA":" ","FIPS_ALPHA":"NY","NOAA_Regio":"North Atlantic","Shape_Leng":0.00255392321631,"Shape__Length":0.0025539232163137291}},{"type":"Feature","id":84761,"geometry":{"type":"LineString","coordinates":[[-71.9466077315465,41.0364637133727],[-71.9465516381153,41.0364809201065]]},"properties":{"FID":84761,"SOURCE_ID":"GC11249","SRC_DATE":"20140428","HOR_ACC":"0.6","INFORM":" ","ATTRIBUTE":"Man-made.Ramp","VER_DATE":" ","SRC_RESOLU":0,"DATA_SOURC":"Aerial Photography","EX_METH":"Stereo","EXT_METH":"Stereo","DAT_SET_CR":"NOAA","SRC_CITA":" ","FIPS_ALPHA":"NY","NOAA_Regio":"North Atlantic","Shape_Leng":5.8673184727E-05,"Shape__Length":5.8673184727191E-05}},{"type":"Feature","id":84762,"geometry":{"type":"LineString","coordinates":[[-71.9771709119648,41.0430249748623],[-71.9773223884276,41.0430994099591]]},"properties":{"FID":84762,"SOURCE_ID":"GC11249","SRC_DATE":"20140428","HOR_ACC":"0.6","INFORM":" ","ATTRIBUTE":"Man-made.Ramp","VER_DATE":" ","SRC_RESOLU":0,"DATA_SOURC":"Aerial Photography","EX_METH":"Stereo","EXT_METH":"Stereo","DAT_SET_CR":"NOAA","SRC_CITA":" ","FIPS_ALPHA":"NY","NOAA_Regio":"North Atlantic","Shape_Leng":0.000168777027002,"Shape__Length":0.00016877702700171467}},{"type":"Feature","id":84981,"geometry":{"type":"LineString","coordinates":[[-71.9480583702297,41.0732051944649],[-71.9486740642865,41.0731737685293]]},"properties":{"FID":84981,"SOURCE_ID":"GC11249","SRC_DATE":"20140607","HOR_ACC":"0.6","INFORM":" ","ATTRIBUTE":"Man-made.Rip Rap","VER_DATE":" ","SRC_RESOLU":0,"DATA_SOURC":"Aerial Photography","EX_METH":"Stereo","EXT_METH":"Stereo","DAT_SET_CR":"NOAA","SRC_CITA":" ","FIPS_ALPHA":"NY","NOAA_Regio":"North Atlantic","Shape_Leng":0.000616495349608,"Shape__Length":0.00061649534960788507}},{"type":"Feature","id":84982,"geometry":{"type":"LineString","coordinates":[[-71.9469068743323,41.0735684586268],[-71.9469014981807,41.0735219043128],[-71.9468628336138,41.073492336398]]},"properties":{"FID":84982,"SOURCE_ID":"GC11249","SRC_DATE":"20140607","HOR_ACC":"0.6","INFORM":" ","ATTRIBUTE":"Man-made.Rip Rap","VER_DATE":" ","SRC_RESOLU":0,"DATA_SOURC":"Aerial Photography","EX_METH":"Stereo","EXT_METH":"Stereo","DAT_SET_CR":"NOAA","SRC_CITA":" ","FIPS_ALPHA":"NY","NOAA_Regio":"North Atlantic","Shape_Leng":9.5538219496E-05,"Shape__Length":9.5538219495639782E-05}},{"type":"Feature","id":84983,"geometry":{"type":"LineString","coordinates":[[-71.9459414572217,41.0739676740877],[-71.9461137368006,41.0738969064165],[-71.9465440967035,41.0737247500489]]},"properties":{"FID":84983,"SOURCE_ID":"GC11249","SRC_DATE":"20140607","HOR_ACC":"0.6","INFORM":" ","ATTRIBUTE":"Man-made.Rip Rap","VER_DATE":" ","SRC_RESOLU":0,"DATA_SOURC":"Aerial Photography","EX_METH":"Stereo","EXT_METH":"Stereo","DAT_SET_CR":"NOAA","SRC_CITA":" ","FIPS_ALPHA":"NY","NOAA_Regio":"North Atlantic","Shape_Leng":0.00064976421271,"Shape__Length":0.00064976421271007909}},{"type":"Feature","id":85012,"geometry":{"type":"LineString","coordinates":[[-71.9111118579061,41.0753596317612],[-71.9111648819454,41.0752570595633],[-71.9111778384804,41.0752243925825],[-71.911175339263,41.0752125377171],[-71.9111642793956,41.0751892048024],[-71.9111456472339,41.0751635678244],[-71.9111328435799,41.0751297200343],[-71.911130160899,41.0750878574843],[-71.9111413475678,41.0750557606738],[-71.9111562835123,41.0750414452622],[-71.9111934650937,41.0750183659548],[-71.911239442948,41.0750146031891],[-71.9113204952736,41.0750248392721],[-71.9113502898229,41.0750294653846],[-71.9113960077732,41.0750289509709],[-71.9114331380945,41.0750280435535],[-71.9115063852009,41.0750281388793],[-71.9115341490805,41.0750365844134],[-71.9115714898443,41.0750546005343],[-71.9116017772226,41.0750638149888],[-71.9116426811007,41.0750696021259],[-71.9116803069489,41.0750732821513],[-71.9117209770029,41.0750712325946],[-71.9117836327897,41.0750636683934],[-71.9118430105464,41.0750539970802],[-71.9119428236336,41.075034440416],[-71.9119668148557,41.0750361913956],[-71.9120076926542,41.0750530644778],[-71.9121262710056,41.0751113234668],[-71.9121822700107,41.0751438897213],[-71.9122314251734,41.0751865769484],[-71.9122717346018,41.075232120423],[-71.9122966889993,41.0752541331323],[-71.9123330153276,41.0752740585142],[-71.9124021534319,41.0753039654725],[-71.9124919795479,41.0753446031429],[-71.9125116252457,41.0753683290611],[-71.9125237013473,41.0753897518153],[-71.9125337719596,41.0754039098448],[-71.9125854775999,41.0754362782485],[-71.9127757193528,41.0755252113176],[-71.9130525100911,41.0756526758445],[-71.9131561812756,41.0757141643001],[-71.9132028633006,41.0757339116159],[-71.9132384611771,41.0757414119621],[-71.9132720535644,41.0757416457848],[-71.9133597159081,41.0757339215035],[-71.9133895095581,41.075738547616],[-71.913403639711,41.0757450641044],[-71.9134381970723,41.075765560556],[-71.9134755378361,41.0757835757776],[-71.9135131385038,41.0757983417479],[-71.9135608358637,41.075816178004],[-71.9135961486558,41.0758380135464],[-71.9136306808367,41.0758695950437],[-71.913645514261,41.0758996234123],[-71.9136681322206,41.0759508766843],[-71.9136905136582,41.0759942941618],[-71.913714169435,41.0760325522277],[-71.9137562739102,41.0760664377884],[-71.9138251548085,41.0760995930985],[-71.9138751166622,41.0761214457276],[-71.9140702012649,41.0761929904013],[-71.9142341666181,41.0762872402643],[-71.9143481224548,41.0763818075895],[-71.9143790915213,41.0764256180706],[-71.9143895083767,41.0765108792128],[-71.9143580303002,41.076581176534],[-71.9142592667276,41.0766953517885],[-71.9142296331593,41.0767318220036],[-71.9141825140682,41.0767929255542],[-71.9141301384369,41.0768335704237],[-71.9140952456304,41.0768495810584],[-71.9140613681588,41.0768636824319],[-71.9140302489092,41.076886387621],[-71.9139907281921,41.0769387101892],[-71.9139253717446,41.0770231088839],[-71.9138605584868,41.0770899249299],[-71.9138015242753,41.0771707002551]]},"properties":{"FID":85012,"SOURCE_ID":"GC11249","SRC_DATE":"20140607","HOR_ACC":"0.6","INFORM":" ","ATTRIBUTE":"Natural.Apparent.Marsh Or Swamp","VER_DATE":" ","SRC_RESOLU":0,"DATA_SOURC":"Aerial Photography","EX_METH":"Stereo","EXT_METH":"Stereo","DAT_SET_CR":"NOAA","SRC_CITA":" ","FIPS_ALPHA":"NY","NOAA_Regio":"North Atlantic","Shape_Leng":0.00503267658081,"Shape__Length":0.0050326765808134527}},{"type":"Feature","id":85013,"geometry":{"type":"LineString","coordinates":[[-71.9138015242753,41.0771707002551],[-71.9137196976398,41.0772778230242],[-71.9136963863074,41.0773106698699],[-71.9136621976716,41.0773501914853],[-71.9136320928575,41.077370986514],[-71.9136004789804,41.0773891042606],[-71.9135445627172,41.0774308921688],[-71.9135103992618,41.0774593269399],[-71.9134415777235,41.0775116099388],[-71.91341753704,41.0775320317486],[-71.9133932346538,41.077555701011],[-71.9133843376594,41.0775807291487],[-71.913365033708,41.0776281063433],[-71.91333995161,41.0776615233593],[-71.9132954063782,41.0777012221416],[-71.9132377472276,41.0777324951744],[-71.9131995745925,41.0777463986971],[-71.9131419388237,41.0777665857849],[-71.9130708770726,41.0778037655666],[-71.9130468103093,41.0778352733214],[-71.9130132503031,41.0779315628535],[-71.9130012839225,41.0779734065182],[-71.9130056861089,41.0780368698887],[-71.9129861735137,41.0780653244444],[-71.9129583062145,41.0781012217912],[-71.9129235977708,41.078147241909],[-71.9128758320704,41.0782702727878],[-71.9128549668967,41.0783371445903],[-71.9128541377232,41.0783690633346],[-71.9128489378452,41.078434043862],[-71.9128348409726,41.0785240516277],[-71.9128147069486,41.0786033475667],[-71.9127771125822,41.0786961917955],[-71.9127049095944,41.078790712362],[-71.912586910417,41.0789190042781],[-71.9125077053037,41.0789825503889],[-71.9124509571691,41.0790562570414],[-71.9124099732531,41.0790837277393],[-71.9123520263202,41.0791293341697],[-71.9122561144967,41.0792077676611]]},"properties":{"FID":85013,"SOURCE_ID":"GC11249","SRC_DATE":"20140607","HOR_ACC":"0.6","INFORM":" ","ATTRIBUTE":"Natural.Apparent.Marsh Or Swamp","VER_DATE":" ","SRC_RESOLU":0,"DATA_SOURC":"Aerial Photography","EX_METH":"Stereo","EXT_METH":"Stereo","DAT_SET_CR":"NOAA","SRC_CITA":" ","FIPS_ALPHA":"NY","NOAA_Regio":"North Atlantic","Shape_Leng":0.00268654227775,"Shape__Length":0.0026865422777524023}},{"type":"Feature","id":85014,"geometry":{"type":"LineString","coordinates":[[-71.9284423900889,41.0574485742394],[-71.9279745095383,41.0572596239576]]},"properties":{"FID":85014,"SOURCE_ID":"GC11249","SRC_DATE":"20140428","HOR_ACC":"0.6","INFORM":" ","ATTRIBUTE":"Natural.Apparent.Marsh Or Swamp","VER_DATE":" ","SRC_RESOLU":0,"DATA_SOURC":"Aerial Photography","EX_METH":"Stereo","EXT_METH":"Stereo","DAT_SET_CR":"NOAA","SRC_CITA":" ","FIPS_ALPHA":"NY","NOAA_Regio":"North Atlantic","Shape_Leng":0.000504593161392,"Shape__Length":0.00050459316139191}},{"type":"Feature","id":85015,"geometry":{"type":"LineString","coordinates":[[-71.9312586855202,41.0589184542674],[-71.9312759066426,41.0589002088176],[-71.9313295952831,41.0588349144252]]},"properties":{"FID":85015,"SOURCE_ID":"GC11249","SRC_DATE":"20140428","HOR_ACC":"0.6","INFORM":" ","ATTRIBUTE":"Natural.Apparent.Marsh Or Swamp","VER_DATE":" ","SRC_RESOLU":0,"DATA_SOURC":"Aerial Photography","EX_METH":"Stereo","EXT_METH":"Stereo","DAT_SET_CR":"NOAA","SRC_CITA":" ","FIPS_ALPHA":"NY","NOAA_Regio":"North Atlantic","Shape_Leng":0.000109622083302,"Shape__Length":0.00010962208330192643}},{"type":"Feature","id":85016,"geometry":{"type":"LineString","coordinates":[[-71.9387164181773,41.0686860070712],[-71.9386730033895,41.0686519605319]]},"properties":{"FID":85016,"SOURCE_ID":"GC11249","SRC_DATE":"20140428","HOR_ACC":"0.6","INFORM":" ","ATTRIBUTE":"Natural.Apparent.Marsh Or Swamp","VER_DATE":" ","SRC_RESOLU":0,"DATA_SOURC":"Aerial Photography","EX_METH":"Stereo","EXT_METH":"Stereo","DAT_SET_CR":"NOAA","SRC_CITA":" ","FIPS_ALPHA":"NY","NOAA_Regio":"North Atlantic","Shape_Leng":5.5172537441E-05,"Shape__Length":5.5172537441339716E-05}},{"type":"Feature","id":85017,"geometry":{"type":"LineString","coordinates":[[-71.8875538632825,41.0668133887327],[-71.8875692704738,41.0668330101445],[-71.8875762806921,41.06684344498],[-71.8875939101099,41.0668798396505],[-71.8876037873688,41.0669100200046],[-71.8876099567213,41.0669318681385],[-71.8876072470642,41.0669510506816],[-71.8875993231358,41.0669647806342],[-71.8875849366772,41.0669782389917],[-71.8875647118177,41.0669888339075],[-71.8875541070092,41.0669978720961],[-71.8875307911799,41.0670269804592],[-71.8875231298538,41.0670430117775],[-71.8875235057723,41.0670731174882],[-71.887527423222,41.0671020666703],[-71.8875633664444,41.0672183868041],[-71.8875617989284,41.0672690177459],[-71.8875540170933,41.0672866786359],[-71.8875486283547,41.0673011703144],[-71.8875358193081,41.0673284314694],[-71.8875248547709,41.0673423610716],[-71.8875116167471,41.0673578294142],[-71.8875035273428,41.0673620679201],[-71.8874750467041,41.0673674089957],[-71.8874394596199,41.0673695062163],[-71.8874128477725,41.0673670753492],[-71.8873698448755,41.0673525063306],[-71.8872622337606,41.0673057757527],[-71.8872464659413,41.0672910457546],[-71.8872306756385,41.0672707561464],[-71.8872101953697,41.067249613981],[-71.8871964834017,41.0672421666941],[-71.8871834414292,41.0672432521764],[-71.8871427282087,41.0672621406424],[-71.8871129048823,41.0672798545932],[-71.8870949975771,41.0673000326864],[-71.8870881015744,41.0673174039947],[-71.8870806282075,41.0673484881682],[-71.8870752853349,41.0673741017646],[-71.8870669027529,41.0673999150107],[-71.88705938352,41.0674198772662],[-71.8870470753959,41.0674461788444],[-71.8870389563155,41.0674742916573],[-71.8870360973723,41.0675189816766],[-71.8870370965209,41.0675464973393],[-71.8870421624055,41.0675774565066],[-71.8870525414862,41.0676066772839],[-71.887072017212,41.0676297404017],[-71.8870885044887,41.0676346875726],[-71.8871066222365,41.0676351237434],[-71.8871390266186,41.067629295235],[-71.8871598009646,41.0676288626604],[-71.8871899768267,41.0676356957096],[-71.8872119436748,41.0676483959374],[-71.8872239073606,41.0676619837964],[-71.8872502943797,41.0677026727302],[-71.8872629703298,41.0677359152764],[-71.8872644721996,41.0677624722615],[-71.8872577407735,41.0677893359159],[-71.8872450270547,41.0678094060903],[-71.8872289903395,41.0678218131402],[-71.8871979205527,41.0678447062877],[-71.8871749410694,41.0678633618287],[-71.8871571785553,41.0678874717587]]},"properties":{"FID":85017,"SOURCE_ID":"GC11249","SRC_DATE":"20140428","HOR_ACC":"0.6","INFORM":" ","ATTRIBUTE":"Natural.Apparent.Marsh Or Swamp","VER_DATE":" ","SRC_RESOLU":0,"DATA_SOURC":"Aerial Photography","EX_METH":"Stereo","EXT_METH":"Stereo","DAT_SET_CR":"NOAA","SRC_CITA":" ","FIPS_ALPHA":"NY","NOAA_Regio":"North Atlantic","Shape_Leng":0.00188150255508,"Shape__Length":0.0018815025550824476}},{"type":"Feature","id":85082,"geometry":{"type":"LineString","coordinates":[[-71.9082186835839,41.0522652548225],[-71.9082327067142,41.0522126939348],[-71.9078969869841,41.0521481289053]]},"properties":{"FID":85082,"SOURCE_ID":"GC11249","SRC_DATE":"20140428","HOR_ACC":"0.6","INFORM":" ","ATTRIBUTE":"Man-made.Bulkhead Or Sea Wall","VER_DATE":" ","SRC_RESOLU":0,"DATA_SOURC":"Aerial Photography","EX_METH":"Stereo","EXT_METH":"Stereo","DAT_SET_CR":"NOAA","SRC_CITA":" ","FIPS_ALPHA":"NY","NOAA_Regio":"North Atlantic","Shape_Leng":0.000396271158998,"Shape__Length":0.00039627115899835361}},{"type":"Feature","id":85083,"geometry":{"type":"LineString","coordinates":[[-71.9312586855202,41.0589184542674],[-71.9312203321218,41.0589414526358],[-71.9315298779898,41.0592759977945],[-71.931636650042,41.059412982552],[-71.9317865050337,41.0596130178897],[-71.9318209005165,41.059624289094]]},"properties":{"FID":85083,"SOURCE_ID":"GC11249","SRC_DATE":"20140428","HOR_ACC":"0.6","INFORM":" ","ATTRIBUTE":"Man-made.Bulkhead Or Sea Wall","VER_DATE":" ","SRC_RESOLU":0,"DATA_SOURC":"Aerial Photography","EX_METH":"Stereo","EXT_METH":"Stereo","DAT_SET_CR":"NOAA","SRC_CITA":" ","FIPS_ALPHA":"NY","NOAA_Regio":"North Atlantic","Shape_Leng":0.000960321610111,"Shape__Length":0.00096032161011063138}},{"type":"Feature","id":85084,"geometry":{"type":"LineString","coordinates":[[-71.9120852135239,41.0623731373524],[-71.9121179740355,41.0623281280728],[-71.9118765716324,41.0622205763374],[-71.9118459155318,41.0622064938517],[-71.9118185167767,41.0621945490548],[-71.9118065405019,41.0622069875809]]},"properties":{"FID":85084,"SOURCE_ID":"GC11249","SRC_DATE":"20140428","HOR_ACC":"0.6","INFORM":" ","ATTRIBUTE":"Man-made.Bulkhead Or Sea Wall","VER_DATE":" ","SRC_RESOLU":0,"DATA_SOURC":"Aerial Photography","EX_METH":"Stereo","EXT_METH":"Stereo","DAT_SET_CR":"NOAA","SRC_CITA":" ","FIPS_ALPHA":"NY","NOAA_Regio":"North Atlantic","Shape_Leng":0.000400838817418,"Shape__Length":0.00040083881741847095}},{"type":"Feature","id":85085,"geometry":{"type":"LineString","coordinates":[[-71.9347283687183,41.0676660031304],[-71.9348009593173,41.0676284132578],[-71.9352401235828,41.06740099264],[-71.9356635326209,41.0671859835688],[-71.9357490581725,41.0671384480913],[-71.9361113924335,41.0669490319338],[-71.9363598958953,41.0672238288239],[-71.9370887849368,41.0668412868046],[-71.9372739338195,41.0667907556817],[-71.9373491333525,41.0667523222447],[-71.9375890473875,41.0670437727841],[-71.9373438417632,41.0671643170434],[-71.9371562413302,41.0672565407447],[-71.9371284774531,41.0672936512771],[-71.9371225680064,41.0673015500244],[-71.9371873282099,41.0673364796974],[-71.9372013612364,41.0673502797964],[-71.9372143690356,41.0673659999484],[-71.9375783868481,41.0675317297338],[-71.9381055507013,41.0672640410613],[-71.9384152206473,41.0670923424526],[-71.9384296322886,41.0671068170434],[-71.9384845143325,41.0670884241034],[-71.938702742985,41.0669730968133],[-71.93874378716,41.0670219947598],[-71.9388972547281,41.0671992196885],[-71.9389196334666,41.0672250644098],[-71.9391912737955,41.0675245629828],[-71.9390824297141,41.0675554870802],[-71.939084605176,41.0675762704167]]},"properties":{"FID":85085,"SOURCE_ID":"GC11249","SRC_DATE":"20140428","HOR_ACC":"0.6","INFORM":" ","ATTRIBUTE":"Man-made.Bulkhead Or Sea Wall","VER_DATE":" ","SRC_RESOLU":0,"DATA_SOURC":"Aerial Photography","EX_METH":"Stereo","EXT_METH":"Stereo","DAT_SET_CR":"NOAA","SRC_CITA":" ","FIPS_ALPHA":"NY","NOAA_Regio":"North Atlantic","Shape_Leng":0.00659884572885,"Shape__Length":0.00659884572885387}},{"type":"Feature","id":85086,"geometry":{"type":"LineString","coordinates":[[-71.9387164181773,41.0686860070712],[-71.9387187141497,41.0687314183468],[-71.9387222179234,41.068976145507]]},"properties":{"FID":85086,"SOURCE_ID":"GC11249","SRC_DATE":"20140607","HOR_ACC":"0.6","INFORM":" ","ATTRIBUTE":"Man-made.Bulkhead Or Sea Wall","VER_DATE":" ","SRC_RESOLU":0,"DATA_SOURC":"Aerial Photography","EX_METH":"Stereo","EXT_METH":"Stereo","DAT_SET_CR":"NOAA","SRC_CITA":" ","FIPS_ALPHA":"NY","NOAA_Regio":"North Atlantic","Shape_Leng":0.000290221463985,"Shape__Length":0.00029022146398453472}},{"type":"Feature","id":85087,"geometry":{"type":"LineString","coordinates":[[-71.9318679491172,41.0694084742028],[-71.9319063187128,41.0695520339072],[-71.9317140373038,41.0695858376371],[-71.9317423147024,41.0696978131454],[-71.9316722718819,41.0697071858839],[-71.9312156490635,41.0697841804714],[-71.9312056342083,41.0697565236154],[-71.9311522630254,41.0697638809723],[-71.9311133376553,41.0697406047158],[-71.9310377289292,41.0697549785853],[-71.9310721334118,41.0698830159883],[-71.9310798136262,41.0699113985974],[-71.9310843848826,41.0699282950631],[-71.9310916810862,41.0699552549445],[-71.9311116631291,41.0699527188552],[-71.9311629173073,41.0699462122572],[-71.9311904824342,41.0699090684499],[-71.9312443725262,41.0699007569121],[-71.9312392499848,41.0698762971465],[-71.9316294317691,41.0698139498222],[-71.9316451654133,41.0698114362161],[-71.9316428622478,41.0697939884657],[-71.9319645687307,41.0697430526433],[-71.932061647001,41.0701201564344],[-71.9320740009954,41.0701802698293],[-71.9320964220068,41.0702893764999],[-71.9321104505394,41.0703520106949],[-71.9321367260468,41.0704693236807],[-71.9322174906091,41.0708328225257],[-71.932229641356,41.0708818301905],[-71.9322824207848,41.0708714978758],[-71.9323220044568,41.070859450554]]},"properties":{"FID":85087,"SOURCE_ID":"GC11249","SRC_DATE":"20140428","HOR_ACC":"0.6","INFORM":" ","ATTRIBUTE":"Man-made.Bulkhead Or Sea Wall","VER_DATE":" ","SRC_RESOLU":0,"DATA_SOURC":"Aerial Photography","EX_METH":"Stereo","EXT_METH":"Stereo","DAT_SET_CR":"NOAA","SRC_CITA":" ","FIPS_ALPHA":"NY","NOAA_Regio":"North Atlantic","Shape_Leng":0.00362260879144,"Shape__Length":0.003622608791436617}},{"type":"Feature","id":85088,"geometry":{"type":"LineString","coordinates":[[-71.932445093822,41.0711466077329],[-71.9323838382752,41.0710697849327],[-71.9322830512135,41.0709377644337],[-71.9323264884817,41.0709256397701],[-71.9323480173586,41.0709173237368]]},"properties":{"FID":85088,"SOURCE_ID":"GC11249","SRC_DATE":"20140607","HOR_ACC":"0.6","INFORM":" ","ATTRIBUTE":"Man-made.Bulkhead Or Sea Wall","VER_DATE":" ","SRC_RESOLU":0,"DATA_SOURC":"Aerial Photography","EX_METH":"Stereo","EXT_METH":"Stereo","DAT_SET_CR":"NOAA","SRC_CITA":" ","FIPS_ALPHA":"NY","NOAA_Regio":"North Atlantic","Shape_Leng":0.00033252618997,"Shape__Length":0.00033252618996953227}},{"type":"Feature","id":85089,"geometry":{"type":"LineString","coordinates":[[-71.927328693547,41.0726455181388],[-71.9273391427724,41.0726303690556],[-71.9273573720345,41.0726009126549],[-71.927292033567,41.0725707143162],[-71.927236789993,41.0725451816607],[-71.9271094459467,41.072486325522],[-71.9269601269586,41.0724180660709],[-71.9269297433562,41.0724671591726],[-71.9268030387283,41.0724115208088],[-71.9268830721137,41.0722819716415],[-71.9268267817286,41.0722576800507],[-71.9267050692392,41.0722051560396],[-71.9265993287148,41.0721595253328],[-71.9264794625341,41.0721077972218],[-71.9263687037907,41.0720535087401],[-71.9262690480814,41.0720096029331],[-71.926168577586,41.0719653382966],[-71.9260724310325,41.0719229793237],[-71.9259720477714,41.0718787524587],[-71.9258723066264,41.0718348088802],[-71.9257767167535,41.0717926945229],[-71.9257222744758,41.0717687087017],[-71.9256715652858,41.0717562593858]]},"properties":{"FID":85089,"SOURCE_ID":"GC11249","SRC_DATE":"20140428","HOR_ACC":"0.6","INFORM":" ","ATTRIBUTE":"Man-made.Bulkhead Or Sea Wall","VER_DATE":" ","SRC_RESOLU":0,"DATA_SOURC":"Aerial Photography","EX_METH":"Stereo","EXT_METH":"Stereo","DAT_SET_CR":"NOAA","SRC_CITA":" ","FIPS_ALPHA":"NY","NOAA_Regio":"North Atlantic","Shape_Leng":0.00216028193427,"Shape__Length":0.0021602819342672239}},{"type":"Feature","id":85090,"geometry":{"type":"LineString","coordinates":[[-71.9278459522925,41.072882914907],[-71.9274047375476,41.0726766175981],[-71.9273905093685,41.0726704302616]]},"properties":{"FID":85090,"SOURCE_ID":"GC11249","SRC_DATE":"20140607","HOR_ACC":"0.6","INFORM":" ","ATTRIBUTE":"Man-made.Bulkhead Or Sea Wall","VER_DATE":" ","SRC_RESOLU":0,"DATA_SOURC":"Aerial Photography","EX_METH":"Stereo","EXT_METH":"Stereo","DAT_SET_CR":"NOAA","SRC_CITA":" ","FIPS_ALPHA":"NY","NOAA_Regio":"North Atlantic","Shape_Leng":0.00050257676303,"Shape__Length":0.00050257676302994968}},{"type":"Feature","id":85091,"geometry":{"type":"LineString","coordinates":[[-71.9358952810571,41.0718667983466],[-71.9358920147178,41.0718551862982],[-71.9358797749395,41.071832971241],[-71.9357907681095,41.0718514352285],[-71.9356928220156,41.0718717536186],[-71.9356239645023,41.0718860375557],[-71.9355861183143,41.0717794498871],[-71.9354438689047,41.0718093235773],[-71.9354403075877,41.0718009652767],[-71.9352933879971,41.0718299414435],[-71.9352817363748,41.0717917382358],[-71.935429173975,41.0717618078882],[-71.9354250182058,41.0717504764283],[-71.9355625965352,41.0717197052147],[-71.9355165143523,41.0715943819666],[-71.935418963945,41.0713468048572],[-71.9353304229503,41.0711220921157],[-71.93520354204,41.0707970590823],[-71.9360447825325,41.0706050843376]]},"properties":{"FID":85091,"SOURCE_ID":"GC11249","SRC_DATE":"20140607","HOR_ACC":"0.6","INFORM":" ","ATTRIBUTE":"Man-made.Bulkhead Or Sea Wall","VER_DATE":" ","SRC_RESOLU":0,"DATA_SOURC":"Aerial Photography","EX_METH":"Stereo","EXT_METH":"Stereo","DAT_SET_CR":"NOAA","SRC_CITA":" ","FIPS_ALPHA":"NY","NOAA_Regio":"North Atlantic","Shape_Leng":0.00291235353464,"Shape__Length":0.0029123535346441028}},{"type":"Feature","id":85092,"geometry":{"type":"LineString","coordinates":[[-71.895044327137,41.0670440502517],[-71.8950420464529,41.0669973142745],[-71.8950486528711,41.0669310944811],[-71.8950476060579,41.0668958284595],[-71.8950428621314,41.0668744146982],[-71.8950301142371,41.0668721987687],[-71.8949997755988,41.0668851517076],[-71.8949781406023,41.066902418695],[-71.8949485564955,41.0669167107247],[-71.894906877402,41.0669206641465],[-71.8948582789219,41.0669141917261],[-71.8948383238586,41.0669158833518],[-71.8948227772737,41.0669216902759],[-71.8948247234089,41.0669511277901],[-71.8948350080607,41.0669786668349],[-71.8948883118002,41.0670714445109],[-71.8949373050853,41.0671213065306],[-71.8949587125555,41.0671444640772],[-71.8949736673882,41.0671728700684],[-71.8949715827606,41.06719886138],[-71.8949538463267,41.0672211987459],[-71.8949414482694,41.0672307378571],[-71.8949098343924,41.0672488502077],[-71.8948779597119,41.0672702118095],[-71.8948611091106,41.0672922640903],[-71.8948519603057,41.0673149962584],[-71.8948558192991,41.0673366951048],[-71.8948663800423,41.0673554423755],[-71.8948745458901,41.0673717956506],[-71.8948757518826,41.0673943515512],[-71.8948667190906,41.0674210020662],[-71.8948438808022,41.0674639743807],[-71.8948349640229,41.067494544142],[-71.8948339954547,41.0675280870622],[-71.8948281597583,41.067638363752],[-71.8948504179938,41.0677743898346],[-71.8948645355593,41.0678347136709],[-71.894878692694,41.0678784090393],[-71.8948886005297,41.0679052771896],[-71.8949309280398,41.0679952678664],[-71.894946389191,41.0680227187774],[-71.8949853037702,41.0680639652906],[-71.8949969814722,41.0680902632707],[-71.8950083552045,41.0681364389698],[-71.895001221781,41.0681608942392],[-71.8949933626038,41.0681729244728],[-71.8949753797555,41.0681929676678],[-71.8949570353792,41.0682067983448],[-71.89488358233,41.0682415751376],[-71.8948528380979,41.0682649449258],[-71.8948303334568,41.0682830293971],[-71.8948298091519,41.0682834511792]]},"properties":{"FID":85092,"SOURCE_ID":"GC11249","SRC_DATE":"20140428","HOR_ACC":"0.6","INFORM":" ","ATTRIBUTE":"Natural.Apparent.Marsh Or Swamp","VER_DATE":" ","SRC_RESOLU":0,"DATA_SOURC":"Aerial Photography","EX_METH":"Stereo","EXT_METH":"Stereo","DAT_SET_CR":"NOAA","SRC_CITA":" ","FIPS_ALPHA":"NY","NOAA_Regio":"North Atlantic","Shape_Leng":0.00201586168469,"Shape__Length":0.0020158616846925551}},{"type":"Feature","id":85093,"geometry":{"type":"LineString","coordinates":[[-71.8964952650588,41.0677713968372],[-71.8964845874034,41.0677487321189],[-71.8964759134386,41.067733333924],[-71.8964578235676,41.0676956532229],[-71.8964489310667,41.067666874912],[-71.8964410664909,41.0676306439179],[-71.8964446889593,41.0675962439435],[-71.8964503124204,41.0675691104925],[-71.8964557173453,41.0675285969256],[-71.8964463724841,41.0674786018049],[-71.8964345931581,41.067442842955],[-71.896401260672,41.0673910923582],[-71.8963652176298,41.0673623707055],[-71.8963042903387,41.067337722084]]},"properties":{"FID":85093,"SOURCE_ID":"GC11249","SRC_DATE":"20140428","HOR_ACC":"0.6","INFORM":" ","ATTRIBUTE":"Natural.Apparent.Marsh Or Swamp","VER_DATE":" ","SRC_RESOLU":0,"DATA_SOURC":"Aerial Photography","EX_METH":"Stereo","EXT_METH":"Stereo","DAT_SET_CR":"NOAA","SRC_CITA":" ","FIPS_ALPHA":"NY","NOAA_Regio":"North Atlantic","Shape_Leng":0.000516771386755,"Shape__Length":0.00051677138675485239}},{"type":"Feature","id":85094,"geometry":{"type":"LineString","coordinates":[[-71.8939971859963,41.0690157342182],[-71.8939856297057,41.0690416167121],[-71.8939857178401,41.069056621004],[-71.893994610341,41.0690853993149],[-71.8940245892528,41.0691144950858],[-71.8940401951944,41.069134779298],[-71.8940499870174,41.0691577291015],[-71.8940580089739,41.0691812499746],[-71.894069875535,41.069232014915],[-71.8940815523377,41.069258312895],[-71.894097419982,41.0692753469568],[-71.8941172176646,41.0692863663513],[-71.8941419607202,41.0692894600189],[-71.8941611612519,41.0692864293024],[-71.8941787241177,41.0692823454797],[-71.8942027270306,41.0692785575337],[-71.8942250751907,41.0692792590043],[-71.894241232416,41.0692819578698],[-71.8942606523831,41.0692923072693],[-71.8942835833052,41.0693126013738],[-71.8943009447244,41.0693378561399],[-71.8943055870269,41.0693498090314],[-71.8942983079137,41.0693814318989],[-71.8942915522058,41.0694065562641],[-71.8942596370595,41.0694928075615],[-71.8942367277263,41.0695634951882],[-71.8942161242548,41.06962157072],[-71.8941924271131,41.0696537430739],[-71.8941679916273,41.0696790338143],[-71.8941302434741,41.0697252337967],[-71.8941046487623,41.069759600497],[-71.8940875229688,41.0697904445517]]},"properties":{"FID":85094,"SOURCE_ID":"GC11249","SRC_DATE":"20140428","HOR_ACC":"0.6","INFORM":" ","ATTRIBUTE":"Natural.Apparent.Marsh Or Swamp","VER_DATE":" ","SRC_RESOLU":0,"DATA_SOURC":"Aerial Photography","EX_METH":"Stereo","EXT_METH":"Stereo","DAT_SET_CR":"NOAA","SRC_CITA":" ","FIPS_ALPHA":"NY","NOAA_Regio":"North Atlantic","Shape_Leng":0.00103830707012,"Shape__Length":0.00103830707011716}},{"type":"Feature","id":85095,"geometry":{"type":"LineString","coordinates":[[-71.8868906169994,41.0729037589227],[-71.8869000221128,41.0729110236473],[-71.8869249099599,41.0729251564952],[-71.8869484308375,41.0729460999104],[-71.8869606580249,41.0729619882357],[-71.8869780257398,41.0729960833392],[-71.8869862734269,41.0730307737944],[-71.8870003837969,41.0730738890999],[-71.8870303609112,41.0731245416244],[-71.8870666359793,41.0731659751967],[-71.8871449777509,41.0732405820664],[-71.8872274411161,41.0733003168444],[-71.8873023681591,41.0733450140557],[-71.8873679359548,41.073393570259],[-71.8873944974412,41.0734143149239],[-71.8874273047217,41.0734441535348],[-71.8874563285535,41.0734784132139],[-71.8875121476969,41.0735595923312],[-71.8875466061333,41.0735904822497],[-71.8875924796683,41.073624796787],[-71.8877421179177,41.07372301446],[-71.8877880885791,41.0737501380167],[-71.8878298495122,41.0737698880307],[-71.8878626873684,41.0737758523346],[-71.8878965054855,41.0737743333783],[-71.8879252298404,41.0737657322597],[-71.8879409086257,41.0737582166233],[-71.8879529244711,41.0737534897853],[-71.8879864593013,41.0737441098535],[-71.888035716984,41.0737383371026],[-71.8880790607236,41.073742453299],[-71.8881063200833,41.0737478546274],[-71.8881380086053,41.0737518071475],[-71.8881691719229,41.0737511587352],[-71.8882204872556,41.0737526677962],[-71.8882430557499,41.0737572165673],[-71.8882724923693,41.0737682710351],[-71.8883009469291,41.0737868051659],[-71.8883332272065,41.0738120428443],[-71.8883954648128,41.0738823707394],[-71.8884190333551,41.0739144369718],[-71.8884388193479,41.073950923373],[-71.8884397492478,41.0739617557092],[-71.8884352922077,41.0739870806231],[-71.8884134467734,41.0740666202784],[-71.8884091543098,41.0741014375384],[-71.8884168111409,41.0741148428352],[-71.8884360017812,41.0741300440781],[-71.8884860715526,41.0741367332352],[-71.8885933706,41.0741350416066]]},"properties":{"FID":85095,"SOURCE_ID":"GC11249","SRC_DATE":"20140428","HOR_ACC":"0.6","INFORM":" ","ATTRIBUTE":"Natural.Apparent.Marsh Or Swamp","VER_DATE":" ","SRC_RESOLU":0,"DATA_SOURC":"Aerial Photography","EX_METH":"Stereo","EXT_METH":"Stereo","DAT_SET_CR":"NOAA","SRC_CITA":" ","FIPS_ALPHA":"NY","NOAA_Regio":"North Atlantic","Shape_Leng":0.00236191309324,"Shape__Length":0.0023619130932379588}},{"type":"Feature","id":85162,"geometry":{"type":"LineString","coordinates":[[-71.9344811767914,41.0731050238988],[-71.934595258527,41.0730903757347],[-71.9348503899671,41.0728826376891],[-71.9350300691648,41.0727159537053],[-71.9353016015434,41.072456369733],[-71.9355252405137,41.0722445109939],[-71.9355740899006,41.0721777875787]]},"properties":{"FID":85162,"SOURCE_ID":"GC11249","SRC_DATE":"20140607","HOR_ACC":"0.6","INFORM":" ","ATTRIBUTE":"Man-made.Bulkhead Or Sea Wall","VER_DATE":" ","SRC_RESOLU":0,"DATA_SOURC":"Aerial Photography","EX_METH":"Stereo","EXT_METH":"Stereo","DAT_SET_CR":"NOAA","SRC_CITA":" ","FIPS_ALPHA":"NY","NOAA_Regio":"North Atlantic","Shape_Leng":0.00145551624515,"Shape__Length":0.0014555162451528074}},{"type":"Feature","id":85163,"geometry":{"type":"LineString","coordinates":[[-71.927984903895,41.0729906078393],[-71.9280076540501,41.0729541951811],[-71.9278459522925,41.072882914907]]},"properties":{"FID":85163,"SOURCE_ID":"GC11249","SRC_DATE":"20140607","HOR_ACC":"0.6","INFORM":" ","ATTRIBUTE":"Man-made.Bulkhead Or Sea Wall","VER_DATE":" ","SRC_RESOLU":0,"DATA_SOURC":"Aerial Photography","EX_METH":"Stereo","EXT_METH":"Stereo","DAT_SET_CR":"NOAA","SRC_CITA":" ","FIPS_ALPHA":"NY","NOAA_Regio":"North Atlantic","Shape_Leng":0.000219650775688,"Shape__Length":0.00021965077568770881}},{"type":"Feature","id":85164,"geometry":{"type":"LineString","coordinates":[[-71.933893080248,41.0732933968498],[-71.9338505962601,41.0732807254011],[-71.9337951386479,41.0732634548189],[-71.9333617354124,41.072979035187],[-71.9333386704909,41.0729523343109],[-71.933213555859,41.072793473541],[-71.9329128503091,41.0720976598535],[-71.932885888623,41.0720543323083],[-71.9327655682766,41.0718609609474],[-71.932795441066,41.0718507455453],[-71.9327945426415,41.0718225823706],[-71.9325083422712,41.071298572502],[-71.932445093822,41.0711466077329]]},"properties":{"FID":85164,"SOURCE_ID":"GC11249","SRC_DATE":"20140607","HOR_ACC":"0.6","INFORM":" ","ATTRIBUTE":"Man-made.Bulkhead Or Sea Wall","VER_DATE":" ","SRC_RESOLU":0,"DATA_SOURC":"Aerial Photography","EX_METH":"Stereo","EXT_METH":"Stereo","DAT_SET_CR":"NOAA","SRC_CITA":" ","FIPS_ALPHA":"NY","NOAA_Regio":"North Atlantic","Shape_Leng":0.00271652411287,"Shape__Length":0.0027165241128730548}},{"type":"Feature","id":85165,"geometry":{"type":"LineString","coordinates":[[-71.9336592583272,41.0748532343796],[-71.9336715988285,41.0748564368656],[-71.9338243847032,41.0749076325768],[-71.933839775706,41.0749127901893],[-71.9338878651703,41.0749289042433],[-71.9339853427204,41.0749636999163],[-71.9339562973093,41.0750076327071]]},"properties":{"FID":85165,"SOURCE_ID":"GC11249","SRC_DATE":"20140607","HOR_ACC":"0.6","INFORM":" ","ATTRIBUTE":"Man-made.Bulkhead Or Sea Wall","VER_DATE":" ","SRC_RESOLU":0,"DATA_SOURC":"Aerial Photography","EX_METH":"Stereo","EXT_METH":"Stereo","DAT_SET_CR":"NOAA","SRC_CITA":" ","FIPS_ALPHA":"NY","NOAA_Regio":"North Atlantic","Shape_Leng":0.000397001817241,"Shape__Length":0.00039700181724109404}},{"type":"Feature","id":85166,"geometry":{"type":"LineString","coordinates":[[-71.9349483263103,41.0753702915557],[-71.9349982063254,41.075388310374],[-71.9350435312729,41.0754066070832],[-71.9350025536538,41.0754629981851],[-71.9353304546829,41.0756582293378]]},"properties":{"FID":85166,"SOURCE_ID":"GC11249","SRC_DATE":"20140607","HOR_ACC":"0.6","INFORM":" ","ATTRIBUTE":"Man-made.Bulkhead Or Sea Wall","VER_DATE":" ","SRC_RESOLU":0,"DATA_SOURC":"Aerial Photography","EX_METH":"Stereo","EXT_METH":"Stereo","DAT_SET_CR":"NOAA","SRC_CITA":" ","FIPS_ALPHA":"NY","NOAA_Regio":"North Atlantic","Shape_Leng":0.000553241309067,"Shape__Length":0.00055324130906725085}},{"type":"Feature","id":85167,"geometry":{"type":"LineString","coordinates":[[-71.9357848372836,41.0754774826436],[-71.9357756327177,41.0754456187582],[-71.935617370872,41.0754429073068],[-71.9355858424294,41.0754422885742],[-71.9355075222523,41.0755578739653]]},"properties":{"FID":85167,"SOURCE_ID":"GC11249","SRC_DATE":"20140607","HOR_ACC":"0.6","INFORM":" ","ATTRIBUTE":"Man-made.Bulkhead Or Sea Wall","VER_DATE":" ","SRC_RESOLU":0,"DATA_SOURC":"Aerial Photography","EX_METH":"Stereo","EXT_METH":"Stereo","DAT_SET_CR":"NOAA","SRC_CITA":" ","FIPS_ALPHA":"NY","NOAA_Regio":"North Atlantic","Shape_Leng":0.000362607235838,"Shape__Length":0.00036260723583765689}},{"type":"Feature","id":85168,"geometry":{"type":"LineString","coordinates":[[-71.9382366049497,41.0761230646187],[-71.9381431788367,41.0759111456353],[-71.9380461194747,41.0759346791023],[-71.9379904307384,41.075948181528],[-71.9379138048685,41.0757794093263],[-71.9379709612988,41.0757650633364],[-71.9377815766008,41.0756897271199],[-71.9374925370728,41.0752167016269],[-71.9374847138619,41.0751125951874],[-71.9376151893448,41.0751033861236],[-71.9376335966654,41.0749447240993],[-71.9371867701581,41.0748978199632],[-71.9371935861186,41.0748367577828],[-71.9374951612748,41.0748514616914],[-71.9376143448517,41.0745844178462],[-71.9376345867963,41.0745374597357],[-71.9377092134533,41.0743643366082],[-71.9380503668672,41.0740428289027],[-71.9382000860423,41.0739078028607],[-71.938214303428,41.073888128388],[-71.9384546185225,41.0735023749049],[-71.9385276812615,41.0733906341164],[-71.9385803824469,41.0733389977307],[-71.9385928578457,41.0733267741427],[-71.9389364709361,41.073534858408],[-71.9391100473332,41.0733829341007],[-71.9393743914529,41.0735583522875],[-71.9394351271847,41.0735178243296],[-71.9395339339275,41.0734518932157],[-71.9395015583214,41.0734167180266],[-71.9395623642006,41.0733821139042],[-71.9395994315712,41.0734140964992],[-71.9396440379577,41.0733883551978],[-71.9397263241486,41.0733120593957],[-71.9398464978882,41.0732006333685],[-71.9398945711613,41.0731560593604],[-71.9396699321249,41.0730196285892],[-71.9396747434991,41.0730137380285],[-71.9401264568958,41.0725637477508],[-71.9402140634842,41.0726025193277],[-71.9402192993385,41.0725968715839],[-71.9403579541618,41.0726542186596],[-71.9403816540011,41.0726156395341],[-71.9403648456663,41.0726088883227],[-71.9404342409637,41.0724064023249],[-71.9404504521453,41.0723556328869],[-71.940362965168,41.0723383344268],[-71.9405332833209,41.0721982730791],[-71.9406699479338,41.072079182128],[-71.9406710954684,41.072065391921],[-71.9406741621555,41.0720285017234],[-71.9407757316202,41.0720277588799],[-71.9408158827574,41.0718891724249],[-71.9408060423715,41.0718731554964],[-71.9407451348613,41.0717740196125],[-71.9406857795817,41.0716800881063],[-71.9406478812357,41.0716201114093],[-71.9406042883802,41.071551124403],[-71.9405416415806,41.0714519840226],[-71.9396445297982,41.071817608897],[-71.9396036645945,41.0718760630441],[-71.939697830854,41.0721625331417],[-71.9396856099629,41.0721648767758],[-71.9396731453554,41.0721672662754],[-71.9396912145423,41.0722108024636],[-71.9393917950686,41.0723163532245],[-71.9393163473145,41.0722116514359],[-71.9393933059223,41.0721782236264],[-71.9390779648069,41.0715932217256],[-71.9390692332856,41.0715787894028],[-71.9388252012737,41.0716443041354],[-71.9388151216667,41.0716031475535],[-71.9387903336393,41.0715019360327],[-71.9387653585529,41.0713999627861],[-71.9387453926931,41.0713184347307],[-71.9387281580758,41.0712480654653],[-71.9387015705042,41.0711395055828],[-71.9386911419599,41.0710969271725],[-71.9386689943491,41.0711024373205],[-71.938667871095,41.0710953056953],[-71.9386607610501,41.0710501786058],[-71.9387979976366,41.0710117451668],[-71.9387685376325,41.0709591312205],[-71.9386464546271,41.070992705621],[-71.9385735123657,41.0705467317333],[-71.9385703782263,41.0705275716735],[-71.9385001330433,41.0702694473122],[-71.9385081091321,41.0702517729323]]},"properties":{"FID":85168,"SOURCE_ID":"GC11249","SRC_DATE":"20140607","HOR_ACC":"0.6","INFORM":" ","ATTRIBUTE":"Man-made.Bulkhead Or Sea Wall","VER_DATE":" ","SRC_RESOLU":0,"DATA_SOURC":"Aerial Photography","EX_METH":"Stereo","EXT_METH":"Stereo","DAT_SET_CR":"NOAA","SRC_CITA":" ","FIPS_ALPHA":"NY","NOAA_Regio":"North Atlantic","Shape_Leng":0.0136075839957,"Shape__Length":0.013607583995669557}},{"type":"Feature","id":85170,"geometry":{"type":"LineString","coordinates":[[-71.9549409488047,41.0727913990005],[-71.9551317148585,41.0728071380325],[-71.9553322772301,41.0728179856506],[-71.9553524652144,41.0727552911999]]},"properties":{"FID":85170,"SOURCE_ID":"GC11249","SRC_DATE":"20140607","HOR_ACC":"0.6","INFORM":" ","ATTRIBUTE":"Man-made.Bulkhead Or Sea Wall.Ruins","VER_DATE":" ","SRC_RESOLU":0,"DATA_SOURC":"Aerial Photography","EX_METH":"Stereo","EXT_METH":"Stereo","DAT_SET_CR":"NOAA","SRC_CITA":" ","FIPS_ALPHA":"NY","NOAA_Regio":"North Atlantic","Shape_Leng":0.000458134216195,"Shape__Length":0.00045813421619526369}},{"type":"Feature","id":85185,"geometry":{"type":"LineString","coordinates":[[-71.9493923849066,41.0323732972402],[-71.9492393867977,41.0324263536589],[-71.9492205208143,41.032437758864]]},"properties":{"FID":85185,"SOURCE_ID":"GC11249","SRC_DATE":"20140428","HOR_ACC":"0.6","INFORM":" ","ATTRIBUTE":"Natural.Great Lake Or Lake Or Pond","VER_DATE":" ","SRC_RESOLU":0,"DATA_SOURC":"Aerial Photography","EX_METH":"Stereo","EXT_METH":"Stereo","DAT_SET_CR":"NOAA","SRC_CITA":" ","FIPS_ALPHA":"NY","NOAA_Regio":"North Atlantic","Shape_Leng":0.000183981866374,"Shape__Length":0.0001839818663744469}},{"type":"Feature","id":85186,"geometry":{"type":"LineString","coordinates":[[-71.9489183988786,41.0325703783246],[-71.948901301862,41.0325783373268],[-71.9487696230898,41.0326571431388]]},"properties":{"FID":85186,"SOURCE_ID":"GC11249","SRC_DATE":"20140428","HOR_ACC":"0.6","INFORM":" ","ATTRIBUTE":"Natural.Great Lake Or Lake Or Pond","VER_DATE":" ","SRC_RESOLU":0,"DATA_SOURC":"Aerial Photography","EX_METH":"Stereo","EXT_METH":"Stereo","DAT_SET_CR":"NOAA","SRC_CITA":" ","FIPS_ALPHA":"NY","NOAA_Regio":"North Atlantic","Shape_Leng":0.000172317703088,"Shape__Length":0.00017231770308849138}},{"type":"Feature","id":85187,"geometry":{"type":"LineString","coordinates":[[-71.9466998842053,41.0364344683104],[-71.9466077315465,41.0364637133727]]},"properties":{"FID":85187,"SOURCE_ID":"GC11249","SRC_DATE":"20140428","HOR_ACC":"0.6","INFORM":" ","ATTRIBUTE":"Natural.Great Lake Or Lake Or Pond","VER_DATE":" ","SRC_RESOLU":0,"DATA_SOURC":"Aerial Photography","EX_METH":"Stereo","EXT_METH":"Stereo","DAT_SET_CR":"NOAA","SRC_CITA":" ","FIPS_ALPHA":"NY","NOAA_Regio":"North Atlantic","Shape_Leng":9.668185201E-05,"Shape__Length":9.66818520104837E-05}},{"type":"Feature","id":85340,"geometry":{"type":"LineString","coordinates":[[-71.9199892912554,41.0510232481849],[-71.919927301864,41.0509876233357],[-71.919596552685,41.0508614070698],[-71.919370801191,41.0507967772856],[-71.9192487586491,41.0507247631633],[-71.9191949297093,41.0507011379702],[-71.91897566323,41.0506611685004],[-71.9189175481196,41.0506307983909],[-71.91849839105,41.0503601105094],[-71.9183974268272,41.0503252311996],[-71.9181570730369,41.0502703680552],[-71.9180628699195,41.0502356856967],[-71.9180220146036,41.0502098193922],[-71.9178224963364,41.0500438692677],[-71.9175549848036,41.0498729836649],[-71.9174778697098,41.0498368578938],[-71.91732629792,41.0497817501308],[-71.917217925078,41.0497163981871],[-71.9170124416106,41.0496342954707],[-71.9169265437339,41.0495829082017],[-71.9168565890433,41.0495251618248],[-71.916816924429,41.0494784744122],[-71.9167515274979,41.0493108695304],[-71.9167052087957,41.0492308955046],[-71.9166596841969,41.0491817268622],[-71.9166073094609,41.0491519503051],[-71.9165061356966,41.0491285679307],[-71.9163639006742,41.0491247673996],[-71.9160704248185,41.0491701301212],[-71.9159628550776,41.0492154640586],[-71.9158962386773,41.0492601468854],[-71.9158166432556,41.049279460732],[-71.9157649367176,41.0492745018709],[-71.9156337741488,41.0492185631337],[-71.9155177031071,41.0491427745558],[-71.9154329042012,41.0490713980516],[-71.9154076287451,41.0490397419102],[-71.9153673714792,41.0490255578014],[-71.9153159446301,41.0490146472259],[-71.9152605949378,41.049020313857],[-71.9152460717809,41.0490111101939],[-71.915254737649,41.0489772642018],[-71.9152654899434,41.048915595878],[-71.9152574491007,41.0488855935896],[-71.9151942267388,41.0488576876231],[-71.9151417422879,41.0488693878069],[-71.9150968894878,41.0489083599368],[-71.9150785118359,41.0489089768724],[-71.915004461631,41.0488443623718],[-71.9148214675147,41.048717830439],[-71.9147765508597,41.0487023288233],[-71.9147279901512,41.0486974535991],[-71.9146885818464,41.0486987801007],[-71.9146448469014,41.0486916502755],[-71.91460183591,41.0486690521081],[-71.9145050472418,41.0486521610413],[-71.9144401980059,41.0486254017106],[-71.9144123351988,41.0485817621007],[-71.9144052970993,41.0485303406549],[-71.9143896479847,41.0484120186293],[-71.9143459517065,41.0483324483991],[-71.9142720480908,41.0482629083106],[-71.9142250899739,41.0482443247177],[-71.9141674317202,41.0482320552665],[-71.9140842336119,41.0482274435449],[-71.9139913830772,41.0482273374278],[-71.9138665931102,41.0482370995746],[-71.9137437106055,41.0482397624717],[-71.9136643804817,41.0482197633467],[-71.9136216473806,41.0481912143641],[-71.9135856484046,41.0481533142288],[-71.9135177657543,41.0481240907554],[-71.9134821148175,41.0481124112589],[-71.9134361279683,41.048086158246],[-71.9134045095919,41.0480555237349],[-71.9133473531595,41.0480325451546],[-71.9132954262877,41.0480323446074],[-71.9132355287222,41.0480343132257],[-71.9131461001086,41.0480283408297],[-71.913085521755,41.0480112276291],[-71.9130381850227,41.0479801713363],[-71.9129984277799,41.0479637659017],[-71.9129933457093,41.0479628692775],[-71.9129296628959,41.0479627982332],[-71.9128474855194,41.0479745595718],[-71.9124745392492,41.0480639036494]]},"properties":{"FID":85340,"SOURCE_ID":"GC11249","SRC_DATE":"20140603","HOR_ACC":"1.1","INFORM":" ","ATTRIBUTE":"Natural.Mean High Water","VER_DATE":" ","SRC_RESOLU":0,"DATA_SOURC":"Lidar","EX_METH":"Derived","EXT_METH":"Derived","DAT_SET_CR":"NOAA","SRC_CITA":" ","FIPS_ALPHA":"NY","NOAA_Regio":"North Atlantic","Shape_Leng":0.00879871615879,"Shape__Length":0.0087987161587937679}},{"type":"Feature","id":85341,"geometry":{"type":"LineString","coordinates":[[-71.9220504067969,41.0518301874653],[-71.9219474334877,41.0517897314585],[-71.9218431264844,41.0517667411885],[-71.9217420426533,41.0517597012974],[-71.9216618545776,41.0517674516589],[-71.9215501614429,41.0517966337693],[-71.9214469722987,41.0517977687173],[-71.9212390174967,41.0517763855396],[-71.9211036982611,41.0517361471698],[-71.9210227034898,41.051684967644]]},"properties":{"FID":85341,"SOURCE_ID":"GC11249","SRC_DATE":"20140603","HOR_ACC":"1.1","INFORM":" ","ATTRIBUTE":"Natural.Mean High Water","VER_DATE":" ","SRC_RESOLU":0,"DATA_SOURC":"Lidar","EX_METH":"Derived","EXT_METH":"Derived","DAT_SET_CR":"NOAA","SRC_CITA":" ","FIPS_ALPHA":"NY","NOAA_Regio":"North Atlantic","Shape_Leng":0.00106401000769,"Shape__Length":0.0010640100076931248}},{"type":"Feature","id":85342,"geometry":{"type":"LineString","coordinates":[[-71.9081191366977,41.0523110267295],[-71.9080400925606,41.0523315699496],[-71.9079370590028,41.052396017182],[-71.9078354904431,41.0524991703435],[-71.9077692247818,41.0526019511845],[-71.9077312149296,41.052714867386],[-71.9077228449418,41.0528074732935],[-71.9077341764133,41.0529848565076],[-71.9076909702818,41.0531890152439],[-71.9077015813935,41.0533220088125],[-71.9076723561193,41.0533901927264],[-71.9076644564744,41.0534333628913],[-71.9076884890721,41.053556620397],[-71.9076891392854,41.0536130861413],[-71.9076707553414,41.0536700015474],[-71.9075915331457,41.0538182566169],[-71.90756309478,41.0539105846345],[-71.9075344873416,41.0540034603393],[-71.9075049374219,41.0542445128701],[-71.9075042125726,41.0543233222751],[-71.907541962536,41.0544841588587]]},"properties":{"FID":85342,"SOURCE_ID":"GC11249","SRC_DATE":"20140603","HOR_ACC":"1.1","INFORM":" ","ATTRIBUTE":"Natural.Mean High Water","VER_DATE":" ","SRC_RESOLU":0,"DATA_SOURC":"Lidar","EX_METH":"Derived","EXT_METH":"Derived","DAT_SET_CR":"NOAA","SRC_CITA":" ","FIPS_ALPHA":"NY","NOAA_Regio":"North Atlantic","Shape_Leng":0.00241091179078,"Shape__Length":0.0024109117907785854}},{"type":"Feature","id":85343,"geometry":{"type":"LineString","coordinates":[[-71.9075166511196,41.0546753079993],[-71.9074094833846,41.0548762372716],[-71.9073816322757,41.0549565242639],[-71.9073782400364,41.0550368499263],[-71.9074200657261,41.0551518318684],[-71.9074186627862,41.0552032641063],[-71.9073230603334,41.0553494975],[-71.9072117260381,41.0555526382058],[-71.9072184412813,41.0556120699147],[-71.9072801294049,41.0557390856867],[-71.9072864939133,41.0558140846632],[-71.9072634191099,41.0559759968383],[-71.9071892313239,41.0561814676868],[-71.907151152228,41.0563678018565],[-71.9071556686279,41.0564220183959],[-71.9071933781215,41.0565756855828],[-71.9071730192721,41.0567471395665],[-71.9071745283388,41.0568156850069],[-71.907199565481,41.0569628231149],[-71.9072420099064,41.0571121627631],[-71.9072487566279,41.0572062264714],[-71.9072332900885,41.0573145669208],[-71.9071787147212,41.0574706065226],[-71.9071368206993,41.0576450462568],[-71.9071458948824,41.0580132125865],[-71.9071157190397,41.0583488144598],[-71.9071163323989,41.0587279588162],[-71.9071572425862,41.0589792285445],[-71.9073380810434,41.0593985294309],[-71.9074839727248,41.0596559001577],[-71.9075003367967,41.0597036658584],[-71.90750233959,41.0597459609824]]},"properties":{"FID":85343,"SOURCE_ID":"GC11249","SRC_DATE":"20140603","HOR_ACC":"1.1","INFORM":" ","ATTRIBUTE":"Natural.Mean High Water","VER_DATE":" ","SRC_RESOLU":0,"DATA_SOURC":"Lidar","EX_METH":"Derived","EXT_METH":"Derived","DAT_SET_CR":"NOAA","SRC_CITA":" ","FIPS_ALPHA":"NY","NOAA_Regio":"North Atlantic","Shape_Leng":0.00531281494655,"Shape__Length":0.0053128149465545248}},{"type":"Feature","id":85344,"geometry":{"type":"LineString","coordinates":[[-71.9282239283908,41.0554197914465],[-71.9281788336652,41.0553190763523],[-71.9281564072589,41.0552276161824],[-71.9281006034,41.055076619983],[-71.9280696361262,41.0549276769355],[-71.9280174079742,41.0547982680667],[-71.9279852589964,41.054747846668],[-71.9279254648497,41.0546914645625],[-71.9277444978067,41.0545790528879],[-71.9276818743923,41.0545289255686],[-71.9276255435356,41.0544685729554],[-71.9275577436192,41.0543717276454],[-71.927534140002,41.0543181811018],[-71.9275200970797,41.0542463549343],[-71.9275192301287,41.0541699566122],[-71.92753368583,41.0540646540734],[-71.9275212338097,41.0540078645734],[-71.9274785321823,41.0539352946674],[-71.9273733798115,41.0538302097685],[-71.9273353996274,41.0537748043262],[-71.9273018171284,41.0536985723798]]},"properties":{"FID":85344,"SOURCE_ID":"GC11249","SRC_DATE":"20140603","HOR_ACC":"1.1","INFORM":" ","ATTRIBUTE":"Natural.Mean High Water","VER_DATE":" ","SRC_RESOLU":0,"DATA_SOURC":"Lidar","EX_METH":"Derived","EXT_METH":"Derived","DAT_SET_CR":"NOAA","SRC_CITA":" ","FIPS_ALPHA":"NY","NOAA_Regio":"North Atlantic","Shape_Leng":0.00204906065878,"Shape__Length":0.0020490606587820945}},{"type":"Feature","id":85345,"geometry":{"type":"LineString","coordinates":[[-71.9302581740578,41.0576129271154],[-71.9302155668669,41.0576757043046],[-71.9301405013359,41.0577666374748],[-71.930072701427,41.057802956605],[-71.9299878000049,41.0578465269707],[-71.9299785270933,41.0578647850108],[-71.9299762904794,41.0578790230803],[-71.929975404648,41.0578980626311],[-71.9299766448139,41.0579052446183],[-71.9299596494219,41.0579321946079],[-71.9299000630253,41.0579949457172],[-71.9298262160746,41.0580596987183],[-71.9297576733244,41.0580781258328],[-71.9296770184997,41.0580751544748],[-71.9295942772462,41.0580535824353],[-71.9295299505141,41.0579841592584],[-71.929477937305,41.0579412274159],[-71.9292822357646,41.0578241176824],[-71.9290377846583,41.057709775165],[-71.92878980731,41.057607688611],[-71.9286057825723,41.0575187762261]]},"properties":{"FID":85345,"SOURCE_ID":"GC11249","SRC_DATE":"20140603","HOR_ACC":"1.1","INFORM":" ","ATTRIBUTE":"Natural.Mean High Water","VER_DATE":" ","SRC_RESOLU":0,"DATA_SOURC":"Lidar","EX_METH":"Derived","EXT_METH":"Derived","DAT_SET_CR":"NOAA","SRC_CITA":" ","FIPS_ALPHA":"NY","NOAA_Regio":"North Atlantic","Shape_Leng":0.00201374175258,"Shape__Length":0.0020137417525833037}},{"type":"Feature","id":85346,"geometry":{"type":"LineString","coordinates":[[-71.9304941391632,41.0578118104186],[-71.9305122739933,41.0577265079066],[-71.9305098278338,41.0576775919723],[-71.9304648797006,41.0576287362941],[-71.930420728368,41.0575965801302],[-71.9303814036982,41.0575621702645]]},"properties":{"FID":85346,"SOURCE_ID":"GC11249","SRC_DATE":"20140603","HOR_ACC":"1.1","INFORM":" ","ATTRIBUTE":"Natural.Mean High Water","VER_DATE":" ","SRC_RESOLU":0,"DATA_SOURC":"Lidar","EX_METH":"Derived","EXT_METH":"Derived","DAT_SET_CR":"NOAA","SRC_CITA":" ","FIPS_ALPHA":"NY","NOAA_Regio":"North Atlantic","Shape_Leng":0.000309446729877,"Shape__Length":0.00030944672987718056}},{"type":"Feature","id":85347,"geometry":{"type":"LineString","coordinates":[[-71.9326065845158,41.0602008445453],[-71.9325396227711,41.0601646693111],[-71.9324985911858,41.0600992364261],[-71.9324919433896,41.0600023047793],[-71.9324615903591,41.0599617165697],[-71.9322214874754,41.0598297302495],[-71.9321967552098,41.0597936611339],[-71.9321698915501,41.0597544839609],[-71.9321285703824,41.0596797619767],[-71.9320525218846,41.0596381665277],[-71.9319977180803,41.0596319405217],[-71.9319223081035,41.0596287398364],[-71.9318751998007,41.0596262927821]]},"properties":{"FID":85347,"SOURCE_ID":"GC11249","SRC_DATE":"20140603","HOR_ACC":"1.1","INFORM":" ","ATTRIBUTE":"Natural.Mean High Water","VER_DATE":" ","SRC_RESOLU":0,"DATA_SOURC":"Lidar","EX_METH":"Derived","EXT_METH":"Derived","DAT_SET_CR":"NOAA","SRC_CITA":" ","FIPS_ALPHA":"NY","NOAA_Regio":"North Atlantic","Shape_Leng":0.00101628231517,"Shape__Length":0.0010162823151746141}},{"type":"Feature","id":85348,"geometry":{"type":"LineString","coordinates":[[-71.9328290876631,41.0603643458147],[-71.9327758172001,41.0602984488799]]},"properties":{"FID":85348,"SOURCE_ID":"GC11249","SRC_DATE":"20140603","HOR_ACC":"1.1","INFORM":" ","ATTRIBUTE":"Natural.Mean High Water","VER_DATE":" ","SRC_RESOLU":0,"DATA_SOURC":"Lidar","EX_METH":"Derived","EXT_METH":"Derived","DAT_SET_CR":"NOAA","SRC_CITA":" ","FIPS_ALPHA":"NY","NOAA_Regio":"North Atlantic","Shape_Leng":8.4735733522E-05,"Shape__Length":8.4735733521824736E-05}},{"type":"Feature","id":85349,"geometry":{"type":"LineString","coordinates":[[-71.9075933456457,41.060299811268],[-71.9076829577255,41.0603833187294],[-71.907909732659,41.060637154218],[-71.9079707274005,41.0606844864439],[-71.9080355406639,41.0607166641909],[-71.9081094676589,41.0607325345278],[-71.9082259622776,41.0607406500078],[-71.9083068752076,41.0607402668938],[-71.9084226521659,41.0607267069096],[-71.9084935826183,41.0607332557718],[-71.9086331268712,41.0607880775506],[-71.9088683068652,41.0609340069627],[-71.9089859742026,41.060983832108],[-71.9091210479224,41.0610069096112],[-71.9094356731446,41.0610159639771],[-71.9095440873532,41.0610421162639],[-71.9096156922993,41.0610825713724],[-71.9097448215032,41.0611906312285],[-71.9098279908362,41.0612478038375],[-71.910208143392,41.061435785552],[-71.9103540593433,41.0614858436209],[-71.9105939239014,41.061525107122],[-71.91079469312,41.0615855766424],[-71.9109241640634,41.0616403894283],[-71.9110063801142,41.061688875484],[-71.9110859818356,41.0617482046677],[-71.9112085037193,41.0618744775977],[-71.9114811872586,41.0621117115965],[-71.9115424221183,41.0621424450322],[-71.9116228413217,41.06216723035],[-71.9117397739113,41.062190046151]]},"properties":{"FID":85349,"SOURCE_ID":"GC11249","SRC_DATE":"20140603","HOR_ACC":"1.1","INFORM":" ","ATTRIBUTE":"Natural.Mean High Water","VER_DATE":" ","SRC_RESOLU":0,"DATA_SOURC":"Lidar","EX_METH":"Derived","EXT_METH":"Derived","DAT_SET_CR":"NOAA","SRC_CITA":" ","FIPS_ALPHA":"NY","NOAA_Regio":"North Atlantic","Shape_Leng":0.00471847824676,"Shape__Length":0.0047184782467631732}},{"type":"Feature","id":85401,"geometry":{"type":"LineString","coordinates":[[-71.9507123101985,41.0445861658223],[-71.9506845759994,41.0446299268425],[-71.9507091769678,41.0447334748024],[-71.9507669269574,41.0448351188961],[-71.9508515873724,41.0449903149292],[-71.9509030268159,41.045069544316],[-71.9509647014479,41.0451657313223],[-71.951015808138,41.0451726462093],[-71.9510908511892,41.0451384809556],[-71.9511542480169,41.0451179116557],[-71.9512310357557,41.0451255064294],[-71.9512735206442,41.0451600035291],[-71.9513109270612,41.0452249570754],[-71.951393641336,41.0452632996757],[-71.9515472177131,41.045278489223],[-71.9516866315613,41.0452821800369],[-71.9517931553928,41.0452822196036],[-71.9518893136343,41.0452680786579],[-71.9520296259045,41.0452523270247],[-71.952127836397,41.0451937451719],[-71.9521669614123,41.045141942412],[-71.9521852284433,41.0450645584321],[-71.952221069133,41.0450043254258],[-71.9522741003706,41.0449695765127],[-71.952308336672,41.0449578151756],[-71.9523640874616,41.0449456662299],[-71.952426484244,41.0449455007526],[-71.9524782465411,41.0449677625732],[-71.9525127049762,41.044975032693],[-71.9525557186644,41.0449788961798],[-71.9525946764095,41.0449926450167],[-71.9526265286087,41.0450043874659],[-71.9526760030311,41.0450502052336]]},"properties":{"FID":85401,"SOURCE_ID":"GC11249","SRC_DATE":"20140603","HOR_ACC":"1.1","INFORM":" ","ATTRIBUTE":"Natural.Great Lake Or Lake Or Pond","VER_DATE":" ","SRC_RESOLU":0,"DATA_SOURC":"Lidar","EX_METH":"Derived","EXT_METH":"Derived","DAT_SET_CR":"NOAA","SRC_CITA":" ","FIPS_ALPHA":"NY","NOAA_Regio":"North Atlantic","Shape_Leng":0.00262341552626,"Shape__Length":0.00262341552626086}},{"type":"Feature","id":85402,"geometry":{"type":"LineString","coordinates":[[-71.9542956375856,41.0448959498362],[-71.9543009336942,41.0448851894457],[-71.9543067316241,41.0448635427596],[-71.9543380712073,41.0448343966247],[-71.9543665122751,41.0448160729335],[-71.9544139740092,41.044775544976],[-71.9544811542842,41.0447237296247]]},"properties":{"FID":85402,"SOURCE_ID":"GC11249","SRC_DATE":"20140603","HOR_ACC":"1.1","INFORM":" ","ATTRIBUTE":"Natural.Great Lake Or Lake Or Pond","VER_DATE":" ","SRC_RESOLU":0,"DATA_SOURC":"Lidar","EX_METH":"Derived","EXT_METH":"Derived","DAT_SET_CR":"NOAA","SRC_CITA":" ","FIPS_ALPHA":"NY","NOAA_Regio":"North Atlantic","Shape_Leng":0.000258285571232,"Shape__Length":0.00025828557123245058}},{"type":"Feature","id":85403,"geometry":{"type":"LineString","coordinates":[[-71.9530279600247,41.0450931289725],[-71.953040277143,41.0450861880032],[-71.9530525124232,41.0450810618662],[-71.9530728002359,41.0450834153918],[-71.953083946438,41.045101876678],[-71.9531233646356,41.0451056448368],[-71.9531510943403,41.0451027445217],[-71.953168163478,41.0450968386722],[-71.9531944434755,41.0450993513776],[-71.9532280376614,41.0450993315914],[-71.9533422722808,41.0450678373235],[-71.9534161650998,41.0450525344542],[-71.9535036853511,41.0450539409913],[-71.953595118555,41.0450745273733],[-71.9536447359679,41.0450912817447],[-71.9536889493522,41.0450951767078],[-71.9537200632072,41.0450969079021],[-71.9537466363834,41.045093069594],[-71.9537674260174,41.0450845359247],[-71.9537976351537,41.0450798846293],[-71.9538360658952,41.0450790851305]]},"properties":{"FID":85403,"SOURCE_ID":"GC11249","SRC_DATE":"20140603","HOR_ACC":"1.1","INFORM":" ","ATTRIBUTE":"Natural.Great Lake Or Lake Or Pond","VER_DATE":" ","SRC_RESOLU":0,"DATA_SOURC":"Lidar","EX_METH":"Derived","EXT_METH":"Derived","DAT_SET_CR":"NOAA","SRC_CITA":" ","FIPS_ALPHA":"NY","NOAA_Regio":"North Atlantic","Shape_Leng":0.000836380991635,"Shape__Length":0.000836380991634552}},{"type":"Feature","id":85583,"geometry":{"type":"LineString","coordinates":[[-71.9703896769756,41.0407891116491],[-71.9704720189293,41.0407985941],[-71.9711697509694,41.0407863974694],[-71.9714269337759,41.0407951577588],[-71.9715914881809,41.0408135659801],[-71.9716988097129,41.0408415600788],[-71.971774206202,41.0408809791679],[-71.9718172225893,41.040904089949],[-71.9718344050423,41.040912135285],[-71.9718423442609,41.0409303798347],[-71.9718199592315,41.0409810512467],[-71.9718198198383,41.0410114231568]]},"properties":{"FID":85583,"SOURCE_ID":"GC11249","SRC_DATE":"20140603","HOR_ACC":"1.1","INFORM":" ","ATTRIBUTE":"Natural.Mean High Water","VER_DATE":" ","SRC_RESOLU":0,"DATA_SOURC":"Lidar","EX_METH":"Derived","EXT_METH":"Derived","DAT_SET_CR":"NOAA","SRC_CITA":" ","FIPS_ALPHA":"NY","NOAA_Regio":"North Atlantic","Shape_Leng":0.00157309819281,"Shape__Length":0.0015730981928105243}},{"type":"Feature","id":85584,"geometry":{"type":"LineString","coordinates":[[-71.9718975572627,41.0410399055884],[-71.9719894140471,41.0410553928134],[-71.9722979256764,41.041069592202],[-71.9724393108402,41.0410924979345],[-71.9725482097841,41.0411290859562],[-71.9727275454554,41.0412237216278],[-71.9728236713242,41.0412634150097],[-71.9729466338706,41.0412959273027],[-71.9732272548187,41.04135432748],[-71.9734152059958,41.041410175384],[-71.9740710763948,41.0416662744526],[-71.9743752191234,41.041809595828],[-71.9747515126838,41.041938523549],[-71.9750951131803,41.0420884747265],[-71.9754219215318,41.0422673696911],[-71.9755121397523,41.0423078670671],[-71.9756223040427,41.0423442221644],[-71.9759833262086,41.0424409109828],[-71.9764356547781,41.0426335134126],[-71.9768739314316,41.042746433196],[-71.9769951753734,41.0427854278035],[-71.977071910054,41.0428236678813],[-71.9771301537677,41.0428577162187],[-71.9771583421294,41.0428992747971],[-71.9771593268892,41.0429325245382],[-71.9771443288937,41.0429862374578]]},"properties":{"FID":85584,"SOURCE_ID":"GC11249","SRC_DATE":"20140603","HOR_ACC":"1.1","INFORM":" ","ATTRIBUTE":"Natural.Mean High Water","VER_DATE":" ","SRC_RESOLU":0,"DATA_SOURC":"Lidar","EX_METH":"Derived","EXT_METH":"Derived","DAT_SET_CR":"NOAA","SRC_CITA":" ","FIPS_ALPHA":"NY","NOAA_Regio":"North Atlantic","Shape_Leng":0.00571498517741,"Shape__Length":0.0057149851774055439}},{"type":"Feature","id":85585,"geometry":{"type":"LineString","coordinates":[[-71.9777052290535,41.0432107136622],[-71.9781059491095,41.0433705825634],[-71.9784068147053,41.0434734749084],[-71.9788874413537,41.0437052913835],[-71.9792884572874,41.0438762300419],[-71.9794509684362,41.0439671461173],[-71.9796726612947,41.0441416802718],[-71.9800650563353,41.0445038768882],[-71.9801691250229,41.0446101578857],[-71.980270107237,41.0447323991549],[-71.9803517621159,41.0448731053084],[-71.9804159350734,41.0451114014136],[-71.9804595630049,41.0452212365345],[-71.9807669999715,41.0457228182056],[-71.980818904366,41.0458258994164],[-71.9808382514916,41.0458992984982],[-71.980844746402,41.0459795234361],[-71.9808125632657,41.0462068181357],[-71.9808142863718,41.0462863047302],[-71.980846303152,41.0463865701638],[-71.9809521920736,41.046591668687],[-71.9809786348523,41.0466625055996],[-71.9809861504928,41.0467301849926],[-71.9809731445049,41.046936498504],[-71.9809850038724,41.0470060547823],[-71.9810227367463,41.0471214144398],[-71.9810306004242,41.0471822850642],[-71.9810222978842,41.0472493682069],[-71.9809941365089,41.0473266235841],[-71.9808218596385,41.0475821030465],[-71.9808143565942,41.0476167368449],[-71.9808264767632,41.0476490665791],[-71.9808751022247,41.0476857939977],[-71.9814762011926,41.0478901100946],[-71.9820018479153,41.0480888450002],[-71.9823122580217,41.0482395291264],[-71.9824359166435,41.0482714802423],[-71.9827332200208,41.0483263038147],[-71.9832188028241,41.0483725181693],[-71.9838757362096,41.0484062454293],[-71.9843620375682,41.0483950227716],[-71.9852284411133,41.0484419556723],[-71.9854246264836,41.0484624746017],[-71.985759937921,41.0485211059032],[-71.9862331109745,41.0485513366044],[-71.9866966657782,41.0486282349346],[-71.9871994202399,41.0486328403473],[-71.9873634332509,41.0486161093514],[-71.9876687019195,41.0485543115157],[-71.9881290929008,41.048517976185],[-71.9882184594597,41.0484975192995],[-71.988472374124,41.0484204329877],[-71.9888270659512,41.0483639852183],[-71.9890692345667,41.048288847738],[-71.9894419838809,41.0481227465088],[-71.9896087110453,41.0480813363124],[-71.9897395696391,41.0480667007383],[-71.9901525501468,41.0480535238557],[-71.9905498203948,41.0480798577961],[-71.9906926732513,41.0480766103389],[-71.9908192816475,41.0480583477984],[-71.9917146316682,41.0478863083276],[-71.9918942137457,41.0478383636555],[-71.9921396702833,41.047758813201],[-71.9926883648155,41.0475434866649],[-71.9928153626158,41.0474820890333],[-71.9929255520812,41.0474118564608],[-71.9930088383191,41.0473455296455],[-71.9934282165849,41.0469608697324],[-71.9935272796324,41.0468568757046],[-71.9936614486227,41.046682825374],[-71.9939084196072,41.0463928263249],[-71.9940975938433,41.0461068202684],[-71.9943288617596,41.045801912256],[-71.9945275805024,41.0454936173971],[-71.9948807740184,41.0447263768195],[-71.9949773819021,41.0443759729996],[-71.995023616048,41.0441034351973],[-71.995056028517,41.0439737709182],[-71.995126677472,41.0438122886177],[-71.995242658566,41.0436145276572],[-71.9953868361136,41.0434222885343],[-71.9955857904846,41.0432157645754],[-71.9960245635297,41.0427206535036],[-71.9965068745689,41.0422466881937],[-71.9966452568858,41.0420989709169],[-71.9970727578231,41.0415758981189],[-71.9972567852372,41.0412858846827],[-71.9973734812964,41.0411586054034],[-71.9978345368583,41.0407917115994],[-71.9980938006853,41.0405980866172],[-71.9989196402636,41.0400675755121],[-71.9990790811154,41.039974024412],[-71.9995250343644,41.0397336643459],[-71.999911321177,41.0395527863528],[-72.000423799099,41.0393322050781],[-72.0006382083298,41.039222535424],[-72.0007426987896,41.0391518055265],[-72.0009551807692,41.0389809010225],[-72.0011967099561,41.0387241966809],[-72.0013216420109,41.038624622821],[-72.0014212275673,41.0385681148052],[-72.0018436527471,41.0383586113846],[-72.0021224174794,41.0381605203676],[-72.0027916220922,41.0377358469027],[-72.002931387571,41.0376599387067],[-72.0032958289449,41.0374831984958],[-72.003585063589,41.0373070689271],[-72.003897257933,41.0371402077726],[-72.0039865633356,41.0370791869582],[-72.0040498801214,41.0370200277417],[-72.0041155333455,41.0369413775146],[-72.0042663352993,41.036712700553],[-72.0043885864667,41.0364796870606],[-72.0044925589077,41.036249054974],[-72.0045494536309,41.0361570588054],[-72.0046686363165,41.0360324415198],[-72.0049151540481,41.0358419021125],[-72.0050020564593,41.0357431169595],[-72.0051581509228,41.0354721664574],[-72.005285053383,41.035199259031],[-72.0053794318591,41.0350706100847],[-72.0055594213227,41.0349011417992],[-72.0058837439234,41.0346583742514],[-72.0059738389301,41.0345815649361],[-72.0060505493219,41.0344948594796],[-72.0063199943665,41.034115557733],[-72.0065461766183,41.0338677746683],[-72.0067141151637,41.0337174529534],[-72.0071169207222,41.0334165963821],[-72.0072567239702,41.0333008347217],[-72.0073580146392,41.0331973398178],[-72.0075011822478,41.033005201419],[-72.0075839540718,41.0329123733765],[-72.0076906685539,41.0328126547264],[-72.0078958237546,41.0326431630578],[-72.0081577900419,41.0323924805771],[-72.0082972200711,41.0322752017602],[-72.0087152655449,41.031956646527],[-72.0094034197756,41.0314787376825],[-72.009754710354,41.0312138009417],[-72.0099859539949,41.031019505066],[-72.0101323016121,41.0309122500943],[-72.0111711924435,41.0302569049639],[-72.011716376915,41.0299413723487],[-72.0120366255896,41.0297716027857],[-72.0121415000604,41.0297085459054],[-72.0123576548713,41.0295177142194],[-72.0129397538188,41.0290637471345],[-72.013075778114,41.0289415894946],[-72.0131897240456,41.0288152994699],[-72.0132724086341,41.0286991520023],[-72.0134421700976,41.0284036086341],[-72.0137040779127,41.0278646520123],[-72.0138982487824,41.0275564129116],[-72.0142165486106,41.0271216112912],[-72.0144889371425,41.0268360809733],[-72.0145709949036,41.0267264967592],[-72.0146454515899,41.0265738440042],[-72.0147370889219,41.0262751539101],[-72.0149533534359,41.0258324814248],[-72.0150367340985,41.0256943482267],[-72.0151452544191,41.0255784085016],[-72.0152873932074,41.0254660300914],[-72.015683179556,41.0251831374817],[-72.0161846012026,41.0248453736224],[-72.0166988318985,41.0245317035044],[-72.0170358547327,41.0243493758054],[-72.0171406275795,41.0242774120378],[-72.0172038661246,41.0242236154797],[-72.0172496785007,41.0241694789784],[-72.0174089178935,41.0238846276525],[-72.0175192926154,41.0237442623358],[-72.0175944957441,41.0236795327171],[-72.0177482321934,41.0235668611275],[-72.0179720528301,41.0234161221252],[-72.0183608271656,41.0231884218198],[-72.0186547526739,41.0229927958445],[-72.018729852382,41.022951114955],[-72.0192338622832,41.0227016348603],[-72.0200973016359,41.0222935080186],[-72.0209239874859,41.021928633181],[-72.0214952855857,41.0217154308432],[-72.0226177432619,41.0213156317169],[-72.0229023535957,41.0212298561528],[-72.0237554453555,41.0209974568736],[-72.0248813843146,41.0207066591978],[-72.0251869947252,41.020636150527],[-72.0254376133748,41.0205887004798],[-72.0271477350376,41.0203108161528],[-72.0275929832284,41.0202576491079],[-72.0281274873633,41.0202175824869],[-72.0309257144175,41.0200694415429],[-72.0338866495688,41.0199534747456],[-72.0347727941346,41.0199348659414],[-72.035620523249,41.0199422358595],[-72.0365024086271,41.0199753794519],[-72.0371876292978,41.0200185432991],[-72.0377416523296,41.0200662487277],[-72.0382664042185,41.0201208321736],[-72.0388711013677,41.0201978519078],[-72.0396828441054,41.0203239836218],[-72.0403635609743,41.0204460396116],[-72.0417906245604,41.0207260669216],[-72.0425025524131,41.0208847244256],[-72.0430645704262,41.0210329992595],[-72.0446443587411,41.0215041837981],[-72.0453995997614,41.0217538608035],[-72.0462585695195,41.0220070523568],[-72.046592390783,41.022123841927],[-72.0470498805625,41.0223002556573],[-72.0478016322166,41.0226301791847],[-72.0481844044951,41.0227609271336],[-72.0483649794299,41.0228102936225],[-72.04854310461,41.0228456414766],[-72.0488133779542,41.022885586663],[-72.0490940798397,41.0229157894914],[-72.0493629223609,41.0229348191409],[-72.0495083211989,41.0229324782004],[-72.0496632537517,41.0229067557811],[-72.049851136574,41.0228525275443],[-72.0499579014214,41.0228073365992],[-72.0500492707691,41.0227541812569],[-72.0503895905135,41.0224749345012],[-72.0505078289132,41.0223948948196],[-72.0506419799226,41.0223196359344],[-72.0507761920867,41.022257720293],[-72.0509099437986,41.0222103224103],[-72.0510883288782,41.0221636682655],[-72.0512546045833,41.0221325616038],[-72.0514755995564,41.0221082016556],[-72.0517219221452,41.0220971633666],[-72.0527230747509,41.0221035916893],[-72.0534825965332,41.0221367235946],[-72.0541096328459,41.0221538133944],[-72.0545408030493,41.0221805987935],[-72.0547062226013,41.0221785699172],[-72.0551459714368,41.0221404125603],[-72.0553011495048,41.0221176983739],[-72.0554320107958,41.022089504618],[-72.055510339072,41.0220640735816],[-72.0555891673706,41.0220266105133],[-72.0558347093395,41.0218701653107],[-72.0559185576533,41.0217947202675],[-72.0559810632484,41.0217015990466],[-72.056033662806,41.021574112026],[-72.0560624842806,41.0214397352986],[-72.0560777718404,41.0210755439723],[-72.0560487542761,41.0205502948292],[-72.0560830247345,41.0202344016023],[-72.0560905682323,41.019917871656],[-72.0560764308741,41.019721872472],[-72.0560406711107,41.0195584368471],[-72.0559868097895,41.0194310748357],[-72.0558235683798,41.0191434994733],[-72.0557949735217,41.0190534035753],[-72.0557897772327,41.0189735410641],[-72.0558101486775,41.0188884885636],[-72.05586013031,41.018799620238],[-72.0559654562369,41.0186734615145],[-72.0560857945523,41.0185578095721],[-72.0562571262417,41.0184224094114],[-72.0564081656237,41.0183192976171],[-72.0569329327794,41.0179932132547],[-72.0571776033066,41.0178662334456],[-72.0575671438685,41.0177058510058],[-72.0583534393611,41.0174747638399],[-72.0586627594761,41.0174012316476],[-72.0589586653004,41.0173497139645],[-72.0592846327731,41.0173116744225],[-72.0596428094761,41.0172856138516],[-72.0602670057267,41.0172642522305],[-72.0603669213381,41.0172724270663],[-72.0605407873278,41.0173130683312],[-72.0606769501264,41.0173280501356],[-72.0608709249617,41.0173345324439],[-72.0610569686722,41.0173224743255],[-72.0611825707263,41.0172970900524],[-72.0612723078048,41.0172568408834],[-72.0613665477881,41.0171794155323],[-72.0614500255793,41.0170732784202],[-72.061514501588,41.0169490469456],[-72.0615850570079,41.0166900340494],[-72.0616340484787,41.0164626368265],[-72.0616524881707,41.016230308621],[-72.0616799372789,41.0160862686763],[-72.0619510757168,41.0151671379738],[-72.0619808819477,41.0150019459704],[-72.061999523985,41.0147304837584],[-72.0620078462883,41.0142776633279],[-72.0619916440777,41.0139355458666],[-72.0620179303493,41.0135659325262],[-72.06199728728,41.0131346292802],[-72.0619628009596,41.0130168324594],[-72.061885187635,41.0128698706202],[-72.0617511238447,41.0126790866097],[-72.0616758397692,41.0126076300657],[-72.0614686358958,41.0124851172047],[-72.0613600705997,41.0124332299133],[-72.0612705628446,41.012406533536],[-72.0611951960358,41.0124118521301],[-72.0611587518984,41.0124288969853],[-72.0611255624093,41.012460520753],[-72.0610551490757,41.0126032063198],[-72.0609979171057,41.0126780614069],[-72.0609377857191,41.012728012463],[-72.0607958510755,41.0128148528201],[-72.0607306385188,41.0128841545926],[-72.0607026579071,41.0129569286471],[-72.0606985983714,41.0130513745677],[-72.0607730496848,41.013304952855],[-72.0607867508705,41.0134815365716],[-72.0607766092194,41.0136008433559],[-72.0607416004051,41.0137005449166],[-72.0607064387238,41.0141150677111],[-72.0606631489567,41.014342875924],[-72.0605919316359,41.0146085267176],[-72.0603934620208,41.0151877028257],[-72.0602476881831,41.0155036626062],[-72.0601828659349,41.0156193145468],[-72.060128661084,41.015695604952],[-72.06008090797,41.0157433364805],[-72.0600288102289,41.0157768407316],[-72.0599784688634,41.0157946626017],[-72.0598248888918,41.0158272441515],[-72.059777955059,41.0158493378021],[-72.0597389010889,41.0158800280735],[-72.0596906911198,41.0159402925565],[-72.05958277335,41.0161406426654],[-72.0594902501766,41.0162810070822],[-72.0593774481836,41.0164179810549],[-72.0592778329514,41.0165085715843],[-72.0591705779745,41.0165719207444],[-72.0590324492606,41.0166165685],[-72.0588292545757,41.0166610184067],[-72.0585805298982,41.0166952178403],[-72.0582044368983,41.0167701170045],[-72.0579280157901,41.016790283415],[-72.0576749536816,41.0168351829845],[-72.0575608593553,41.0168473094491],[-72.0573467774715,41.0168453480342],[-72.0569483704801,41.0168176705065],[-72.056816036098,41.0168266295588],[-72.056656454948,41.0168524760846],[-72.0563249710347,41.0169370096863],[-72.0557396480029,41.0171481471808],[-72.0555647693828,41.0172240364923],[-72.0554677298085,41.0172914254075],[-72.0554457467752,41.0173247668803],[-72.0554419003757,41.0173623774351],[-72.0554995568398,41.0175345814509],[-72.0555021873632,41.017634095052],[-72.0554643582743,41.0177366708467],[-72.0553423769003,41.0179101698924],[-72.0553037609025,41.0179830770469],[-72.0552825081211,41.0180523761201],[-72.055252424899,41.0182195996924],[-72.0552073310856,41.0183479707465],[-72.0552049730652,41.0183960979754],[-72.0552406258064,41.0185098199672],[-72.0552516569001,41.0186144561074],[-72.0552405862482,41.0187212820979],[-72.0552106091434,41.0188381418271],[-72.0551697529351,41.0189355393245],[-72.0550209025134,41.0192107706002],[-72.0548737158352,41.0194368152456],[-72.0547301003671,41.0196808265502],[-72.0546945105912,41.0197917372631],[-72.0546575385634,41.0200180022388],[-72.0545807139653,41.020238889269],[-72.0545204216022,41.020327517476],[-72.0544320865695,41.02040765878],[-72.054255367938,41.0205200228022],[-72.0540745151201,41.0206046031638],[-72.0539101882479,41.0206600958468],[-72.0534566869805,41.0207923546842],[-72.0530933751524,41.0209147956179],[-72.0526991590112,41.0210310186388],[-72.0526140255636,41.0210688387384],[-72.0524899883341,41.0211604778782],[-72.0523689323568,41.0212269476869],[-72.0522495428224,41.0212722537457],[-72.0520951354748,41.0213134202254],[-72.0519408522326,41.0213376209915],[-72.0517807099047,41.0213487249282],[-72.0512590211102,41.0213377478181],[-72.0511397925522,41.0213399961275],[-72.0510423150032,41.0213247562163],[-72.0509290507504,41.021317608407],[-72.0508309104017,41.0213172190036],[-72.0507297995898,41.0212891412678],[-72.0506203997219,41.0212268659054],[-72.0505474439942,41.0211963240258],[-72.0504912282544,41.021199132611],[-72.050462288061,41.0211877705749],[-72.0504644940977,41.0211697724392],[-72.0505437828505,41.0211526880124],[-72.0505466310043,41.0211516978585],[-72.0506607001496,41.0211408133579],[-72.0506845115072,41.0211414230976],[-72.0507503419023,41.0211431093246],[-72.0507781192717,41.021149130286],[-72.0508036645226,41.0211477633154],[-72.0508208083037,41.0211366809671],[-72.0508299148407,41.0211196585958],[-72.0508196409815,41.0211063270435],[-72.0507625043328,41.0210586980412],[-72.0505302885068,41.0209393480973],[-72.0504325267692,41.0208758721393],[-72.0501506773367,41.0206391930226],[-72.0499270608228,41.0203782196135],[-72.0497594747945,41.0202240587029],[-72.0490814684614,41.0197185200261],[-72.048761204474,41.0194586267061],[-72.0483917097832,41.0191979626685],[-72.0481306670741,41.0189943956961],[-72.0478986670856,41.0188786241553],[-72.047661980726,41.018720195963],[-72.0475076534106,41.0186294435639],[-72.0469259609145,41.0183374714287],[-72.046696463739,41.018202339279],[-72.0463551124459,41.018020636631],[-72.0459892986843,41.0178124120722],[-72.0450810046806,41.0173340293366],[-72.0449369692096,41.0172372128075],[-72.0447566397885,41.0171665854419],[-72.0446648765309,41.0171039161758],[-72.0444461244605,41.0169988564616],[-72.0438094788705,41.0166620621086],[-72.0431351552689,41.016271700528],[-72.0426559954117,41.015976422481],[-72.042384083494,41.0157925821418],[-72.0421753642622,41.0156657399437],[-72.0419723431378,41.0155566000041],[-72.0418592173792,41.0155239456178],[-72.0418123312089,41.0155201774593],[-72.0417692644612,41.0155267173318],[-72.041732605386,41.0155489638669],[-72.041549547435,41.0157255952539],[-72.04154958431,41.0157752108609],[-72.0415774093441,41.0157923429483],[-72.0415765432988,41.0158289399669],[-72.0415375756626,41.0158416267067],[-72.0414807870547,41.0158487223609],[-72.0414405585674,41.0158391337886],[-72.0414350906859,41.0158099085146],[-72.041445210759,41.015789017259],[-72.0414680220665,41.0157264082438],[-72.041517350791,41.0156375138378],[-72.0415544451382,41.0156162268796],[-72.041609970197,41.0155868568127],[-72.0416395695899,41.0155311590885],[-72.0416549821709,41.0154391683172],[-72.0416340675257,41.0153513773818],[-72.0416065473588,41.0152804874092],[-72.0413640585677,41.0150545992586],[-72.0411986596945,41.0149559966762],[-72.0407564574853,41.0146016259634],[-72.0406092563973,41.0144613577818],[-72.0404233781499,41.0142565425476],[-72.0402477548791,41.0141243394887],[-72.0401926587926,41.0140738947083],[-72.0399535460553,41.0138101711724],[-72.0397348074687,41.0136005202837],[-72.0395567991905,41.0133872613129],[-72.0394877672044,41.0133245111071],[-72.0393857327858,41.0132501047869],[-72.0393198475281,41.0131805727922],[-72.0391478116471,41.012924396366],[-72.0388278579198,41.012556292999],[-72.0384270649973,41.0120175486387],[-72.0382832480526,41.011760647358],[-72.0381929794598,41.0115401236594],[-72.0380940476914,41.0112561455838],[-72.037984833976,41.0110649487835],[-72.0379028373574,41.0109726369573],[-72.0377616167652,41.0108744435658],[-72.0376671267614,41.010795269039],[-72.0376120693454,41.010737680043],[-72.0375717095543,41.0106800415837],[-72.0375199157761,41.0105717838742],[-72.0374293396128,41.0103108788093],[-72.0374188930809,41.0102464567615],[-72.037418746484,41.0101151988845],[-72.0374056766285,41.0100461489247],[-72.0373358181596,41.0098844957575],[-72.0371583081017,41.0095956838274],[-72.0369592844567,41.0093392394042],[-72.0368053627264,41.0090856548241],[-72.0366172406694,41.0088745641196],[-72.0364746405098,41.0086534513667],[-72.0362493089869,41.0083681845664],[-72.0361495075819,41.0082288939466],[-72.0359749248238,41.0080374147612],[-72.0357745099324,41.0078736356005],[-72.0357000316497,41.0078026988647],[-72.0356205108659,41.0077174197382],[-72.0355899734738,41.007668783494],[-72.0355518466964,41.0075465323303],[-72.0355439893126,41.0074645303317],[-72.0355557884182,41.0074039690735],[-72.0356121579332,41.0072428689854],[-72.0356216205971,41.0071427276569],[-72.0356055326144,41.0070464291332],[-72.0355375816066,41.0068585724143],[-72.0355322378296,41.0067930199184],[-72.0355405556586,41.0067356206773],[-72.0355827806357,41.0066420129237],[-72.0357543821128,41.0063469237132],[-72.0357967725621,41.0062000131316],[-72.0358615471455,41.0060712068048],[-72.0359631507763,41.005925741432],[-72.0361217957228,41.0057434371212],[-72.0367563143589,41.005082390301],[-72.0374321865293,41.0043360292768],[-72.0377935648016,41.0039881930132],[-72.038276751779,41.0034840077785],[-72.0385568870757,41.0032370044244],[-72.038681975613,41.0031452609632],[-72.0390515026509,41.0029008476542],[-72.0391794051688,41.0028281968036],[-72.0393951741758,41.0027325376904],[-72.0395649635281,41.0026094609421],[-72.0398369509701,41.0024621699398],[-72.0400620936099,41.0022965903221],[-72.0401946078523,41.002214823042],[-72.0403633845696,41.0021276760152],[-72.0404859532079,41.0020743174251],[-72.0406079103079,41.0020351384486],[-72.0408151267621,41.0019861190855],[-72.0408754245248,41.001963010999],[-72.040904012182,41.0019417528193],[-72.0409093613503,41.0019230702993],[-72.0408948777624,41.0018952938336],[-72.0408724162867,41.0018763657996],[-72.0406711371554,41.0018692890395],[-72.0406134384322,41.0018582750421],[-72.040620468434,41.0018417742777],[-72.0406565474476,41.0018438930797],[-72.0407042052368,41.0018524618204],[-72.0408025964959,41.0018445972443],[-72.0409271706241,41.0018110003607],[-72.0412564395023,41.0016509632626],[-72.041472408159,41.0015577610977],[-72.0416004995362,41.0015123561131],[-72.0417190562994,41.0014917283555],[-72.0418851440493,41.0015155145235],[-72.0419314420622,41.0015107454163],[-72.0421418861796,41.0013784712983],[-72.0422605904296,41.0013215388018],[-72.0423682222242,41.0012863213402],[-72.0425516543016,41.0012555789033],[-72.0426401763965,41.0012306946546],[-72.0431043733005,41.0010292113881],[-72.0435392217211,41.0008569560948],[-72.0436701081922,41.0008129981196],[-72.0438052106877,41.0007915636694],[-72.0439976153061,41.000797128669],[-72.0442409152682,41.0007101147395],[-72.0445904449839,41.0006304653562],[-72.0446784499691,41.0006182948257],[-72.0448249378868,41.0006209783985],[-72.0449138071208,41.0006094104139],[-72.0451533389231,41.0005340660896],[-72.0454446842839,41.0004840134025],[-72.0460591498584,41.0003150271396],[-72.0462629659752,41.0002724622123],[-72.0463788337651,41.0002608798376],[-72.0464692965992,41.0002654960556],[-72.0465560650183,41.0002897777528],[-72.046671136013,41.000355804188],[-72.0467176939307,41.0003604599777],[-72.0467672501881,41.0003488092566],[-72.0468234875101,41.0003183591037],[-72.0468610782819,41.0002720332161]]},"properties":{"FID":85585,"SOURCE_ID":"GC11249","SRC_DATE":"20140603","HOR_ACC":"1.1","INFORM":" ","ATTRIBUTE":"Natural.Mean High Water","VER_DATE":" ","SRC_RESOLU":0,"DATA_SOURC":"Lidar","EX_METH":"Derived","EXT_METH":"Derived","DAT_SET_CR":"NOAA","SRC_CITA":" ","FIPS_ALPHA":"NY","NOAA_Regio":"North Atlantic","Shape_Leng":0.161669882875,"Shape__Length":0.16166988287489895}},{"type":"Feature","id":85603,"geometry":{"type":"LineString","coordinates":[[-71.9387129162468,41.0692293056122],[-71.9387105672108,41.0691233861389]]},"properties":{"FID":85603,"SOURCE_ID":"GC11249","SRC_DATE":"20140603","HOR_ACC":"1.1","INFORM":" ","ATTRIBUTE":"Man-made.Ramp","VER_DATE":" ","SRC_RESOLU":0,"DATA_SOURC":"Lidar","EX_METH":"Derived","EXT_METH":"Derived","DAT_SET_CR":"NOAA","SRC_CITA":" ","FIPS_ALPHA":"NY","NOAA_Regio":"North Atlantic","Shape_Leng":0.00010594549721,"Shape__Length":0.00010594549720968055}},{"type":"Feature","id":85604,"geometry":{"type":"LineString","coordinates":[[-71.9323480173586,41.0709173237368],[-71.9323220044568,41.070859450554]]},"properties":{"FID":85604,"SOURCE_ID":"GC11249","SRC_DATE":"20140603","HOR_ACC":"1.1","INFORM":" ","ATTRIBUTE":"Man-made.Ramp","VER_DATE":" ","SRC_RESOLU":0,"DATA_SOURC":"Lidar","EX_METH":"Derived","EXT_METH":"Derived","DAT_SET_CR":"NOAA","SRC_CITA":" ","FIPS_ALPHA":"NY","NOAA_Regio":"North Atlantic","Shape_Leng":6.3450567572E-05,"Shape__Length":6.34505675724717E-05}},{"type":"Feature","id":85605,"geometry":{"type":"LineString","coordinates":[[-71.927328693547,41.0726455181388],[-71.9273905093685,41.0726704302616]]},"properties":{"FID":85605,"SOURCE_ID":"GC11249","SRC_DATE":"20140603","HOR_ACC":"1.1","INFORM":" ","ATTRIBUTE":"Man-made.Ramp","VER_DATE":" ","SRC_RESOLU":0,"DATA_SOURC":"Lidar","EX_METH":"Derived","EXT_METH":"Derived","DAT_SET_CR":"NOAA","SRC_CITA":" ","FIPS_ALPHA":"NY","NOAA_Regio":"North Atlantic","Shape_Leng":6.664688195E-05,"Shape__Length":6.6646881949482411E-05}},{"type":"Feature","id":85708,"geometry":{"type":"LineString","coordinates":[[-71.9121187600468,41.0623926193687],[-71.9121961305507,41.0624722660402],[-71.9122807307058,41.0625360927342],[-71.9123612083664,41.0625813322366],[-71.9124308941578,41.0626078973135],[-71.9125088033522,41.0626249097895],[-71.9128004877616,41.0626451885968],[-71.9128816120332,41.0626604941591],[-71.9129367234068,41.0626854593422],[-71.913139579057,41.0628130183003],[-71.9134113236961,41.062914455543],[-71.9134815239003,41.0629473644388],[-71.9135553025093,41.0630035531895],[-71.913686998381,41.0631445669097],[-71.9139605974294,41.0633626345533],[-71.9140257740214,41.0634382027989],[-71.9140501888275,41.063495437463],[-71.9140838531705,41.0636718691934],[-71.9141943736021,41.0638777510262],[-71.9142720894549,41.0641198611564],[-71.9143269094515,41.0642079012029],[-71.914419939856,41.064301542227],[-71.9144601521583,41.0643599765864],[-71.9144911850784,41.0644349908506],[-71.9145093289121,41.0645334837205]]},"properties":{"FID":85708,"SOURCE_ID":"GC11249","SRC_DATE":"20140603","HOR_ACC":"1.1","INFORM":" ","ATTRIBUTE":"Natural.Mean High Water","VER_DATE":" ","SRC_RESOLU":0,"DATA_SOURC":"Lidar","EX_METH":"Derived","EXT_METH":"Derived","DAT_SET_CR":"NOAA","SRC_CITA":" ","FIPS_ALPHA":"NY","NOAA_Regio":"North Atlantic","Shape_Leng":0.00345943578105,"Shape__Length":0.0034594357810473928}},{"type":"Feature","id":85709,"geometry":{"type":"LineString","coordinates":[[-71.9145842316762,41.0646257919496],[-71.9145957421052,41.0646691257906],[-71.9146170686396,41.0647494217745],[-71.9146456985697,41.0648114201482],[-71.9148346758838,41.0650476172312],[-71.9148846584252,41.0651289132606],[-71.9149546697828,41.065356833885],[-71.9150426019362,41.0655805016141]]},"properties":{"FID":85709,"SOURCE_ID":"GC11249","SRC_DATE":"20140603","HOR_ACC":"1.1","INFORM":" ","ATTRIBUTE":"Natural.Mean High Water","VER_DATE":" ","SRC_RESOLU":0,"DATA_SOURC":"Lidar","EX_METH":"Derived","EXT_METH":"Derived","DAT_SET_CR":"NOAA","SRC_CITA":" ","FIPS_ALPHA":"NY","NOAA_Regio":"North Atlantic","Shape_Leng":0.00107289284499,"Shape__Length":0.0010728928449899656}},{"type":"Feature","id":85710,"geometry":{"type":"LineString","coordinates":[[-71.9151067919829,41.0658552724299],[-71.9151335944893,41.0659045786692]]},"properties":{"FID":85710,"SOURCE_ID":"GC11249","SRC_DATE":"20140603","HOR_ACC":"1.1","INFORM":" ","ATTRIBUTE":"Natural.Mean High Water","VER_DATE":" ","SRC_RESOLU":0,"DATA_SOURC":"Lidar","EX_METH":"Derived","EXT_METH":"Derived","DAT_SET_CR":"NOAA","SRC_CITA":" ","FIPS_ALPHA":"NY","NOAA_Regio":"North Atlantic","Shape_Leng":5.6120211174E-05,"Shape__Length":5.61202111743131E-05}},{"type":"Feature","id":85711,"geometry":{"type":"LineString","coordinates":[[-71.9152479235505,41.0661021786435],[-71.9152679865372,41.0661850592796],[-71.9152660287155,41.0662388315539],[-71.9151725567625,41.0664772769516],[-71.915143742479,41.0665507821551],[-71.9151173320886,41.0667045015048],[-71.9151311375922,41.0668178673656]]},"properties":{"FID":85711,"SOURCE_ID":"GC11249","SRC_DATE":"20140603","HOR_ACC":"1.1","INFORM":" ","ATTRIBUTE":"Natural.Mean High Water","VER_DATE":" ","SRC_RESOLU":0,"DATA_SOURC":"Lidar","EX_METH":"Derived","EXT_METH":"Derived","DAT_SET_CR":"NOAA","SRC_CITA":" ","FIPS_ALPHA":"NY","NOAA_Regio":"North Atlantic","Shape_Leng":0.000744319981226,"Shape__Length":0.00074431998122621932}},{"type":"Feature","id":85715,"geometry":{"type":"LineString","coordinates":[[-71.9381537818625,41.0761845207048],[-71.9381637166755,41.0761708959727],[-71.9382011653558,41.0761494003718],[-71.9382366049497,41.0761230646187]]},"properties":{"FID":85715,"SOURCE_ID":"GC11249","SRC_DATE":"20140607","HOR_ACC":"0.6","INFORM":" ","ATTRIBUTE":"Natural.Mean High Water","VER_DATE":" ","SRC_RESOLU":0,"DATA_SOURC":"Aerial Photography","EX_METH":"Stereo","EXT_METH":"Stereo","DAT_SET_CR":"NOAA","SRC_CITA":" ","FIPS_ALPHA":"NY","NOAA_Regio":"North Atlantic","Shape_Leng":0.000104195177255,"Shape__Length":0.00010419517725531674}},{"type":"Feature","id":85810,"geometry":{"type":"LineString","coordinates":[[-71.9151843657908,41.0669504211642],[-71.9151743824225,41.0671086407218],[-71.9151827272443,41.067282535465],[-71.9151937961088,41.0673731142996],[-71.9152136639416,41.0674407748063],[-71.91528402693,41.0675947486611],[-71.9153513115357,41.06770780965],[-71.9153986995307,41.0677623904135],[-71.9154860722969,41.0678306417727],[-71.9155729081695,41.0679312975103],[-71.9155978104085,41.0679925467488],[-71.9156559713998,41.0682948026505],[-71.9156884810083,41.0683898556125],[-71.9157438630819,41.0684859571834],[-71.9159812257419,41.0688213683917],[-71.9162134424737,41.0690529348632],[-71.9165755501325,41.0693414041455],[-71.9171784459574,41.069740455879],[-71.9172122514862,41.0697787283337],[-71.917335588153,41.0698523126726],[-71.917497257538,41.069976474892],[-71.9175926981237,41.0700243970722],[-71.917747960735,41.0701254188318],[-71.9179279583105,41.0702727430944],[-71.9180482156956,41.0703099165745],[-71.9185027494061,41.0705477063487],[-71.9188548808745,41.0707012242379],[-71.9192715782899,41.0708368662973],[-71.9194852914548,41.0708957970769],[-71.9196602663086,41.0709283246567],[-71.9198192242321,41.070972646848],[-71.9202214299675,41.0711105767835],[-71.9203636919732,41.0711779297181]]},"properties":{"FID":85810,"SOURCE_ID":"GC11249","SRC_DATE":"20140603","HOR_ACC":"1.1","INFORM":" ","ATTRIBUTE":"Natural.Mean High Water","VER_DATE":" ","SRC_RESOLU":0,"DATA_SOURC":"Lidar","EX_METH":"Derived","EXT_METH":"Derived","DAT_SET_CR":"NOAA","SRC_CITA":" ","FIPS_ALPHA":"NY","NOAA_Regio":"North Atlantic","Shape_Leng":0.0071531015197,"Shape__Length":0.0071531015197017255}},{"type":"Feature","id":85811,"geometry":{"type":"LineString","coordinates":[[-71.9347202334503,41.0676978877007],[-71.9347103436039,41.0677220488919],[-71.9347339580132,41.0677811613407],[-71.934973468249,41.0680121585411],[-71.9353445151782,41.0684122418047],[-71.9354344941869,41.0685933563041],[-71.9354606869564,41.0687072437715],[-71.9354300560421,41.068786738461],[-71.935387296869,41.0689051099513],[-71.935334519243,41.0689900788159],[-71.9351581090849,41.0692054323195],[-71.9351025669425,41.0692978331831],[-71.9350676651467,41.069381841571],[-71.9350480023681,41.0694702125704],[-71.9350422988725,41.06958789338],[-71.935053698688,41.0696868179248],[-71.935080051535,41.069767425074],[-71.9351495071045,41.0698753329465],[-71.9353836879576,41.0701306217396],[-71.935472973582,41.0701893321893],[-71.9359122035233,41.0704116320379],[-71.935998170649,41.0704844789338],[-71.9360439488582,41.0705584643729]]},"properties":{"FID":85811,"SOURCE_ID":"GC11249","SRC_DATE":"20140603","HOR_ACC":"1.1","INFORM":" ","ATTRIBUTE":"Natural.Mean High Water","VER_DATE":" ","SRC_RESOLU":0,"DATA_SOURC":"Lidar","EX_METH":"Derived","EXT_METH":"Derived","DAT_SET_CR":"NOAA","SRC_CITA":" ","FIPS_ALPHA":"NY","NOAA_Regio":"North Atlantic","Shape_Leng":0.00374182237907,"Shape__Length":0.0037418223790712294}},{"type":"Feature","id":85812,"geometry":{"type":"LineString","coordinates":[[-71.9384730183475,41.0680171379749],[-71.9383472921853,41.0680137951983],[-71.938223075084,41.0679779302321],[-71.9382186917865,41.067969372282],[-71.9382123003007,41.0679354354588],[-71.9382480708439,41.0678857380124],[-71.9383366388026,41.0678314135513],[-71.9384202631866,41.0677805757627],[-71.938551018357,41.0677442566305],[-71.9388138390111,41.0676776824959],[-71.9390467257212,41.0676105453865]]},"properties":{"FID":85812,"SOURCE_ID":"GC11249","SRC_DATE":"20140603","HOR_ACC":"1.1","INFORM":" ","ATTRIBUTE":"Natural.Mean High Water","VER_DATE":" ","SRC_RESOLU":0,"DATA_SOURC":"Lidar","EX_METH":"Derived","EXT_METH":"Derived","DAT_SET_CR":"NOAA","SRC_CITA":" ","FIPS_ALPHA":"NY","NOAA_Regio":"North Atlantic","Shape_Leng":0.00121140563859,"Shape__Length":0.0012114056385947244}},{"type":"Feature","id":85813,"geometry":{"type":"LineString","coordinates":[[-71.9387105672108,41.0691233861389],[-71.9386828303096,41.0690923918987],[-71.9386548559881,41.0690771771663],[-71.9386444418345,41.0690612222911],[-71.938648463603,41.0690432403431],[-71.9386909044215,41.0690214560596]]},"properties":{"FID":85813,"SOURCE_ID":"GC11249","SRC_DATE":"20140603","HOR_ACC":"1.1","INFORM":" ","ATTRIBUTE":"Natural.Mean High Water","VER_DATE":" ","SRC_RESOLU":0,"DATA_SOURC":"Lidar","EX_METH":"Derived","EXT_METH":"Derived","DAT_SET_CR":"NOAA","SRC_CITA":" ","FIPS_ALPHA":"NY","NOAA_Regio":"North Atlantic","Shape_Leng":0.000158621345028,"Shape__Length":0.00015862134502804992}},{"type":"Feature","id":85814,"geometry":{"type":"LineString","coordinates":[[-71.9321710279138,41.0689547931116],[-71.9322410671301,41.0688257619541],[-71.9322977280269,41.0686880973038],[-71.9323376318511,41.068559444762],[-71.9323625169923,41.0684335036772],[-71.9323731181975,41.0683167194917],[-71.9323709238441,41.0681955025474],[-71.93235288703,41.0681006834088],[-71.9323132646802,41.0679897915841],[-71.9322613935611,41.0678967396148],[-71.9321945793025,41.0678097211987],[-71.9321221424817,41.0677426299647],[-71.9320386377013,41.0676817746313],[-71.9319285849254,41.0676188922264],[-71.931672327515,41.0674946949364],[-71.9314400568272,41.0673226582001],[-71.9313703539455,41.0672408423632],[-71.93127487378,41.067022981558],[-71.9312557982498,41.0669507093268],[-71.9312603982798,41.0668840110941],[-71.9314010279888,41.0664797450662],[-71.9314643025035,41.0663682695781],[-71.9315694045005,41.0662635003345],[-71.9316725999363,41.0661977068167],[-71.9318062743065,41.0661485678461],[-71.9319550456015,41.0661136876289],[-71.9321230156309,41.0660984576017],[-71.9322771810636,41.0661053589954],[-71.9325973038467,41.0661754647495],[-71.932882151607,41.0661839552415],[-71.9329613135571,41.0661959611906],[-71.933027790566,41.0662147633181],[-71.9330740678961,41.0662366456249],[-71.9331149349035,41.0662671047679],[-71.9331898907275,41.0663593500445],[-71.9332694717709,41.0665321844846],[-71.9333018428877,41.0666973540028],[-71.9333266372086,41.0667681315603],[-71.9333819590268,41.0668507954585],[-71.9334675466389,41.066931464659],[-71.9336061187261,41.0670164577991],[-71.933956836459,41.0671550847111],[-71.9341447912356,41.0672507968711],[-71.9342703618171,41.0672895684467],[-71.9343895876781,41.0673033352674],[-71.9344848034303,41.0672988377539],[-71.9345957887989,41.0672809106612],[-71.934838856737,41.0672112428587],[-71.9351319090075,41.0670873009585],[-71.9353873660061,41.0669463438831],[-71.9356006447863,41.0667938233239],[-71.9358061615132,41.0665996713407],[-71.9358804239496,41.0665119640392],[-71.935929284128,41.0664378176184],[-71.9359499118813,41.0663828546408],[-71.9359487184778,41.0663342948381],[-71.935826550022,41.0661053471893],[-71.9357920978766,41.066000543776],[-71.9357059050139,41.0658012827526],[-71.9356484320086,41.0655758397605],[-71.9356041763438,41.0653542845379],[-71.9355677393932,41.0652338068376],[-71.9354392495943,41.0648919259017],[-71.9353213142489,41.0646662679734],[-71.9351807744383,41.0644718686878],[-71.9351292045913,41.064362072238],[-71.9350100030046,41.0642171140901],[-71.9349328114628,41.064082806614],[-71.9348050860998,41.0639519183626],[-71.934459529554,41.0633934509649],[-71.9342818117554,41.0631528076325],[-71.9339883052923,41.0626600644998],[-71.933934589661,41.0625287643564],[-71.9338297979139,41.0623448700524],[-71.9337590814904,41.0621640208524],[-71.9337121296681,41.0621332289604],[-71.9336785912388,41.0621096981955],[-71.9336075735488,41.0620458508167],[-71.933575175457,41.0619639684287],[-71.9335748202232,41.0619377459913],[-71.9335656174536,41.061864820852],[-71.933588490815,41.0618130064014],[-71.9336512221418,41.0617503371303],[-71.9336722141231,41.0617389822872],[-71.9337444018262,41.0617099260832],[-71.9337945012715,41.061648112068],[-71.9337817650649,41.0615834346128],[-71.9337436544788,41.0615228463766],[-71.9337398782231,41.0615024902182],[-71.9337081888003,41.0614730509063],[-71.9336853262269,41.0614569530393],[-71.9336240967628,41.0614195790083],[-71.9335266524875,41.0613824307084],[-71.9334791304949,41.0613549528188],[-71.9334813985831,41.0613061627895],[-71.9334818410492,41.0612966425645],[-71.933481266381,41.0612751811389],[-71.933456498144,41.0612661816223],[-71.9334404991999,41.0612717115552],[-71.9334065974468,41.0612898724692],[-71.9333192417726,41.061306609758],[-71.9332791616748,41.0613222228923],[-71.9332670262186,41.0613123672205],[-71.9332689858416,41.0613040790668],[-71.9332713321726,41.0612874613907],[-71.9332815178945,41.0612376902007],[-71.9332902638032,41.0612188601917],[-71.9333344052376,41.0611497391836],[-71.9333599801639,41.0611075276956],[-71.9333725904597,41.0610733111826],[-71.9333488735292,41.0610417018059],[-71.9333119158768,41.0610240364207],[-71.9332764744819,41.0610076031068],[-71.9331235707933,41.0609105950223],[-71.933080853878,41.0608475012745],[-71.933066072615,41.0608268528368],[-71.9330049007074,41.0607882872039],[-71.9330050113239,41.0607859075973],[-71.933006173247,41.0607609172314],[-71.9330791901242,41.0607140121792],[-71.9330834960781,41.0606891063494],[-71.9330536026017,41.0606549482938],[-71.9330107103226,41.0606633380721],[-71.9329587960433,41.0606965077754],[-71.9329136680497,41.0607191347239],[-71.9328645758404,41.0606916145662],[-71.9328560277804,41.0606723241048],[-71.9328404425216,41.060624356956],[-71.9328476559837,41.0605815492179],[-71.9328623356196,41.0605366640453],[-71.9328821746673,41.060482385452],[-71.9328766609211,41.060465558234]]},"properties":{"FID":85814,"SOURCE_ID":"GC11249","SRC_DATE":"20140603","HOR_ACC":"1.1","INFORM":" ","ATTRIBUTE":"Natural.Mean High Water","VER_DATE":" ","SRC_RESOLU":0,"DATA_SOURC":"Lidar","EX_METH":"Derived","EXT_METH":"Derived","DAT_SET_CR":"NOAA","SRC_CITA":" ","FIPS_ALPHA":"NY","NOAA_Regio":"North Atlantic","Shape_Leng":0.0162298752817,"Shape__Length":0.016229875281748712}},{"type":"Feature","id":85815,"geometry":{"type":"LineString","coordinates":[[-71.9384907179861,41.0693549499271],[-71.9386263870521,41.0692887786929],[-71.938687608419,41.0692657515454],[-71.9387129162468,41.0692293056122]]},"properties":{"FID":85815,"SOURCE_ID":"GC11249","SRC_DATE":"20140603","HOR_ACC":"1.1","INFORM":" ","ATTRIBUTE":"Natural.Mean High Water","VER_DATE":" ","SRC_RESOLU":0,"DATA_SOURC":"Lidar","EX_METH":"Derived","EXT_METH":"Derived","DAT_SET_CR":"NOAA","SRC_CITA":" ","FIPS_ALPHA":"NY","NOAA_Regio":"North Atlantic","Shape_Leng":0.000260725864502,"Shape__Length":0.00026072586450233577}},{"type":"Feature","id":85909,"geometry":{"type":"LineString","coordinates":[[-71.9579871681816,41.0512690982686],[-71.9579191632215,41.0512061798895],[-71.9577503640089,41.0510787333456],[-71.957659289631,41.0509947510421],[-71.9573824593119,41.0506779009464],[-71.9571662127464,41.0504478390404],[-71.957090505988,41.050353534316],[-71.9570195152746,41.050233500882],[-71.9569664057861,41.0500937291232],[-71.9569447384054,41.0499591734324],[-71.9569479921458,41.0498202371422],[-71.9569881127041,41.0496481041695],[-71.9571214722938,41.0492858328924],[-71.9572608141771,41.0489506725827],[-71.9574430357412,41.0484700172246],[-71.9575658831581,41.048216911075],[-71.9576488159589,41.0480892217059],[-71.957757399231,41.0479538764059],[-71.9581107249704,41.0475929945745],[-71.958294617487,41.0473169287266],[-71.9586771514125,41.0468715789537],[-71.9587397352483,41.0467716183874],[-71.9587864775214,41.0466755482895],[-71.9588473796166,41.0464370705172],[-71.9589175231529,41.0462823897907],[-71.9591027052963,41.0459817814394],[-71.9593911269422,41.0456129064341],[-71.9597965792014,41.0452231941291],[-71.9601834325787,41.0448935025899],[-71.9603753470577,41.0447451135176],[-71.9607107789873,41.0445032821639],[-71.9608785466623,41.044366694898],[-71.9611891869751,41.0441621962092],[-71.961326276068,41.0440395655258],[-71.9613875145212,41.0440028704792],[-71.9614487754576,41.0439703986497],[-71.9615535662911,41.0439011517345],[-71.9615612734834,41.0438980823475],[-71.9616088269485,41.0438623198985],[-71.9616814337345,41.0438097329285],[-71.9620771742195,41.0435592042276],[-71.9628961753538,41.0430799481942],[-71.9630052244798,41.0430339433624],[-71.9630872480715,41.043008989866],[-71.9631536594251,41.0429431513833],[-71.9632835017809,41.0428617977916],[-71.9632865945503,41.0428603516813],[-71.9634266774906,41.0427975987708],[-71.9635778131035,41.0427527486673],[-71.9637421642559,41.0426700685741],[-71.9638155759367,41.0426413918841],[-71.9645823723151,41.0422785000541],[-71.9650257076399,41.0420924734394],[-71.9657024269992,41.0418265807085],[-71.9662505549592,41.0416248510251],[-71.9668475574906,41.0414193270996],[-71.9673251264213,41.0412660412087],[-71.9679753589432,41.0410739549541],[-71.9687806247443,41.0408949952018],[-71.9691177833828,41.0408285496678],[-71.9694768809903,41.0407738330935],[-71.9698687660925,41.040735613685],[-71.970048146724,41.0407269954743],[-71.970176790288,41.040731538846],[-71.9702679950637,41.0407476439054]]},"properties":{"FID":85909,"SOURCE_ID":"GC11249","SRC_DATE":"20140603","HOR_ACC":"1.1","INFORM":" ","ATTRIBUTE":"Natural.Mean High Water","VER_DATE":" ","SRC_RESOLU":0,"DATA_SOURC":"Lidar","EX_METH":"Derived","EXT_METH":"Derived","DAT_SET_CR":"NOAA","SRC_CITA":" ","FIPS_ALPHA":"NY","NOAA_Regio":"North Atlantic","Shape_Leng":0.0189284198432,"Shape__Length":0.018928419843227788}},{"type":"Feature","id":85910,"geometry":{"type":"LineString","coordinates":[[-71.9554249155199,41.0727323135148],[-71.9554784350905,41.0727139754336],[-71.9556361933152,41.0727075524692],[-71.9558745551008,41.0726615341434],[-71.9560065531366,41.0726569080256],[-71.9562825398742,41.0726700255305],[-71.9564169498927,41.0726694238796],[-71.9566293203652,41.0726537477871],[-71.9567635622092,41.0726317170863],[-71.9568534350863,41.0726074227928],[-71.9569444626926,41.0725717098052],[-71.9570393205119,41.0725217290702],[-71.957111472241,41.0724727897512],[-71.9572150040219,41.0723814410932],[-71.9575428879332,41.0720339007077],[-71.9576064493351,41.0719818308483],[-71.9576766189579,41.0719380509409],[-71.9579402777771,41.0718129147418],[-71.9581316238884,41.0717338472251],[-71.958758536082,41.0715261262545],[-71.9589293578584,41.0714382085086],[-71.9591882196906,41.071286134911],[-71.9593407456516,41.0711656338222],[-71.9596563151437,41.0708457988569],[-71.9599021925564,41.0706301332862],[-71.9599776124206,41.0705411579403],[-71.9600827162115,41.0703536006902],[-71.9601243116627,41.0702541014768],[-71.9601391198979,41.0701422536709],[-71.9601273621512,41.0700276503425],[-71.960089934145,41.0698666249012],[-71.9600487541692,41.0697594355862],[-71.9597767082358,41.0692806463364],[-71.9597038514253,41.069105768636],[-71.9596412298012,41.0689095841933],[-71.9595639501234,41.0687316227172],[-71.9595440634037,41.0686451070207],[-71.9595278495131,41.0685004393506],[-71.959530502509,41.0684120314795],[-71.9595463431675,41.0683214634359],[-71.959582794494,41.0682069032735],[-71.9596351269539,41.0680974998241],[-71.9599258310723,41.067594138375],[-71.9600363245029,41.0674211051786],[-71.9601853871644,41.0671414402443],[-71.9602144640494,41.06705489307],[-71.9603051867674,41.0667013910853],[-71.9603529965286,41.0664731197214],[-71.9604460116204,41.0661385044025],[-71.9605092105878,41.06595249129],[-71.9605848013187,41.0657835814871],[-71.9606893259458,41.0655919314215],[-71.9608325439149,41.0653716595256],[-71.9613725734483,41.0646594097979],[-71.9614232223783,41.0645760003582],[-71.9615571026809,41.0643098117679],[-71.961591382145,41.0642141103925],[-71.9616100835472,41.0641118214824],[-71.961599774601,41.0638603413117],[-71.9615439617444,41.063628625547],[-71.961488862954,41.0634746274102],[-71.9613762731794,41.0632294730753],[-71.9611632048099,41.0628394208466],[-71.9610655500868,41.062689558694],[-71.960750796239,41.0622832799978],[-71.9603110527632,41.0616822755614],[-71.9601070765441,41.0613214890762],[-71.9599973277298,41.0610927698548],[-71.9597231054253,41.0604192953305],[-71.9596309050817,41.0600847042993],[-71.9595537144277,41.0597451705928],[-71.9594780679036,41.0592915938351],[-71.9593287030257,41.0587914762555],[-71.959220447085,41.0585374420129],[-71.9590608218429,41.0581169180476],[-71.958854430038,41.0576488091464],[-71.9588140405652,41.0575196799665],[-71.9587798456203,41.0573117036098],[-71.9587493217147,41.0572031149491],[-71.9584720282301,41.056629441809],[-71.9583663029792,41.0563193177387],[-71.9582879791831,41.0560515886163],[-71.9580764954157,41.0555926887748],[-71.9580038445493,41.0554029731571],[-71.9579475640459,41.0551871601073],[-71.9579153880758,41.0549130574869],[-71.9579177451916,41.0547699699253],[-71.9579737450671,41.0542907498895],[-71.9579983001579,41.0541797339563],[-71.9580329285589,41.0540806978941],[-71.958086271858,41.0539858310891],[-71.958234172599,41.053775573146],[-71.9582671714288,41.0536904154244],[-71.9582779444064,41.0536082479499],[-71.9582510807381,41.0534183695534],[-71.9581673448241,41.053221391909],[-71.9581482099384,41.0531437516236],[-71.9581523612022,41.0530007827725],[-71.9581831081205,41.052768310675],[-71.958178987422,41.052706051497],[-71.958146166648,41.052612086715],[-71.9580212741449,41.0523841948706],[-71.9579925039182,41.0522818564993],[-71.9579710739588,41.0521512389404],[-71.9579644072638,41.0518227947739]]},"properties":{"FID":85910,"SOURCE_ID":"GC11249","SRC_DATE":"20140603","HOR_ACC":"1.1","INFORM":" ","ATTRIBUTE":"Natural.Mean High Water","VER_DATE":" ","SRC_RESOLU":0,"DATA_SOURC":"Lidar","EX_METH":"Derived","EXT_METH":"Derived","DAT_SET_CR":"NOAA","SRC_CITA":" ","FIPS_ALPHA":"NY","NOAA_Regio":"North Atlantic","Shape_Leng":0.0256411183107,"Shape__Length":0.025641118310689187}},{"type":"Feature","id":85911,"geometry":{"type":"LineString","coordinates":[[-71.9491277553083,41.0729941657729],[-71.9491464468228,41.0729757602437],[-71.9493614118378,41.0729180039649],[-71.9498097285167,41.072867781301],[-71.9507416692728,41.0728251533974],[-71.9509980966478,41.0728191342255],[-71.952054431673,41.0728395964698],[-71.9522757135323,41.0728552833401]]},"properties":{"FID":85911,"SOURCE_ID":"GC11249","SRC_DATE":"20140603","HOR_ACC":"1.1","INFORM":" ","ATTRIBUTE":"Natural.Mean High Water","VER_DATE":" ","SRC_RESOLU":0,"DATA_SOURC":"Lidar","EX_METH":"Derived","EXT_METH":"Derived","DAT_SET_CR":"NOAA","SRC_CITA":" ","FIPS_ALPHA":"NY","NOAA_Regio":"North Atlantic","Shape_Leng":0.00316772463538,"Shape__Length":0.0031677246353816208}},{"type":"Feature","id":86088,"geometry":{"type":"LineString","coordinates":[[-71.9384473428159,41.0701602812873],[-71.9383265988966,41.0701067680217],[-71.9382291851967,41.0700426733301],[-71.9381630984917,41.069990266229],[-71.9380651865641,41.0698682740721],[-71.9380292010754,41.0697853124976],[-71.9380147147874,41.0697198058674],[-71.9380149387184,41.0697149872989],[-71.9380259419255,41.0696839265077],[-71.9380399911355,41.0696215908866],[-71.9380570557736,41.0695629532786],[-71.9380607420952,41.0695521973847],[-71.9380854284905,41.0695009980704],[-71.9380955926308,41.069488002864]]},"properties":{"FID":86088,"SOURCE_ID":"GC11249","SRC_DATE":"20140603","HOR_ACC":"1.1","INFORM":" ","ATTRIBUTE":"Natural.Mean High Water","VER_DATE":" ","SRC_RESOLU":0,"DATA_SOURC":"Lidar","EX_METH":"Derived","EXT_METH":"Derived","DAT_SET_CR":"NOAA","SRC_CITA":" ","FIPS_ALPHA":"NY","NOAA_Regio":"North Atlantic","Shape_Leng":0.000894421528584,"Shape__Length":0.00089442152858448115}},{"type":"Feature","id":86089,"geometry":{"type":"LineString","coordinates":[[-71.9206178917323,41.0712698134613],[-71.920708111749,41.0712671784443],[-71.9211995869126,41.0713172517904],[-71.9216564237739,41.0713129871896],[-71.9225554034734,41.0713823779639],[-71.9233199677561,41.0714130888937],[-71.9236301593226,41.0714823852582],[-71.9240186908569,41.0715333120645],[-71.9245361879123,41.0715836390186],[-71.9251406377499,41.0716931980294],[-71.9255978829067,41.0717443415701]]},"properties":{"FID":86089,"SOURCE_ID":"GC11249","SRC_DATE":"20140603","HOR_ACC":"1.1","INFORM":" ","ATTRIBUTE":"Natural.Mean High Water","VER_DATE":" ","SRC_RESOLU":0,"DATA_SOURC":"Lidar","EX_METH":"Derived","EXT_METH":"Derived","DAT_SET_CR":"NOAA","SRC_CITA":" ","FIPS_ALPHA":"NY","NOAA_Regio":"North Atlantic","Shape_Leng":0.00501199387317,"Shape__Length":0.0050119938731658072}},{"type":"Feature","id":86090,"geometry":{"type":"LineString","coordinates":[[-71.9358956272992,41.0719185930113],[-71.9358791759981,41.071961940343],[-71.9358479749111,41.0719991354118]]},"properties":{"FID":86090,"SOURCE_ID":"GC11249","SRC_DATE":"20140603","HOR_ACC":"1.1","INFORM":" ","ATTRIBUTE":"Natural.Mean High Water","VER_DATE":" ","SRC_RESOLU":0,"DATA_SOURC":"Lidar","EX_METH":"Derived","EXT_METH":"Derived","DAT_SET_CR":"NOAA","SRC_CITA":" ","FIPS_ALPHA":"NY","NOAA_Regio":"North Atlantic","Shape_Leng":9.491289973E-05,"Shape__Length":9.4912899730282467E-05}},{"type":"Feature","id":86091,"geometry":{"type":"LineString","coordinates":[[-71.9343696122569,41.0730824536126],[-71.9342797097027,41.0731146952165],[-71.9339262994158,41.0732789510359]]},"properties":{"FID":86091,"SOURCE_ID":"GC11249","SRC_DATE":"20140603","HOR_ACC":"1.1","INFORM":" ","ATTRIBUTE":"Natural.Mean High Water","VER_DATE":" ","SRC_RESOLU":0,"DATA_SOURC":"Lidar","EX_METH":"Derived","EXT_METH":"Derived","DAT_SET_CR":"NOAA","SRC_CITA":" ","FIPS_ALPHA":"NY","NOAA_Regio":"North Atlantic","Shape_Leng":0.000485225282034,"Shape__Length":0.00048522528203420013}},{"type":"Feature","id":86092,"geometry":{"type":"LineString","coordinates":[[-71.9280049542875,41.0730089962801],[-71.9281368264266,41.073153762872],[-71.9282627720291,41.073254923128],[-71.9283444619761,41.0732994269849],[-71.9285226716946,41.0733727235389],[-71.928735398307,41.0735043510304],[-71.9289059008329,41.0735741744022],[-71.9290621598904,41.0736224976781],[-71.9292862116646,41.0736750261825],[-71.9297867025364,41.0737576828718],[-71.9298298727072,41.0737703830988],[-71.9298472898837,41.0737827622687],[-71.9298530887161,41.0738192279859],[-71.9298882333366,41.073869525278],[-71.9299412349007,41.0739066834718],[-71.9300481490403,41.0739452778816],[-71.9301383879436,41.0739575104595],[-71.9302873813748,41.0739852563439],[-71.9304604388721,41.0739967676627],[-71.9306632180724,41.0739913735215],[-71.9310206600287,41.0739557207797],[-71.9314236526594,41.0738884928333],[-71.9314960031415,41.073889143041],[-71.9315805097645,41.0739056096281],[-71.93168697784,41.0739402587112],[-71.9319844242131,41.0740577875255],[-71.9324152634699,41.0741529843661],[-71.9325592018111,41.0741966869249],[-71.9327066897783,41.0742521751012],[-71.932764947881,41.0742829642949],[-71.9328141093388,41.0743231352183],[-71.9329519511809,41.0744897850176],[-71.9330239491327,41.0745620446565],[-71.9331162762659,41.0746348735657],[-71.9332000175677,41.0746886620251],[-71.933316939367,41.074740568202],[-71.933599817615,41.0748123610858]]},"properties":{"FID":86092,"SOURCE_ID":"GC11249","SRC_DATE":"20140603","HOR_ACC":"1.1","INFORM":" ","ATTRIBUTE":"Natural.Mean High Water","VER_DATE":" ","SRC_RESOLU":0,"DATA_SOURC":"Lidar","EX_METH":"Derived","EXT_METH":"Derived","DAT_SET_CR":"NOAA","SRC_CITA":" ","FIPS_ALPHA":"NY","NOAA_Regio":"North Atlantic","Shape_Leng":0.00613220574366,"Shape__Length":0.0061322057436570153}},{"type":"Feature","id":86093,"geometry":{"type":"LineString","coordinates":[[-71.9339833138529,41.0750290203873],[-71.9340544754342,41.0750889143457],[-71.9342429212421,41.0752071716145],[-71.9344137682091,41.0752895162496],[-71.9345874687243,41.07534260953],[-71.9347609722865,41.0753710856632],[-71.9349118821718,41.0753692528397]]},"properties":{"FID":86093,"SOURCE_ID":"GC11249","SRC_DATE":"20140603","HOR_ACC":"1.1","INFORM":" ","ATTRIBUTE":"Natural.Mean High Water","VER_DATE":" ","SRC_RESOLU":0,"DATA_SOURC":"Lidar","EX_METH":"Derived","EXT_METH":"Derived","DAT_SET_CR":"NOAA","SRC_CITA":" ","FIPS_ALPHA":"NY","NOAA_Regio":"North Atlantic","Shape_Leng":0.00101352540988,"Shape__Length":0.0010135254098788942}},{"type":"Feature","id":86094,"geometry":{"type":"LineString","coordinates":[[-71.9358139843201,41.0754693275887],[-71.9358635073024,41.0754539653649],[-71.9358887000171,41.0754200825],[-71.9358923629545,41.075375968047],[-71.9359326094197,41.075232921853],[-71.9359755052939,41.0751870860959],[-71.9360241919065,41.0751725044838],[-71.9360778778531,41.0751782241714],[-71.9361297031028,41.0752025238562],[-71.9361650212917,41.0752403457504],[-71.9361841777608,41.0753098570623],[-71.9361678523665,41.0753830519992],[-71.9359850651167,41.075654041173],[-71.9359034138534,41.0758359893497],[-71.9358739700482,41.0759794591241],[-71.9358838203332,41.0761107547723],[-71.93591222903,41.0761737415011],[-71.9359714655972,41.0762348081761],[-71.9361685332104,41.0763904340816],[-71.9363413658847,41.0765330503927]]},"properties":{"FID":86094,"SOURCE_ID":"GC11249","SRC_DATE":"20140603","HOR_ACC":"1.1","INFORM":" ","ATTRIBUTE":"Natural.Mean High Water","VER_DATE":" ","SRC_RESOLU":0,"DATA_SOURC":"Lidar","EX_METH":"Derived","EXT_METH":"Derived","DAT_SET_CR":"NOAA","SRC_CITA":" ","FIPS_ALPHA":"NY","NOAA_Regio":"North Atlantic","Shape_Leng":0.00214439908896,"Shape__Length":0.0021443990889597922}},{"type":"Feature","id":86095,"geometry":{"type":"LineString","coordinates":[[-71.9413360824845,41.075620136552],[-71.9414711418109,41.0755691108034],[-71.9418952118572,41.0754630087539],[-71.9421879691538,41.0754077238101],[-71.9423833649165,41.0753801334974]]},"properties":{"FID":86095,"SOURCE_ID":"GC11249","SRC_DATE":"20140603","HOR_ACC":"1.1","INFORM":" ","ATTRIBUTE":"Natural.Mean High Water","VER_DATE":" ","SRC_RESOLU":0,"DATA_SOURC":"Lidar","EX_METH":"Derived","EXT_METH":"Derived","DAT_SET_CR":"NOAA","SRC_CITA":" ","FIPS_ALPHA":"NY","NOAA_Regio":"North Atlantic","Shape_Leng":0.00107678402468,"Shape__Length":0.0010767840246785102}},{"type":"Feature","id":86096,"geometry":{"type":"LineString","coordinates":[[-71.9381869911475,41.076344133311],[-71.9381520416777,41.0762546633415],[-71.9381513303106,41.0761982029931],[-71.9381537818625,41.0761845207048]]},"properties":{"FID":86096,"SOURCE_ID":"GC11249","SRC_DATE":"20140603","HOR_ACC":"1.1","INFORM":" ","ATTRIBUTE":"Natural.Mean High Water","VER_DATE":" ","SRC_RESOLU":0,"DATA_SOURC":"Lidar","EX_METH":"Derived","EXT_METH":"Derived","DAT_SET_CR":"NOAA","SRC_CITA":" ","FIPS_ALPHA":"NY","NOAA_Regio":"North Atlantic","Shape_Leng":0.000166418822455,"Shape__Length":0.00016641882245538292}},{"type":"Feature","id":86178,"geometry":{"type":"LineString","coordinates":[[-71.9210227034898,41.051684967644],[-71.920784883081,41.0514614492072],[-71.92071587178,41.051410905502],[-71.9207010797249,41.0513880357383],[-71.920666775074,41.051381160421],[-71.9206212136058,41.0513822315153],[-71.9205578671393,41.0513877785368],[-71.9204728146287,41.0513890780601],[-71.9203989334999,41.0513871022516],[-71.9203168415567,41.0513586944639],[-71.9202308123793,41.051313500827],[-71.9201992452642,41.0512816783113],[-71.9201863867512,41.0512430065567],[-71.9201014889174,41.0511263995408],[-71.9200404294238,41.051064216807],[-71.9199892912554,41.0510232481849]]},"properties":{"FID":86178,"SOURCE_ID":"GC11249","SRC_DATE":"20140603","HOR_ACC":"1.1","INFORM":" ","ATTRIBUTE":"Natural.Apparent.Marsh Or Swamp","VER_DATE":" ","SRC_RESOLU":0,"DATA_SOURC":"Lidar","EX_METH":"Derived","EXT_METH":"Derived","DAT_SET_CR":"NOAA","SRC_CITA":" ","FIPS_ALPHA":"NY","NOAA_Regio":"North Atlantic","Shape_Leng":0.00130880514725,"Shape__Length":0.0013088051472539175}},{"type":"Feature","id":86179,"geometry":{"type":"LineString","coordinates":[[-71.9273018171284,41.0536985723798],[-71.9272464989006,41.0534950197898],[-71.927138763673,41.0533363137027],[-71.9270756357339,41.0532030602318],[-71.9270604524688,41.0530949347215],[-71.9270141598485,41.0530412748639],[-71.9269826790662,41.052973713283],[-71.9269885390473,41.0529154866656],[-71.9269796969075,41.0528687839635],[-71.9270040334664,41.0528193913876],[-71.9270815190748,41.0527440137937],[-71.927144414078,41.0526777796093],[-71.9271969893585,41.0526303322665],[-71.9272930073026,41.0525625980116],[-71.9273455475115,41.0525497026285],[-71.9273694604921,41.0525431915349],[-71.9274233856557,41.0525005465727],[-71.9274496809382,41.0524428658431],[-71.9274787677158,41.0523590481117],[-71.9274916900743,41.0522843306225],[-71.927461172467,41.0522299000453],[-71.9274120883516,41.0522023780889],[-71.9273715486988,41.0521941474932],[-71.9272912131339,41.0521955774181],[-71.9272220660398,41.0522270941676],[-71.9271197960048,41.0522601082897],[-71.9270572139635,41.0522858414978],[-71.9270358361733,41.0523055258633],[-71.9269556094261,41.0523045761816],[-71.9268889021906,41.0522837316934],[-71.9267874037675,41.0521988122965],[-71.9267414996539,41.0521368220171],[-71.9267116313604,41.0521360243193],[-71.9266882948467,41.0521639968385],[-71.9266357537385,41.0521768913222],[-71.9265514215842,41.0521627261006],[-71.926487061579,41.0521252639362],[-71.926478311168,41.0520428185718],[-71.9264642889301,41.051972147134],[-71.9264577598483,41.0519433778163],[-71.9264285021939,41.0519294904835],[-71.9264009829295,41.0519120751096],[-71.9263974863627,41.0518857699347],[-71.9264181240096,41.0518481944529],[-71.9264146076559,41.0517885271216],[-71.9264007724787,41.0517476466317],[-71.926349100113,41.0517081412068],[-71.9263093176868,41.0516498885105],[-71.9262960931487,41.0515959201844],[-71.9263012525584,41.0515488820347],[-71.9262485981321,41.0515005254805],[-71.9261914893636,41.0514763624929],[-71.9261334372073,41.051472430658],[-71.9261101546528,41.0514992124745],[-71.9260944542853,41.051532154648],[-71.926071505379,41.0515517967454],[-71.926038438196,41.051552105214],[-71.9260019302041,41.0515249178051],[-71.9259786098744,41.0514849771073],[-71.9259664015713,41.0514429490823],[-71.9258928325051,41.0514004749954],[-71.9258181914461,41.0513472495114],[-71.9257177884001,41.0513064409702],[-71.9256485477728,41.0512724223107],[-71.9255986335838,41.0512627501018],[-71.9255609061124,41.0512617428622],[-71.9255248621722,41.0512583973847],[-71.9255146350777,41.0512414433625],[-71.925493403875,41.0512241952622],[-71.9254661813884,41.0512341930283],[-71.9254556413319,41.0512577399824],[-71.925434096268,41.0512809937578],[-71.9253730871415,41.0513067683346],[-71.9252408211074,41.051308002209],[-71.9251441556481,41.0513221017859],[-71.9250535750059,41.0513744900063],[-71.9249385642716,41.0514107371921],[-71.9248243854094,41.0514291337312],[-71.924764650621,41.0514275383356],[-71.9247319728441,41.0514195163824],[-71.9246965575314,41.0514364425271],[-71.9245057231343,41.0515123651139],[-71.9244217066456,41.0515589715915],[-71.9243763052583,41.0515875448585],[-71.9242988906926,41.0515938167343],[-71.9242684693165,41.0516049188681],[-71.9242488290169,41.0516210751924],[-71.924200818693,41.0516043028346],[-71.9241488702356,41.0515707455268],[-71.9241236451415,41.0515379031794],[-71.9240759684657,41.0515139911024],[-71.9240413517503,41.051513222183],[-71.9239261008955,41.0515257245642],[-71.9238055737186,41.051574680972],[-71.923770620659,41.0516154481488],[-71.9237164715644,41.0516628514249],[-71.9236314370421,41.0516975149033],[-71.9236092075928,41.0517016868598],[-71.9235645463488,41.0517481521426],[-71.9235298693808,41.0517829694035],[-71.9234956384761,41.0518082673387],[-71.9234717434838,41.0518481378909],[-71.923451548303,41.0518761940469],[-71.9234283538832,41.0519218148653],[-71.9234355511633,41.0519829984538],[-71.9234704304824,41.0520113342973],[-71.9234900519001,41.0520630920893],[-71.9234766061348,41.0521151574504],[-71.9234813410687,41.0521486446125],[-71.9235018501165,41.0521813628536],[-71.9235192160327,41.0522139965586],[-71.9234897542343,41.0522382296961],[-71.9234827089459,41.0522880836237],[-71.9234920475111,41.0523240771967],[-71.9235084511516,41.0523435789986],[-71.9235142032198,41.0523890082605],[-71.9235084511573,41.0524448534727],[-71.9235174201034,41.0525225387246],[-71.9235537419395,41.0526212096597],[-71.9235474161081,41.0526555934464],[-71.9234822548162,41.0527858234002],[-71.9234585765664,41.0529270052987],[-71.9234592861399,41.0530731775354],[-71.9234878576216,41.0532678061519],[-71.9235072083432,41.0533195972187],[-71.9235366593537,41.0533652980752],[-71.9237167621529,41.0535655636384],[-71.9238123394417,41.0537203891504],[-71.9239324691336,41.0539465641889],[-71.9239318674898,41.0539968812672],[-71.9238893295473,41.0540685086863],[-71.9238788992087,41.0541022800347],[-71.9238821259798,41.0541474556878],[-71.9238994055614,41.0541867120016],[-71.9239255821384,41.0542167115914],[-71.9239503809532,41.0542414807233],[-71.9239981142862,41.0542642020977],[-71.9240768607496,41.054279755873],[-71.9241069358882,41.0542989977703],[-71.9244278671797,41.0546800684645],[-71.924465988557,41.0547282676378],[-71.9244930095975,41.05475639304],[-71.9244932506175,41.054784995084],[-71.9244787688303,41.0547917570883],[-71.9244539502313,41.0547839446769],[-71.9244083051261,41.0547839167994],[-71.9243418083339,41.0547976539485],[-71.92409983307,41.0548230031518],[-71.9239756825207,41.0548241093222],[-71.9239171690116,41.0548134091883],[-71.9238503349703,41.0547705097218],[-71.9237621573097,41.0546848825579],[-71.9236027011527,41.0544855801681],[-71.9234555243452,41.0543249909015],[-71.9233889771843,41.0542196433992],[-71.9233316165975,41.0540513406431],[-71.9232210377067,41.053788370735],[-71.9231346361965,41.053506170619],[-71.9231212245984,41.0534331582455],[-71.9231262805859,41.053386726239],[-71.92314327238,41.0533479906317],[-71.9232590745133,41.0532283331083],[-71.92331028462,41.0531357667696],[-71.9233577472469,41.0529810815472],[-71.9233467107568,41.0528686006192],[-71.9233190664835,41.0527968311095],[-71.9232083446037,41.0525916885196],[-71.9231388512634,41.0524977282354],[-71.9230372008542,41.0524013919429],[-71.9228162778168,41.052247418093],[-71.9227288834679,41.0521989815003],[-71.9226302053225,41.0521638899504],[-71.9225590959045,41.0521503137844],[-71.9224173564088,41.0521488047263],[-71.9223279215,41.0521428395249],[-71.9222605316777,41.0521029114191],[-71.9222311454186,41.0520580415363],[-71.9221723333277,41.0519284932728],[-71.9221291604569,41.0518822573201],[-71.9220504067969,41.0518301874653]]},"properties":{"FID":86179,"SOURCE_ID":"GC11249","SRC_DATE":"20140603","HOR_ACC":"1.1","INFORM":" ","ATTRIBUTE":"Natural.Apparent.Marsh Or Swamp","VER_DATE":" ","SRC_RESOLU":0,"DATA_SOURC":"Lidar","EX_METH":"Derived","EXT_METH":"Derived","DAT_SET_CR":"NOAA","SRC_CITA":" ","FIPS_ALPHA":"NY","NOAA_Regio":"North Atlantic","Shape_Leng":0.0149109225496,"Shape__Length":0.014910922549583344}},{"type":"Feature","id":86180,"geometry":{"type":"LineString","coordinates":[[-71.9279745095383,41.0572596239576],[-71.9278468111608,41.0572326478924],[-71.9277174283545,41.0572385231687],[-71.927590752507,41.0572208451958],[-71.9275249266063,41.0571809611567],[-71.9274905221269,41.0571085549271],[-71.9274902595213,41.057046591626],[-71.9275143199886,41.0570031498652],[-71.9275804372656,41.0569691698723],[-71.9276293190299,41.0569335387242],[-71.927649264197,41.0568671417639],[-71.9276420965873,41.0566789244149],[-71.9276614212196,41.0565716163874],[-71.9276605920368,41.056436212635],[-71.9276480527819,41.0563746720157],[-71.9276092542134,41.0562987791139],[-71.9276116437112,41.0562685564913],[-71.9276318937507,41.0562417198162],[-71.9277383825033,41.0561471371953],[-71.9278179644259,41.0559631511545],[-71.9279480927618,41.0558031689215],[-71.9280143827076,41.055751126941],[-71.9281429723089,41.0556961100006],[-71.9281932570157,41.0556526790309],[-71.9282280490953,41.0555886445896],[-71.928237239266,41.055512262455],[-71.9282239283908,41.0554197914465]]},"properties":{"FID":86180,"SOURCE_ID":"GC11249","SRC_DATE":"20140603","HOR_ACC":"1.1","INFORM":" ","ATTRIBUTE":"Natural.Apparent.Marsh Or Swamp","VER_DATE":" ","SRC_RESOLU":0,"DATA_SOURC":"Lidar","EX_METH":"Derived","EXT_METH":"Derived","DAT_SET_CR":"NOAA","SRC_CITA":" ","FIPS_ALPHA":"NY","NOAA_Regio":"North Atlantic","Shape_Leng":0.00258854614465,"Shape__Length":0.0025885461446493526}},{"type":"Feature","id":86181,"geometry":{"type":"LineString","coordinates":[[-71.9313295952831,41.0588349144252],[-71.9313428701774,41.0587864184739],[-71.9313461688858,41.0586816573275],[-71.9313799483255,41.058564601546],[-71.9313487895017,41.0585159059466],[-71.9311802214189,41.058459195592],[-71.9311198822829,41.058402778413],[-71.9310705823266,41.0583121042515],[-71.9310404685164,41.0582827063084],[-71.9309802633811,41.0582572725786],[-71.9308912610459,41.0582417943467],[-71.9308064765329,41.0582371511488],[-71.9306819797427,41.0582064285071],[-71.9305919593739,41.0581790081754],[-71.9305262413917,41.058136745429],[-71.9304722244897,41.0580459453626],[-71.9304610441088,41.0579479471197],[-71.9304941391632,41.0578118104186]]},"properties":{"FID":86181,"SOURCE_ID":"GC11249","SRC_DATE":"20140603","HOR_ACC":"1.1","INFORM":" ","ATTRIBUTE":"Natural.Apparent.Marsh Or Swamp","VER_DATE":" ","SRC_RESOLU":0,"DATA_SOURC":"Lidar","EX_METH":"Derived","EXT_METH":"Derived","DAT_SET_CR":"NOAA","SRC_CITA":" ","FIPS_ALPHA":"NY","NOAA_Regio":"North Atlantic","Shape_Leng":0.00162595271544,"Shape__Length":0.0016259527154374996}},{"type":"Feature","id":86182,"geometry":{"type":"LineString","coordinates":[[-71.9386730033895,41.0686519605319],[-71.938639921813,41.0685751062545],[-71.9386375952496,41.0682819991559],[-71.9386146517311,41.0681583828206],[-71.9386153783826,41.0681427247214],[-71.9386172237898,41.0681029773771],[-71.9386116407958,41.068085946013],[-71.9385668293607,41.0680558115254],[-71.9384730183475,41.0680171379749]]},"properties":{"FID":86182,"SOURCE_ID":"GC11249","SRC_DATE":"20140603","HOR_ACC":"1.1","INFORM":" ","ATTRIBUTE":"Natural.Apparent.Marsh Or Swamp","VER_DATE":" ","SRC_RESOLU":0,"DATA_SOURC":"Lidar","EX_METH":"Derived","EXT_METH":"Derived","DAT_SET_CR":"NOAA","SRC_CITA":" ","FIPS_ALPHA":"NY","NOAA_Regio":"North Atlantic","Shape_Leng":0.000731375023155,"Shape__Length":0.00073137502315509875}},{"type":"Feature","id":86183,"geometry":{"type":"LineString","coordinates":[[-71.9380955926308,41.069488002864],[-71.9381821245242,41.0694432732718],[-71.9383258928887,41.0694012704228],[-71.9384907179861,41.0693549499271]]},"properties":{"FID":86183,"SOURCE_ID":"GC11249","SRC_DATE":"20140603","HOR_ACC":"1.1","INFORM":" ","ATTRIBUTE":"Natural.Apparent.Marsh Or Swamp","VER_DATE":" ","SRC_RESOLU":0,"DATA_SOURC":"Lidar","EX_METH":"Derived","EXT_METH":"Derived","DAT_SET_CR":"NOAA","SRC_CITA":" ","FIPS_ALPHA":"NY","NOAA_Regio":"North Atlantic","Shape_Leng":0.000418397381507,"Shape__Length":0.00041839738150705862}},{"type":"Feature","id":86188,"geometry":{"type":"LineString","coordinates":[[-71.9386909044215,41.0690214560596],[-71.9387222179234,41.068976145507]]},"properties":{"FID":86188,"SOURCE_ID":"GC11249","SRC_DATE":"20140607","HOR_ACC":"0.6","INFORM":" ","ATTRIBUTE":"Natural.Mean High Water","VER_DATE":" ","SRC_RESOLU":0,"DATA_SOURC":"Aerial Photography","EX_METH":"Stereo","EXT_METH":"Stereo","DAT_SET_CR":"NOAA","SRC_CITA":" ","FIPS_ALPHA":"NY","NOAA_Regio":"North Atlantic","Shape_Leng":5.5077946605E-05,"Shape__Length":5.5077946604639923E-05}},{"type":"Feature","id":86189,"geometry":{"type":"LineString","coordinates":[[-71.9203636919732,41.0711779297181],[-71.9204501312425,41.0712406556416],[-71.9204753077723,41.0712585152809],[-71.9205114974033,41.0712716103106],[-71.920551922842,41.0712769199077],[-71.9206178917323,41.0712698134613]]},"properties":{"FID":86189,"SOURCE_ID":"GC11249","SRC_DATE":"20140428","HOR_ACC":"0.6","INFORM":" ","ATTRIBUTE":"Natural.Mean High Water","VER_DATE":" ","SRC_RESOLU":0,"DATA_SOURC":"Aerial Photography","EX_METH":"Stereo","EXT_METH":"Stereo","DAT_SET_CR":"NOAA","SRC_CITA":" ","FIPS_ALPHA":"NY","NOAA_Regio":"North Atlantic","Shape_Leng":0.000283277147034,"Shape__Length":0.00028327714703354345}},{"type":"Feature","id":86190,"geometry":{"type":"LineString","coordinates":[[-71.9255978829067,41.0717443415701],[-71.9256715652858,41.0717562593858]]},"properties":{"FID":86190,"SOURCE_ID":"GC11249","SRC_DATE":"20140428","HOR_ACC":"0.6","INFORM":" ","ATTRIBUTE":"Natural.Mean High Water","VER_DATE":" ","SRC_RESOLU":0,"DATA_SOURC":"Aerial Photography","EX_METH":"Stereo","EXT_METH":"Stereo","DAT_SET_CR":"NOAA","SRC_CITA":" ","FIPS_ALPHA":"NY","NOAA_Regio":"North Atlantic","Shape_Leng":7.4639960538E-05,"Shape__Length":7.4639960538136512E-05}},{"type":"Feature","id":86191,"geometry":{"type":"LineString","coordinates":[[-71.9385081091321,41.0702517729323],[-71.9384473428159,41.0701602812873]]},"properties":{"FID":86191,"SOURCE_ID":"GC11249","SRC_DATE":"20140607","HOR_ACC":"0.6","INFORM":" ","ATTRIBUTE":"Natural.Mean High Water","VER_DATE":" ","SRC_RESOLU":0,"DATA_SOURC":"Aerial Photography","EX_METH":"Stereo","EXT_METH":"Stereo","DAT_SET_CR":"NOAA","SRC_CITA":" ","FIPS_ALPHA":"NY","NOAA_Regio":"North Atlantic","Shape_Leng":0.000109832874579,"Shape__Length":0.00010983287457888833}},{"type":"Feature","id":86192,"geometry":{"type":"LineString","coordinates":[[-71.9360439488582,41.0705584643729],[-71.9360420342022,41.070581802684],[-71.9360447825325,41.0706050843376]]},"properties":{"FID":86192,"SOURCE_ID":"GC11249","SRC_DATE":"20140607","HOR_ACC":"0.6","INFORM":" ","ATTRIBUTE":"Natural.Mean High Water","VER_DATE":" ","SRC_RESOLU":0,"DATA_SOURC":"Aerial Photography","EX_METH":"Stereo","EXT_METH":"Stereo","DAT_SET_CR":"NOAA","SRC_CITA":" ","FIPS_ALPHA":"NY","NOAA_Regio":"North Atlantic","Shape_Leng":4.6860017039E-05,"Shape__Length":4.6860017039015376E-05}},{"type":"Feature","id":86193,"geometry":{"type":"LineString","coordinates":[[-71.9358952810571,41.0718667983466],[-71.9358956272992,41.0719185930113]]},"properties":{"FID":86193,"SOURCE_ID":"GC11249","SRC_DATE":"20140607","HOR_ACC":"0.6","INFORM":" ","ATTRIBUTE":"Natural.Mean High Water","VER_DATE":" ","SRC_RESOLU":0,"DATA_SOURC":"Aerial Photography","EX_METH":"Stereo","EXT_METH":"Stereo","DAT_SET_CR":"NOAA","SRC_CITA":" ","FIPS_ALPHA":"NY","NOAA_Regio":"North Atlantic","Shape_Leng":5.1795811873E-05,"Shape__Length":5.1795811873030523E-05}},{"type":"Feature","id":86194,"geometry":{"type":"LineString","coordinates":[[-71.9358479749111,41.0719991354118],[-71.9356205354013,41.0721525427031],[-71.9355740899006,41.0721777875787]]},"properties":{"FID":86194,"SOURCE_ID":"GC11249","SRC_DATE":"20140607","HOR_ACC":"0.6","INFORM":" ","ATTRIBUTE":"Natural.Mean High Water","VER_DATE":" ","SRC_RESOLU":0,"DATA_SOURC":"Aerial Photography","EX_METH":"Stereo","EXT_METH":"Stereo","DAT_SET_CR":"NOAA","SRC_CITA":" ","FIPS_ALPHA":"NY","NOAA_Regio":"North Atlantic","Shape_Leng":0.00032720299762,"Shape__Length":0.000327202997620275}},{"type":"Feature","id":86195,"geometry":{"type":"LineString","coordinates":[[-71.9344811767914,41.0731050238988],[-71.9343696122569,41.0730824536126]]},"properties":{"FID":86195,"SOURCE_ID":"GC11249","SRC_DATE":"20140607","HOR_ACC":"0.6","INFORM":" ","ATTRIBUTE":"Natural.Mean High Water","VER_DATE":" ","SRC_RESOLU":0,"DATA_SOURC":"Aerial Photography","EX_METH":"Stereo","EXT_METH":"Stereo","DAT_SET_CR":"NOAA","SRC_CITA":" ","FIPS_ALPHA":"NY","NOAA_Regio":"North Atlantic","Shape_Leng":0.0001138246669,"Shape__Length":0.00011382466690003151}},{"type":"Feature","id":86196,"geometry":{"type":"LineString","coordinates":[[-71.927984903895,41.0729906078393],[-71.9280049542875,41.0730089962801]]},"properties":{"FID":86196,"SOURCE_ID":"GC11249","SRC_DATE":"20140607","HOR_ACC":"0.6","INFORM":" ","ATTRIBUTE":"Natural.Mean High Water","VER_DATE":" ","SRC_RESOLU":0,"DATA_SOURC":"Aerial Photography","EX_METH":"Stereo","EXT_METH":"Stereo","DAT_SET_CR":"NOAA","SRC_CITA":" ","FIPS_ALPHA":"NY","NOAA_Regio":"North Atlantic","Shape_Leng":2.720574549E-05,"Shape__Length":2.720574548976807E-05}},{"type":"Feature","id":86197,"geometry":{"type":"LineString","coordinates":[[-71.9339262994158,41.0732789510359],[-71.933893080248,41.0732933968498]]},"properties":{"FID":86197,"SOURCE_ID":"GC11249","SRC_DATE":"20140607","HOR_ACC":"0.6","INFORM":" ","ATTRIBUTE":"Natural.Mean High Water","VER_DATE":" ","SRC_RESOLU":0,"DATA_SOURC":"Aerial Photography","EX_METH":"Stereo","EXT_METH":"Stereo","DAT_SET_CR":"NOAA","SRC_CITA":" ","FIPS_ALPHA":"NY","NOAA_Regio":"North Atlantic","Shape_Leng":3.6224216629E-05,"Shape__Length":3.622421662912671E-05}},{"type":"Feature","id":86198,"geometry":{"type":"LineString","coordinates":[[-71.933599817615,41.0748123610858],[-71.9336346061017,41.0748249758775],[-71.9336592583272,41.0748532343796]]},"properties":{"FID":86198,"SOURCE_ID":"GC11249","SRC_DATE":"20140607","HOR_ACC":"0.6","INFORM":" ","ATTRIBUTE":"Natural.Mean High Water","VER_DATE":" ","SRC_RESOLU":0,"DATA_SOURC":"Aerial Photography","EX_METH":"Stereo","EXT_METH":"Stereo","DAT_SET_CR":"NOAA","SRC_CITA":" ","FIPS_ALPHA":"NY","NOAA_Regio":"North Atlantic","Shape_Leng":7.4505337549E-05,"Shape__Length":7.4505337548761883E-05}},{"type":"Feature","id":86199,"geometry":{"type":"LineString","coordinates":[[-71.9339562973093,41.0750076327071],[-71.9339833138529,41.0750290203873]]},"properties":{"FID":86199,"SOURCE_ID":"GC11249","SRC_DATE":"20140607","HOR_ACC":"0.6","INFORM":" ","ATTRIBUTE":"Natural.Mean High Water","VER_DATE":" ","SRC_RESOLU":0,"DATA_SOURC":"Aerial Photography","EX_METH":"Stereo","EXT_METH":"Stereo","DAT_SET_CR":"NOAA","SRC_CITA":" ","FIPS_ALPHA":"NY","NOAA_Regio":"North Atlantic","Shape_Leng":3.4457594368E-05,"Shape__Length":3.4457594367748885E-05}},{"type":"Feature","id":86200,"geometry":{"type":"LineString","coordinates":[[-71.9423833649165,41.0753801334974],[-71.9424509552853,41.0753781747714]]},"properties":{"FID":86200,"SOURCE_ID":"GC11249","SRC_DATE":"20140607","HOR_ACC":"0.6","INFORM":" ","ATTRIBUTE":"Natural.Mean High Water","VER_DATE":" ","SRC_RESOLU":0,"DATA_SOURC":"Aerial Photography","EX_METH":"Stereo","EXT_METH":"Stereo","DAT_SET_CR":"NOAA","SRC_CITA":" ","FIPS_ALPHA":"NY","NOAA_Regio":"North Atlantic","Shape_Leng":6.7618722341E-05,"Shape__Length":6.7618722340559982E-05}},{"type":"Feature","id":86201,"geometry":{"type":"LineString","coordinates":[[-71.9349118821718,41.0753692528397],[-71.9349483263103,41.0753702915557]]},"properties":{"FID":86201,"SOURCE_ID":"GC11249","SRC_DATE":"20140607","HOR_ACC":"0.6","INFORM":" ","ATTRIBUTE":"Natural.Mean High Water","VER_DATE":" ","SRC_RESOLU":0,"DATA_SOURC":"Aerial Photography","EX_METH":"Stereo","EXT_METH":"Stereo","DAT_SET_CR":"NOAA","SRC_CITA":" ","FIPS_ALPHA":"NY","NOAA_Regio":"North Atlantic","Shape_Leng":3.6458926193E-05,"Shape__Length":3.6458926193112577E-05}},{"type":"Feature","id":86202,"geometry":{"type":"LineString","coordinates":[[-71.9357848372836,41.0754774826436],[-71.9358139843201,41.0754693275887]]},"properties":{"FID":86202,"SOURCE_ID":"GC11249","SRC_DATE":"20140607","HOR_ACC":"0.6","INFORM":" ","ATTRIBUTE":"Natural.Mean High Water","VER_DATE":" ","SRC_RESOLU":0,"DATA_SOURC":"Aerial Photography","EX_METH":"Stereo","EXT_METH":"Stereo","DAT_SET_CR":"NOAA","SRC_CITA":" ","FIPS_ALPHA":"NY","NOAA_Regio":"North Atlantic","Shape_Leng":3.0266385524E-05,"Shape__Length":3.0266385524216807E-05}},{"type":"Feature","id":86203,"geometry":{"type":"LineString","coordinates":[[-71.9355075222523,41.0755578739653],[-71.9355225814064,41.0755871010377],[-71.9355119181433,41.075618912763],[-71.9354752410836,41.0756755268967],[-71.9354441883845,41.0757082406429],[-71.9354252891263,41.07572131499],[-71.9354037170817,41.0757257513472],[-71.9353868871634,41.0757255301145],[-71.9353693171028,41.0757239625964],[-71.9353544863777,41.0757159990986],[-71.935340988448,41.0757028734912],[-71.9353337893715,41.0756822295499],[-71.9353304546829,41.0756582293378]]},"properties":{"FID":86203,"SOURCE_ID":"GC11249","SRC_DATE":"20140607","HOR_ACC":"0.6","INFORM":" ","ATTRIBUTE":"Natural.Mean High Water","VER_DATE":" ","SRC_RESOLU":0,"DATA_SOURC":"Aerial Photography","EX_METH":"Stereo","EXT_METH":"Stereo","DAT_SET_CR":"NOAA","SRC_CITA":" ","FIPS_ALPHA":"NY","NOAA_Regio":"North Atlantic","Shape_Leng":0.000340221786458,"Shape__Length":0.00034022178645761863}},{"type":"Feature","id":86348,"geometry":{"type":"LineString","coordinates":[[-71.9553524652144,41.0727552911999],[-71.9553822354817,41.0727545915262],[-71.9554025421794,41.0727429794771],[-71.9554249155199,41.0727323135148]]},"properties":{"FID":86348,"SOURCE_ID":"GC11249","SRC_DATE":"20140607","HOR_ACC":"0.6","INFORM":" ","ATTRIBUTE":"Natural.Mean High Water","VER_DATE":" ","SRC_RESOLU":0,"DATA_SOURC":"Aerial Photography","EX_METH":"Stereo","EXT_METH":"Stereo","DAT_SET_CR":"NOAA","SRC_CITA":" ","FIPS_ALPHA":"NY","NOAA_Regio":"North Atlantic","Shape_Leng":7.7956470165E-05,"Shape__Length":7.7956470165098772E-05}},{"type":"Feature","id":86349,"geometry":{"type":"LineString","coordinates":[[-71.9522757135323,41.0728552833401],[-71.9523237148615,41.0728450832259]]},"properties":{"FID":86349,"SOURCE_ID":"GC11249","SRC_DATE":"20140607","HOR_ACC":"0.6","INFORM":" ","ATTRIBUTE":"Natural.Mean High Water","VER_DATE":" ","SRC_RESOLU":0,"DATA_SOURC":"Aerial Photography","EX_METH":"Stereo","EXT_METH":"Stereo","DAT_SET_CR":"NOAA","SRC_CITA":" ","FIPS_ALPHA":"NY","NOAA_Regio":"North Atlantic","Shape_Leng":4.9073092659E-05,"Shape__Length":4.9073092659006033E-05}},{"type":"Feature","id":86700,"geometry":{"type":"LineString","coordinates":[[-71.9121703596631,41.0481833750192],[-71.9120586737256,41.0482585412734],[-71.911839290344,41.0483872684648],[-71.9116342367649,41.0485232325016],[-71.9115842146601,41.0485650356981],[-71.9115436597224,41.0486199743946],[-71.911509604188,41.0486888741691],[-71.9114670437681,41.0488602750935],[-71.911412692327,41.0489262628634],[-71.911304037105,41.0489877216482],[-71.9110573188179,41.0490632917026],[-71.910884979884,41.0491379390498],[-71.9107013661473,41.0492363941547],[-71.910366886598,41.0494421321103],[-71.9100901588283,41.0495987400911],[-71.9096745154379,41.0498034339362],[-71.9095199345229,41.0498779221029],[-71.9095066308489,41.0499027559872],[-71.9095083863273,41.0499228864158],[-71.9095074789121,41.0499422668097],[-71.9094983786705,41.0499603081131],[-71.9094538793048,41.0500127314055],[-71.9093560348378,41.0500956111461],[-71.9086045719167,41.0506640610559],[-71.9084834691767,41.0507698123599],[-71.9084492229849,41.0508183649692],[-71.9084046175021,41.0509223374114],[-71.9083478342939,41.050996518906],[-71.908236153755,41.0511181360524],[-71.9079698491358,41.0513542926807],[-71.9078891313641,41.0514513781145],[-71.9077956432209,41.0516467028103],[-71.9077555343518,41.0517856552895],[-71.9077353706518,41.0518936764796],[-71.9077318021452,41.051972565025],[-71.9077409068879,41.0520311288878],[-71.907761897973,41.0520742639783],[-71.9077962341015,41.0521034325941]]},"properties":{"FID":86700,"SOURCE_ID":"GC11249","SRC_DATE":"20140603","HOR_ACC":"1.1","INFORM":" ","ATTRIBUTE":"Natural.Mean High Water","VER_DATE":" ","SRC_RESOLU":0,"DATA_SOURC":"Lidar","EX_METH":"Derived","EXT_METH":"Derived","DAT_SET_CR":"NOAA","SRC_CITA":" ","FIPS_ALPHA":"NY","NOAA_Regio":"North Atlantic","Shape_Leng":0.00623563153967,"Shape__Length":0.0062356315396669042}},{"type":"Feature","id":86873,"geometry":{"type":"LineString","coordinates":[[-71.9487696230898,41.0326571431388],[-71.9484432554293,41.0328848767171],[-71.9483044000685,41.033028589312],[-71.9482669657861,41.0332027988196],[-71.948315238715,41.0332708226516],[-71.9483281871646,41.0333879656659],[-71.9483558080582,41.0335054989856],[-71.9483316900388,41.0336300038528],[-71.9483422543833,41.0337192759722],[-71.9484236880336,41.0339439122715],[-71.9484728782792,41.0341510081913],[-71.9484381410611,41.0342668885588],[-71.9484007625321,41.0343604522454],[-71.9483879058267,41.0344796924799],[-71.948380514301,41.0345601458462],[-71.9484238355627,41.0346558463197],[-71.9484817555195,41.0346740674854],[-71.9485593022855,41.0346649987176],[-71.9487551827784,41.0345589506348],[-71.9488507393695,41.0344780530005],[-71.9489188198667,41.0344353612731],[-71.9490220431847,41.0344269732914],[-71.9492131195081,41.0345043410767],[-71.9492871993907,41.0345702658898],[-71.9493661032369,41.0346112902691],[-71.9494338734728,41.0346548003753],[-71.9494593692657,41.0347389049887],[-71.9493722519187,41.0348756460361],[-71.9492722571728,41.0349731118838],[-71.9490979262378,41.0350102080319],[-71.9487798925871,41.0350573999757],[-71.9485050506959,41.0352030712989],[-71.9482686323539,41.0353914748155],[-71.9480925027764,41.0354674540592],[-71.9479729360755,41.0355115622208],[-71.9478448761759,41.0355804727902],[-71.9476027156543,41.0356547028543],[-71.9474281967656,41.0357752201316],[-71.947231026646,41.0359090419827],[-71.947092932111,41.0360360856402],[-71.946946529633,41.0361045105762],[-71.9468696960332,41.0361775598249],[-71.9468414483217,41.0362324292732],[-71.9468487292399,41.0363132711462],[-71.9467974444886,41.0363897791873],[-71.9466998842053,41.0364344683104]]},"properties":{"FID":86873,"SOURCE_ID":"GC11249","SRC_DATE":"20140603","HOR_ACC":"1.1","INFORM":" ","ATTRIBUTE":"Natural.Great Lake Or Lake Or Pond","VER_DATE":" ","SRC_RESOLU":0,"DATA_SOURC":"Lidar","EX_METH":"Derived","EXT_METH":"Derived","DAT_SET_CR":"NOAA","SRC_CITA":" ","FIPS_ALPHA":"NY","NOAA_Regio":"North Atlantic","Shape_Leng":0.00690813122255,"Shape__Length":0.0069081312225476362}},{"type":"Feature","id":86874,"geometry":{"type":"LineString","coordinates":[[-71.9463821698182,41.0365539684589],[-71.9462615724951,41.036620294376],[-71.9462071329205,41.0366855941643],[-71.9461596442086,41.0367594204264],[-71.9461020498105,41.0368135128613],[-71.9460887317488,41.0368632175016],[-71.9460382159172,41.0369230593033],[-71.9459330626558,41.0369731092863],[-71.945867616275,41.0370381167953],[-71.945823795899,41.0371120410834]]},"properties":{"FID":86874,"SOURCE_ID":"GC11249","SRC_DATE":"20140603","HOR_ACC":"1.1","INFORM":" ","ATTRIBUTE":"Natural.Great Lake Or Lake Or Pond","VER_DATE":" ","SRC_RESOLU":0,"DATA_SOURC":"Lidar","EX_METH":"Derived","EXT_METH":"Derived","DAT_SET_CR":"NOAA","SRC_CITA":" ","FIPS_ALPHA":"NY","NOAA_Regio":"North Atlantic","Shape_Leng":0.000813852285106,"Shape__Length":0.0008138522851061892}},{"type":"Feature","id":86875,"geometry":{"type":"LineString","coordinates":[[-71.9458442411263,41.0377021502447],[-71.945795723591,41.0377981969603],[-71.9457897422009,41.037848095854],[-71.94580679875,41.0378763579536],[-71.9458539736031,41.0378887335252],[-71.9459259265865,41.0379212332293],[-71.9459559864393,41.0379859925222],[-71.9459592689663,41.0379944227687],[-71.9459938973755,41.0380398367411],[-71.9460468674637,41.0380857372463],[-71.9461297094511,41.0382798217711],[-71.9462306512091,41.0386384642755],[-71.9462817066514,41.038884544015],[-71.9462714148102,41.0389482331158],[-71.9462053371148,41.0391856451914],[-71.946191260035,41.0394105315054],[-71.9462391624525,41.0396454038914],[-71.9462079568735,41.0397641584925],[-71.9462230870764,41.0398340834928],[-71.946285135826,41.039921939178],[-71.9463525238503,41.0399737842026],[-71.9464222258282,41.0399756323075],[-71.9465076290735,41.039955649365],[-71.9466557240831,41.0400096347739],[-71.9468385779035,41.0401062561489],[-71.9469990350007,41.0402106251856],[-71.9471883981217,41.0404047528744],[-71.9473091456403,41.0404941643851],[-71.9474266816828,41.0406530152628],[-71.9475214369921,41.0408279478211],[-71.9475423633294,41.0409313986543],[-71.9475272475246,41.0410199890882],[-71.9475495866955,41.0410928863482],[-71.947595937775,41.0412025739802],[-71.9476177643329,41.0412865814669],[-71.9476433878295,41.0413679089733],[-71.9476798886299,41.0414523058661],[-71.9477228276802,41.0415563403587],[-71.94778970489,41.0416192947108],[-71.9478470618762,41.0417292737228],[-71.9478839475861,41.0418053374958],[-71.9478790669698,41.04191088465],[-71.9478820931902,41.0419248700098],[-71.9479229062406,41.0419954766955],[-71.94797395358,41.0420830401013],[-71.9479865728735,41.0421278704143],[-71.9479997065789,41.0421615896013],[-71.9480109130388,41.0422369734876],[-71.947998493399,41.0422672356808],[-71.9479643200509,41.0422913582019],[-71.9479154724602,41.0423150922162],[-71.9479499758637,41.0423632832957],[-71.9479542305614,41.0424301398089],[-71.9479684623425,41.0425195081557],[-71.9480163557578,41.0425958642081],[-71.9481011924352,41.0426676364139],[-71.9482289528654,41.0426849276782],[-71.948353815678,41.0426854555763],[-71.9484954796325,41.0427198015867],[-71.9486379880541,41.0428153509709],[-71.9488301885336,41.0429483679159],[-71.9488716445986,41.0430050863685],[-71.9488879331273,41.0430500147076],[-71.9488676633034,41.0430911910755],[-71.9488261523843,41.0431151202425],[-71.9487444147769,41.0431352012111],[-71.9486472870626,41.0430909140914],[-71.948560137331,41.0430691370066],[-71.9484928176596,41.0430951624946],[-71.948498613794,41.0431286874282],[-71.9484973295632,41.0431564638944],[-71.9484486096761,41.0431774208017],[-71.9484219016026,41.0431989604692],[-71.948463742577,41.043247345802],[-71.9487768821261,41.0433863504305],[-71.9493318458596,41.0436179717502],[-71.949570256216,41.0437049362014],[-71.9496677706385,41.043740892],[-71.9497572316257,41.0437126703664],[-71.9498613677548,41.0436848381389],[-71.9500153254441,41.0436916972646],[-71.9501480402395,41.0436813082899],[-71.9502763159807,41.0436874866295],[-71.9503940993276,41.0436822642615],[-71.9505326129553,41.0437053984218],[-71.9506212492694,41.043774489748],[-71.9506753300239,41.0438760376143],[-71.9507351304659,41.043933240801],[-71.9508122491595,41.0440131500746],[-71.9508192027203,41.0440216774477]]},"properties":{"FID":86875,"SOURCE_ID":"GC11249","SRC_DATE":"20140603","HOR_ACC":"1.1","INFORM":" ","ATTRIBUTE":"Natural.Great Lake Or Lake Or Pond","VER_DATE":" ","SRC_RESOLU":0,"DATA_SOURC":"Lidar","EX_METH":"Derived","EXT_METH":"Derived","DAT_SET_CR":"NOAA","SRC_CITA":" ","FIPS_ALPHA":"NY","NOAA_Regio":"North Atlantic","Shape_Leng":0.010324066004,"Shape__Length":0.01032406600401106}},{"type":"Feature","id":86876,"geometry":{"type":"LineString","coordinates":[[-71.9556386927021,41.0438968666557],[-71.9556577826175,41.0438991878057],[-71.9557068586346,41.0438496180625],[-71.9557578043421,41.0437855647349],[-71.9558386794955,41.0436968681788],[-71.9558587730534,41.0436774167378],[-71.9558634567228,41.0436539237432],[-71.955852047916,41.0435891293761],[-71.9558489434517,41.0435263719736],[-71.9558509102673,41.043483732409],[-71.9558538240695,41.0434465670188],[-71.9558689992337,41.0434297101225],[-71.9559484102922,41.0433727668355],[-71.955994545526,41.0433349278515],[-71.9560342308205,41.0433069103657],[-71.9560542551291,41.0432629308104],[-71.956114200356,41.0432118322191],[-71.9561608652915,41.043188539772],[-71.9561979704318,41.0431904292468],[-71.9562332490493,41.0432058948899],[-71.956251487309,41.0432527028124],[-71.9563016596061,41.0433094383518],[-71.9563853019827,41.0433688745547],[-71.9564421085784,41.0433858177836],[-71.9565318132839,41.0433918225551],[-71.9566199594628,41.0433796187497],[-71.9567066280539,41.0433473924344],[-71.956779501939,41.0433020845785],[-71.9568480015197,41.0432475784551],[-71.9569809735177,41.0431738834912],[-71.9570836941112,41.043105747239],[-71.957147427285,41.043076548043],[-71.9572540365479,41.0430021561054],[-71.9572868645092,41.0429666895338],[-71.9573017878634,41.042955276235],[-71.9573372076729,41.0429416784819],[-71.9574193059062,41.0428784471338],[-71.9574747068569,41.0428217772414],[-71.9575029087038,41.0427825551004],[-71.9575318794689,41.0427006619187],[-71.9575504675587,41.0426357524373],[-71.9575598321995,41.0425887655489],[-71.9575600974978,41.0425569808035],[-71.9575525458871,41.0425386148453],[-71.9575290402986,41.0425280019446],[-71.957503917729,41.0425264299301],[-71.9574850391541,41.0425195725988],[-71.9574736411421,41.0425065540107],[-71.9574708838188,41.0424883148568],[-71.9574717201876,41.0424701701316],[-71.9574632620595,41.0424454207843],[-71.9574390190261,41.0424247975279],[-71.9574386565982,41.0424066204272],[-71.957448131857,41.0423832542369],[-71.9574669160003,41.0423401497222],[-71.9575118929068,41.0423013718458],[-71.9575660959602,41.0422446704772],[-71.9576076320607,41.0422285087562],[-71.9576769365369,41.0422085402034],[-71.9577929626042,41.0421380297401],[-71.9578662537744,41.0420836486223],[-71.9579697100141,41.0420255227257],[-71.9580081110764,41.0419992876966],[-71.9580399767639,41.0419846871993],[-71.9581070113504,41.0419619325463],[-71.958175438089,41.0419610161346],[-71.9582177952713,41.0419530517357],[-71.9582777926617,41.0419528197086],[-71.9583274937115,41.0419677574492],[-71.9583620627646,41.0419986464684],[-71.958391989517,41.0420521210661],[-71.9584723439738,41.0421568858071],[-71.9585224479209,41.0421890932322],[-71.9585654193411,41.0421938614372],[-71.9586333586462,41.042177489274],[-71.9587467362095,41.0421123576571],[-71.9587944866257,41.0420654768873],[-71.9588284693169,41.0420309501075],[-71.9588554309984,41.041992603007],[-71.9589078902665,41.0419476629746],[-71.9589812641741,41.0418914670245],[-71.9590041708118,41.0418630052741],[-71.9589934832635,41.0418345642092],[-71.9589846914873,41.0418170732915],[-71.9589432255309,41.0417796444013],[-71.9589032092818,41.0417368042892],[-71.9589021912472,41.0417068020006],[-71.9589442561457,41.0416270707889],[-71.9589734184677,41.0415669816744],[-71.9589865854431,41.0415155530334],[-71.9590505677289,41.0414809093407],[-71.9591497449952,41.041463545224],[-71.959243251136,41.0414651073437],[-71.9593114971125,41.0414941590465],[-71.9593943166088,41.0415453970281],[-71.959476077601,41.0415675392379],[-71.959579086881,41.0415711679997],[-71.9597155788297,41.0415511544786],[-71.9598305562885,41.0415033240225],[-71.9598808958549,41.0414783111719],[-71.9599473287924,41.0414164809683],[-71.9599695249663,41.0414034416946],[-71.9600697877134,41.0413624883561],[-71.9601362215502,41.0413006581525],[-71.9602043254266,41.0412025384985],[-71.9602467797342,41.0411664172201],[-71.9602803028723,41.0411418684203],[-71.9603636511664,41.0411295351126],[-71.9604225459861,41.0411011147299],[-71.960497186141,41.0410694765716],[-71.9605800452029,41.0410416884116],[-71.9606593807214,41.0410383321385],[-71.9607234745244,41.0410273073453],[-71.960874494123,41.0409522687935],[-71.96095856547,41.0408981691632],[-71.9609840765448,41.0408652341839],[-71.9610004055396,41.0408493152808],[-71.9610356140086,41.0408402528096],[-71.9610668654583,41.040812918809],[-71.9610931148773,41.0407899950846],[-71.9610937551926,41.0407500444935],[-71.9610622914987,41.0407037968492],[-71.9609746921028,41.0406260927141],[-71.9608902682144,41.0405575553703],[-71.960797457246,41.0404887967935],[-71.9607593772385,41.0404559994126],[-71.9607015957756,41.0404081482777],[-71.9606339775253,41.0403654880309],[-71.9605732975471,41.0403284611383],[-71.9605272333568,41.040312712209],[-71.9604439839865,41.0402968895365],[-71.9604038004636,41.0402576781897],[-71.9602999539111,41.0401940781254],[-71.9601748770557,41.040122649462],[-71.9599891606917,41.0400132873891],[-71.9599494655017,41.0399895308946],[-71.9599019677904,41.0399528520393],[-71.9598096325659,41.0399258885634],[-71.9597256160716,41.0398746191056],[-71.9596708869094,41.0398386570103],[-71.9595973484215,41.039820365698],[-71.95949880068,41.0398241212708],[-71.959395125003,41.039835008469],[-71.9593089357486,41.0398309165557],[-71.9592112099882,41.0398428694505],[-71.9591541398928,41.0398577118663],[-71.9591145984882,41.0398566677545],[-71.9590557180563,41.03985874609],[-71.9590136963208,41.0398594529587],[-71.9589470259566,41.0398222668863],[-71.9588885079481,41.0397644044963],[-71.9587907408145,41.0396991469811],[-71.9587761672948,41.0396769607024],[-71.9587371825686,41.0396377808317],[-71.9586889051443,41.0395919972382],[-71.9586142236162,41.0395464249864],[-71.9585463148852,41.0395101139545],[-71.9585064533207,41.0394899853258],[-71.9584683607241,41.0394835290928],[-71.9584384879339,41.0394809237573],[-71.9583968016452,41.0394743730956],[-71.9583618575752,41.0394516490228],[-71.9583253810603,41.0394361528028],[-71.9582919982149,41.0394316364077],[-71.9582520808941,41.0394387572423],[-71.9582219158244,41.039442502021],[-71.9581874178192,41.0394361411161],[-71.958174084465,41.0394130797967],[-71.9581546348196,41.0393925824453],[-71.9581260867311,41.0393872863376],[-71.9580957957565,41.0393937524654],[-71.9580693511832,41.0393948721224],[-71.9580157650612,41.0393861891681],[-71.9579735904397,41.0393641827546],[-71.9579673212625,41.0393440334405],[-71.9579139024143,41.0393317226203],[-71.9578720488519,41.0393287998244],[-71.9578272967742,41.0393367003716],[-71.9577943590943,41.0393485471443],[-71.9577730685384,41.0393679689077],[-71.957753060416,41.0393856064158],[-71.9577058289067,41.0393952588427],[-71.9576424752465,41.0394162930922],[-71.9575886247256,41.0394393957825],[-71.9575227907345,41.0394621819118],[-71.9574829426629,41.0394938290621],[-71.9574491272454,41.0395247270768],[-71.9574219299403,41.0395421757275],[-71.9573903988002,41.0395495168958],[-71.9573279246762,41.0395514999033],[-71.9572522682854,41.0395531348736],[-71.9571901547907,41.0395732931832],[-71.9571539147988,41.0395786936143],[-71.9571227191055,41.0395787772523],[-71.9570838467959,41.0395632171805],[-71.957051578211,41.0395605470938],[-71.9570251759059,41.0395607584354],[-71.9569955819067,41.0395781432342],[-71.9569695402308,41.0395965298779],[-71.9569227116189,41.0396234510902],[-71.9569092235843,41.039655794315],[-71.9568878493915,41.0396770300113],[-71.9568595782953,41.0396917249373],[-71.956821554948,41.03970979502],[-71.9567639155808,41.0397109965164],[-71.956700869487,41.0396993386044],[-71.956638644475,41.0396958771152],[-71.95659298588,41.0396973960719],[-71.956503758717,41.0397331873006],[-71.9564404734067,41.0397787487651],[-71.9563975163786,41.0398257554397],[-71.9563912597949,41.0398573819045],[-71.9563917319415,41.0398991779048],[-71.9563869925156,41.0399499194633],[-71.9563673459219,41.0399857340722],[-71.9563472802444,41.0400306210436],[-71.956345355697,41.0400723531921],[-71.9563246793789,41.0401045075595],[-71.9562867378698,41.0401207637092],[-71.9562022339463,41.0401321545272],[-71.9561425998832,41.0401505618563],[-71.9561138269657,41.0401761430779],[-71.9560796913885,41.0401879574751],[-71.9559718347626,41.040211447775],[-71.9558820347305,41.0402335998829],[-71.9557970280865,41.0402558760971],[-71.955690426913,41.0402521502085],[-71.9555811520531,41.0402283685353],[-71.9554512845076,41.0401568094702],[-71.9553540227926,41.0400806620621],[-71.9553108598155,41.0400540870919],[-71.955276780894,41.040038652925],[-71.9552411263602,41.040031351329],[-71.955211394762,41.039999681698],[-71.9551896905139,41.0399500579977],[-71.9551657820279,41.039922174513],[-71.9551326509925,41.0399122154198],[-71.955079525323,41.0398935517874],[-71.9550500878028,41.0398555311428],[-71.9550478314014,41.0398264047941],[-71.9550149242955,41.0397855674723],[-71.9549812797446,41.0397347188956],[-71.9549412239253,41.0396927835017],[-71.9549138899205,41.0396611777224],[-71.9548951111688,41.0396261644109],[-71.9548674821865,41.0396009078465],[-71.9548355499477,41.0395909802296],[-71.9547707618672,41.0395910836537],[-71.954691510885,41.0395926214973],[-71.9546273927988,41.0395782080621],[-71.9545761197341,41.0395714019931],[-71.9545191503612,41.0395580875295],[-71.9544640308951,41.03955662973],[-71.9544182050263,41.0395617747539],[-71.954353627387,41.039557342896],[-71.9542941345158,41.0395466850304],[-71.9542428362685,41.0395144443303],[-71.9541983494892,41.0394905592328],[-71.9541694821401,41.0394661786084],[-71.9541644953965,41.0394442468375],[-71.9541745992809,41.0394072721033],[-71.9541836302735,41.0393675436445],[-71.9541717475259,41.0393390711034],[-71.95413689069,41.0393145321983],[-71.9541170381473,41.0392767642629],[-71.9540773195735,41.039227572238],[-71.9540338544215,41.0391555716029],[-71.9540120980099,41.0390550786405],[-71.9540126223083,41.0389397333709],[-71.9540688497323,41.0388131438738],[-71.954141057216,41.0387042368496],[-71.9541770346031,41.0386525042369],[-71.9542229746828,41.0385928602863],[-71.9543137351899,41.0385498439029],[-71.9544391600767,41.0385095614578],[-71.9545039355637,41.0384576822547],[-71.9545459456051,41.0384052014057],[-71.9545766961329,41.0383887554992],[-71.9545873288196,41.0383663282013],[-71.9545730071098,41.0383387001238],[-71.9545361978461,41.0383304587361],[-71.9545134737692,41.0383289496742],[-71.9544914187873,41.0383129255515],[-71.954462997503,41.0383049062961],[-71.9544375583709,41.0382842497648],[-71.9543943549244,41.0382585822107],[-71.9543753513438,41.0382544462284],[-71.9543463437021,41.0382591281008],[-71.9543164133568,41.0382837713294],[-71.9542872384413,41.0382920819669],[-71.9542655872561,41.0382933257303],[-71.9542214629046,41.0382876177336],[-71.9541858515382,41.0382794087215],[-71.9541511448905,41.0382775830985],[-71.9541210652564,41.0382795112463],[-71.9540818431124,41.0382975498527],[-71.9540607629976,41.0383124336362],[-71.9540391531812,41.0383127708827],[-71.9540009355789,41.0383090342001],[-71.9539718029316,41.0383164383209],[-71.9539608096156,41.0383206894175],[-71.9539225344582,41.0383442021982],[-71.9537302044873,41.0384045143499],[-71.9536966543681,41.0384036267199],[-71.9536688868918,41.0384074344512],[-71.9536252904434,41.038416272092],[-71.9535980095014,41.0384355337763],[-71.9535175624204,41.0384370392443],[-71.9534833414076,41.038450666675],[-71.9534623026616,41.0384646439417],[-71.9534046210264,41.0384667510556],[-71.953374666398,41.0384659587536],[-71.9533271156281,41.038456524865],[-71.9532825047424,41.0384353611166],[-71.9532487450814,41.038439009668],[-71.9532100265572,41.0384461610796],[-71.9531730077516,41.0384424558732],[-71.9531352757843,41.038454174043],[-71.9531050288765,41.0384597327546],[-71.9530646663901,41.0384504895221],[-71.9530235664589,41.0384312350346],[-71.9529877455507,41.0384275613045],[-71.9529539031521,41.0384330246881],[-71.9529110441486,41.038451873584],[-71.9528760029533,41.0384573054914],[-71.952838942779,41.0384545077011],[-71.9528022594203,41.0384435449644],[-71.9527788392672,41.0384311172314],[-71.9527421136404,41.0384210610114],[-71.9527071983501,41.0384237706704],[-71.9526795567788,41.0384248561533],[-71.9526334386306,41.0384363521907],[-71.9525971986387,41.0384417517225],[-71.952569639805,41.0384410223731],[-71.9525243175562,41.0384352811015],[-71.9524996581371,41.038423728409],[-71.952472644292,41.038411205348],[-71.9524345957621,41.0384038399002],[-71.9523831140548,41.0384015682139],[-71.9523151927348,41.038391595632],[-71.952268295773,41.0383939878306],[-71.952247257027,41.038407964198],[-71.9521910664678,41.0384037526738],[-71.9521327319238,41.0383940328011],[-71.9520091074781,41.0383953017488],[-71.9519289113078,41.03839136272],[-71.9518403280574,41.0383872006597],[-71.9518000501073,41.0383761425949],[-71.9516826849433,41.0383457859771],[-71.9515587430357,41.0383279713072],[-71.9514585962981,41.0383144194239],[-71.9513733144603,41.0383167037051],[-71.9512860640083,41.0383616275509],[-71.9511925956435,41.0384372695461],[-71.9511634441118,41.0384710148147],[-71.9511009538014,41.0384993353729],[-71.951035118911,41.0385221170055],[-71.9509434096185,41.0385596556174],[-71.9508584533394,41.0386327983958],[-71.9508013832441,41.0386476372143],[-71.9507107891113,41.0386870212353],[-71.950607097248,41.0387242423868],[-71.9505222416914,41.0387692291851],[-71.9504495953331,41.0387836552152],[-71.9503694225466,41.0388051490189],[-71.9502778562447,41.0388136242345],[-71.9501374819218,41.0388398808506],[-71.9500430575741,41.0388582719931],[-71.9499143699454,41.0388911970832],[-71.9498474630627,41.0389112249913],[-71.9497766000599,41.0389129804705],[-71.9497130530441,41.0389122061561],[-71.9496237746169,41.0388971236261],[-71.9495741625999,41.0388803683553],[-71.949517276864,41.0388652363615],[-71.9494606861054,41.0388437524547],[-71.9494313771881,41.0388030095617],[-71.949396873784,41.0387448692804],[-71.9493561290832,41.0386920143161],[-71.9493320083545,41.0386168921331],[-71.9493499911996,41.0385392500477],[-71.9493572172516,41.038486758408],[-71.9493455044757,41.0384546562024],[-71.9493476241773,41.0384347290205],[-71.9493544958982,41.0384158351597],[-71.9493543870789,41.0383922153608],[-71.9493390976965,41.0383336766792],[-71.9493265638389,41.0382933780508],[-71.9493416319823,41.0382529022551],[-71.9493410788968,41.0382129201877],[-71.949350198023,41.038171377796],[-71.94936745152,41.0381355011341],[-71.9494421941961,41.0380757141903],[-71.9495913261164,41.037989738981],[-71.9497260958575,41.037877042211],[-71.9497659412283,41.0377936210804],[-71.9497582106469,41.0376753323294],[-71.9497739640716,41.0375939985264],[-71.9497962303867,41.0374755964598],[-71.9498305692076,41.0374074719011],[-71.9498655186692,41.0373520808456],[-71.9499057894218,41.0373113640307],[-71.9499322681664,41.0372575638765],[-71.9499667733618,41.0371858105526],[-71.9499908976804,41.0371310409291],[-71.9500481440382,41.0370344564186],[-71.9501156957329,41.0369744788187],[-71.9501367110951,41.0369350687196],[-71.9501732109864,41.0368461095628],[-71.9502027807025,41.0368032919316],[-71.9502554755941,41.0367792539462],[-71.9503425156049,41.036738867181],[-71.9504109711189,41.036685272071],[-71.9505280664807,41.0366175225269],[-71.950597066084,41.0365521319065],[-71.9506409718975,41.0365106030035],[-71.9506861844276,41.0364927244762],[-71.9507190123889,41.0364572606027],[-71.9508054570461,41.0363777991863],[-71.9509302353151,41.0362475773245],[-71.9509671776739,41.0361749795368],[-71.950976143914,41.0361107247624],[-71.951030723783,41.0360458611454],[-71.9510974939661,41.0359767779081],[-71.9511530370081,41.0358910482167],[-71.9513298284803,41.0356995276512],[-71.9514938828511,41.035524018619],[-71.9516023698968,41.0354088064456],[-71.9516935539798,41.0352786025712],[-71.9517539047976,41.035166657637],[-71.9517756144372,41.0351381653097],[-71.9517891033712,41.0351058220848],[-71.9517854997836,41.0350539509778],[-71.9517773555173,41.0349965094691],[-71.9517763833481,41.0349655997643],[-71.9517945820332,41.0349351990753],[-71.9518031103053,41.0349063578114],[-71.9517953689363,41.0348661859873],[-71.9517810921926,41.0348376495943],[-71.9517759804434,41.0348184382731],[-71.951772026122,41.0348001667437],[-71.9517764993502,41.0347812099304],[-71.9517834538087,41.0347605021367],[-71.9517823143658,41.0347332211971],[-71.951770266143,41.0347083774211],[-71.9517374049025,41.0346666326833],[-71.9517091266088,41.0346295500317],[-71.9516782429786,41.0345969406089],[-71.9516567779514,41.0345682135598],[-71.9516175746917,41.0345599092197],[-71.9515751122873,41.0345442511219],[-71.9515114177814,41.034520765324],[-71.9514076170958,41.0344825908977],[-71.9513336586219,41.0344215907731],[-71.9513037642466,41.0343935490078],[-71.9512516080454,41.0343540184019],[-71.9512203898677,41.0343286665095],[-71.9511875133401,41.0343132620202],[-71.9511774840965,41.0342966461432],[-71.9511779607353,41.0342603252165],[-71.9511710575337,41.0342020086673],[-71.9511570739687,41.0341671212607],[-71.9511298280973,41.0341336997498],[-71.9510748983865,41.0341022702386],[-71.9510256667824,41.0340773491221],[-71.9510120177649,41.0340352041853],[-71.9509976070194,41.0339576133623],[-71.9510195846553,41.0338973362897],[-71.951071044773,41.033796056418],[-71.9511069807914,41.03374523302],[-71.9511306581459,41.0336741002288],[-71.9511511770783,41.0335674594983],[-71.9511712445544,41.0335225743255],[-71.9512610265971,41.033448650036],[-71.9513130721772,41.0334086337927],[-71.9515748945769,41.0332264589809],[-71.9517342643768,41.0330360086094],[-71.9517754848061,41.0328591173228],[-71.9517549109938,41.0325888179357],[-71.951712405412,41.0323958045023],[-71.9516390180022,41.0322353456352],[-71.9516367598021,41.0322046949353],[-71.9514959367086,41.0320730422604],[-71.9513770705744,41.0320226181665],[-71.9512743661647,41.0320198995188],[-71.9511617584205,41.0320725368521],[-71.9510463807625,41.0321056346116],[-71.9508341469852,41.0320888910373],[-71.9506845258275,41.0320682435032],[-71.9504928883322,41.0320826344636],[-71.9502956588529,41.0321385929967],[-71.9500645177279,41.0322131198367],[-71.9499632990014,41.032257714531],[-71.9498232709168,41.0322679110509],[-71.9496288626083,41.0322627606389],[-71.9494686986987,41.0323113564196],[-71.9493923849066,41.0323732972402]]},"properties":{"FID":86876,"SOURCE_ID":"GC11249","SRC_DATE":"20140603","HOR_ACC":"1.1","INFORM":" ","ATTRIBUTE":"Natural.Great Lake Or Lake Or Pond","VER_DATE":" ","SRC_RESOLU":0,"DATA_SOURC":"Lidar","EX_METH":"Derived","EXT_METH":"Derived","DAT_SET_CR":"NOAA","SRC_CITA":" ","FIPS_ALPHA":"NY","NOAA_Regio":"North Atlantic","Shape_Leng":0.0336146402125,"Shape__Length":0.033614640212456824}},{"type":"Feature","id":87057,"geometry":{"type":"LineString","coordinates":[[-71.9486740642865,41.0731737685293],[-71.9488620064653,41.0731415592978],[-71.9490242037438,41.073111574091],[-71.949111226668,41.0730814800686],[-71.9491326988859,41.0730415474633],[-71.9491277553083,41.0729941657729]]},"properties":{"FID":87057,"SOURCE_ID":"GC11249","SRC_DATE":"20140603","HOR_ACC":"1.1","INFORM":" ","ATTRIBUTE":"Man-made.Rip Rap","VER_DATE":" ","SRC_RESOLU":0,"DATA_SOURC":"Lidar","EX_METH":"Derived","EXT_METH":"Derived","DAT_SET_CR":"NOAA","SRC_CITA":" ","FIPS_ALPHA":"NY","NOAA_Regio":"North Atlantic","Shape_Leng":0.000540685589032,"Shape__Length":0.00054068558903184972}},{"type":"Feature","id":87058,"geometry":{"type":"LineString","coordinates":[[-71.9465440967035,41.0737247500489],[-71.9467055691272,41.0736778728728],[-71.9468504229734,41.0736317628192],[-71.9469068743323,41.0735684586268]]},"properties":{"FID":87058,"SOURCE_ID":"GC11249","SRC_DATE":"20140603","HOR_ACC":"1.1","INFORM":" ","ATTRIBUTE":"Man-made.Rip Rap","VER_DATE":" ","SRC_RESOLU":0,"DATA_SOURC":"Lidar","EX_METH":"Derived","EXT_METH":"Derived","DAT_SET_CR":"NOAA","SRC_CITA":" ","FIPS_ALPHA":"NY","NOAA_Regio":"North Atlantic","Shape_Leng":0.000404973344077,"Shape__Length":0.0004049733440766735}},{"type":"Feature","id":87059,"geometry":{"type":"LineString","coordinates":[[-71.9318647070586,41.0693805925161],[-71.9318699824816,41.0693485289807],[-71.9319062890207,41.0692949950256],[-71.9319752841252,41.0691914911295],[-71.9321131826063,41.06903460886],[-71.9321710279138,41.0689547931116]]},"properties":{"FID":87059,"SOURCE_ID":"GC11249","SRC_DATE":"20140603","HOR_ACC":"1.1","INFORM":" ","ATTRIBUTE":"Man-made.Rip Rap","VER_DATE":" ","SRC_RESOLU":0,"DATA_SOURC":"Lidar","EX_METH":"Derived","EXT_METH":"Derived","DAT_SET_CR":"NOAA","SRC_CITA":" ","FIPS_ALPHA":"NY","NOAA_Regio":"North Atlantic","Shape_Leng":0.000529017013019,"Shape__Length":0.0005290170130186736}},{"type":"Feature","id":87060,"geometry":{"type":"LineString","coordinates":[[-71.9402595729834,41.0759912437005],[-71.9407434344747,41.0758764793774],[-71.9410742366989,41.075741122379],[-71.9413360824845,41.075620136552]]},"properties":{"FID":87060,"SOURCE_ID":"GC11249","SRC_DATE":"20140603","HOR_ACC":"1.1","INFORM":" ","ATTRIBUTE":"Man-made.Rip Rap","VER_DATE":" ","SRC_RESOLU":0,"DATA_SOURC":"Lidar","EX_METH":"Derived","EXT_METH":"Derived","DAT_SET_CR":"NOAA","SRC_CITA":" ","FIPS_ALPHA":"NY","NOAA_Regio":"North Atlantic","Shape_Leng":0.00114315414075,"Shape__Length":0.0011431541407453877}},{"type":"Feature","id":87061,"geometry":{"type":"LineString","coordinates":[[-71.9363413658847,41.0765330503927],[-71.9363682367372,41.0765407602812],[-71.9363944528824,41.0765362798571],[-71.936418655444,41.0765162069843],[-71.9364673429574,41.0765288964192],[-71.9364892378607,41.076558482321],[-71.936497221147,41.0765928759998]]},"properties":{"FID":87061,"SOURCE_ID":"GC11249","SRC_DATE":"20140603","HOR_ACC":"1.1","INFORM":" ","ATTRIBUTE":"Man-made.Rip Rap","VER_DATE":" ","SRC_RESOLU":0,"DATA_SOURC":"Lidar","EX_METH":"Derived","EXT_METH":"Derived","DAT_SET_CR":"NOAA","SRC_CITA":" ","FIPS_ALPHA":"NY","NOAA_Regio":"North Atlantic","Shape_Leng":0.000208423028443,"Shape__Length":0.00020842302844255772}},{"type":"Feature","id":87106,"geometry":{"type":"LineString","coordinates":[[-71.9395070497441,41.0762567272421],[-71.9395969091308,41.0762220143008],[-71.9398994627422,41.0761051374757],[-71.9402595729834,41.0759912437005]]},"properties":{"FID":87106,"SOURCE_ID":"GC11249","SRC_DATE":"20140603","HOR_ACC":"1.1","INFORM":" ","ATTRIBUTE":"Natural.Mean High Water","VER_DATE":" ","SRC_RESOLU":0,"DATA_SOURC":"Lidar","EX_METH":"Derived","EXT_METH":"Derived","DAT_SET_CR":"NOAA","SRC_CITA":" ","FIPS_ALPHA":"NY","NOAA_Regio":"North Atlantic","Shape_Leng":0.00079836662316,"Shape__Length":0.00079836662316025951}},{"type":"Feature","id":99811,"geometry":{"type":"LineString","coordinates":[[-71.9538800238334,41.0284717261287],[-71.9521944195299,41.029353773325],[-71.9509312880527,41.0297119761051],[-71.9488315835671,41.0302856610133],[-71.9483393466871,41.0304037438357],[-71.9479084184096,41.0305236729646],[-71.9472107061669,41.0307540253812],[-71.9469665482496,41.030813819525],[-71.9467158891321,41.0308889075428],[-71.9464652138248,41.030932173943],[-71.945899165964,41.0310606358455],[-71.944106604351,41.0318611855662],[-71.9416368988735,41.0324833259677],[-71.9372098561276,41.0335826674881],[-71.9366295665969,41.0336911167736],[-71.9351327102501,41.0342743335786],[-71.9335867877674,41.0347079463347],[-71.9322859503971,41.0349718830599],[-71.9306569044382,41.0351940867479]]},"properties":{"FID":99811,"SOURCE_ID":" ","SRC_DATE":"20180327","HOR_ACC":"18","INFORM":" ","ATTRIBUTE":"Natural.Mean High Water","VER_DATE":" ","SRC_RESOLU":0,"DATA_SOURC":"Satellite Imagery","EX_METH":"Mono","EXT_METH":"Mono","DAT_SET_CR":"NOAA","SRC_CITA":" ","FIPS_ALPHA":"NY","NOAA_Regio":"North Atlantic","Shape_Leng":0.0242735740989,"Shape__Length":0.024273574098893535}},{"type":"Feature","id":128498,"geometry":{"type":"LineString","coordinates":[[-71.9364774504474,41.0766395993872],[-71.936651070057,41.0772837353259],[-71.9367626525924,41.0775615593391],[-71.9369132990086,41.07813042021],[-71.9370224695633,41.0784423276361],[-71.9370406008086,41.0785764300687],[-71.9370406214957,41.0786235410633]]},"properties":{"FID":128498,"SOURCE_ID":"GC11176","SRC_DATE":"20140603","HOR_ACC":"1.4","INFORM":" ","ATTRIBUTE":"Man-made.Rip Rap","VER_DATE":" ","SRC_RESOLU":0,"DATA_SOURC":"Lidar","EX_METH":"Derived","EXT_METH":"Derived","DAT_SET_CR":"NOAA","SRC_CITA":" ","FIPS_ALPHA":"NY","NOAA_Regio":"North Atlantic","Shape_Leng":0.00206788266503,"Shape__Length":0.002067882665034112}},{"type":"Feature","id":128499,"geometry":{"type":"LineString","coordinates":[[-71.9383599227682,41.0768590429417],[-71.938353908099,41.0768351425545],[-71.9382841080841,41.0766407900313],[-71.9382289553322,41.076448054489],[-71.9381869911475,41.076344133311]]},"properties":{"FID":128499,"SOURCE_ID":"GC11176","SRC_DATE":"20140603","HOR_ACC":"1.4","INFORM":" ","ATTRIBUTE":"Man-made.Rip Rap","VER_DATE":" ","SRC_RESOLU":0,"DATA_SOURC":"Lidar","EX_METH":"Derived","EXT_METH":"Derived","DAT_SET_CR":"NOAA","SRC_CITA":" ","FIPS_ALPHA":"NY","NOAA_Regio":"North Atlantic","Shape_Leng":0.00054369757457,"Shape__Length":0.0005436975745701329}},{"type":"Feature","id":128508,"geometry":{"type":"LineString","coordinates":[[-72.2224065669413,40.9320474894656],[-72.2221771309301,40.9320935725425],[-72.2219460743384,40.9321103736878],[-72.221699500839,40.932127114579],[-72.2216127585019,40.9321308611582],[-72.2215614027001,40.9321345106095],[-72.2215259172396,40.9321400459389],[-72.2214985463647,40.9321467548836],[-72.2214810320624,40.9321512604885],[-72.221173806473,40.9322890213746],[-72.2202426202749,40.9327873502378],[-72.219791713558,40.9330147645609],[-72.2195758285383,40.9331058865935],[-72.2193146410557,40.9332047284096],[-72.2189144282364,40.9333758766362],[-72.2185508798899,40.9335532382789],[-72.2182335180372,40.9336702778819],[-72.2175581872297,40.9338955707113],[-72.2174260237204,40.933930883502],[-72.2171542638016,40.9339801133087],[-72.2170849584259,40.9339947263977],[-72.2170457443753,40.9340057062241],[-72.2170050878118,40.9340170907454],[-72.2168097316251,40.9341440813448],[-72.2164110485567,40.9343770282966],[-72.2158830735152,40.9346455443458],[-72.2153876476475,40.9349233710769],[-72.2147847752452,40.9352263149819],[-72.2143107496482,40.9354399498907],[-72.2141031491849,40.9355121573781],[-72.2138684575351,40.9355792360317],[-72.2135853886409,40.9356820780337],[-72.2131585037195,40.9358493007197],[-72.2128170804994,40.9359967185289],[-72.2123899698483,40.9361663540964],[-72.2121592927743,40.9362495261211],[-72.2118732381293,40.9363407857523],[-72.2111834264363,40.9366136644189],[-72.2107413519593,40.9367565919155],[-72.2105555717538,40.9368306861802],[-72.2099365915843,40.9370497916708],[-72.2090558600577,40.9373799077065],[-72.2086803039579,40.9375312978231],[-72.2083273586179,40.9376422148416],[-72.2071752215008,40.9379405821137],[-72.2068180871176,40.9380544066412],[-72.2065633648633,40.938155975202],[-72.2062022581765,40.9383271926752],[-72.2059309191435,40.9384285453992],[-72.2056159953546,40.9385622683287],[-72.2044151473516,40.9390215765087],[-72.2039327841347,40.9391911176492],[-72.2035000967837,40.9393237955702],[-72.2028962728889,40.9394602983142],[-72.2026753462662,40.9395189071506],[-72.2015975444397,40.9398906447245],[-72.2013963741303,40.9399494999746],[-72.2009777404877,40.9400520461041],[-72.2006965376864,40.9401385851927],[-72.2004287410821,40.9402062771852],[-72.2000324259241,40.9403467810069],[-72.1997504542035,40.9404561790679],[-72.199220202076,40.9406933024763],[-72.1987878025107,40.9408707207785],[-72.1984935640331,40.940974311017],[-72.1981494410466,40.9411086904527],[-72.1979586156438,40.9412004420101],[-72.1976517407895,40.9413286161213],[-72.1970290850942,40.9416287478463],[-72.1967754528182,40.9417241362648],[-72.1964558255719,40.9418306214222],[-72.1959116492361,40.9420568468445],[-72.195471597339,40.9422702344385],[-72.1951590054923,40.9423935953773],[-72.1947291519057,40.9425227173781],[-72.1943150706326,40.9426220691149],[-72.1934710008797,40.9429396405036],[-72.1920563704675,40.9434000620516],[-72.1909999005678,40.9437891151748],[-72.190291497182,40.944026269166],[-72.1894964090155,40.9442637379228],[-72.1889761753354,40.9444385499921],[-72.1885210768718,40.9445721452224],[-72.1877845130079,40.9448482416654],[-72.1877159136004,40.9448661516697],[-72.1876662871953,40.9448688001753],[-72.1875567137598,40.9448328839472],[-72.1875423668705,40.9448312651677],[-72.1875207885302,40.9448288307032],[-72.1873494028769,40.9448827396801],[-72.1858027735455,40.945628341705],[-72.1844601743628,40.9462107185385],[-72.1839430478466,40.9464789045361],[-72.1835123740821,40.9466787744175],[-72.1829317446154,40.9469192127292],[-72.182758998288,40.9469821320156],[-72.1824519111916,40.9470774089198],[-72.1816399787168,40.9472969236083],[-72.1814168937214,40.9473698469566],[-72.1811440636125,40.9474813961961],[-72.1806642364885,40.9477190969677],[-72.1804786028728,40.9477983704291],[-72.1803438484162,40.947839145703],[-72.1801353144549,40.9478875220508],[-72.1796447323259,40.9479646416454],[-72.1794462195129,40.9480050311122],[-72.179307079061,40.9480436264292],[-72.1790758857758,40.9481225014923],[-72.1784092846941,40.9484160205025],[-72.1775635727776,40.9487164436152],[-72.1760439950442,40.9491476183084],[-72.1754172150518,40.9493631076246],[-72.1748486086202,40.9495100047336],[-72.1746527398166,40.9495812292614],[-72.1742815157528,40.9497398733109],[-72.1741004093248,40.9498026442093],[-72.1731444215999,40.9500293094135],[-72.1728985037096,40.9501018388594],[-72.1723803816413,40.9503291398701],[-72.171936941094,40.9504788950211],[-72.1717011837486,40.9505710485769],[-72.171538802112,40.9506499479195],[-72.1711684530915,40.9508556229239],[-72.1710101022172,40.9509277323835],[-72.1707660306367,40.9510187968604],[-72.1702113717964,40.9511852371402],[-72.1699794509597,40.9512709695353],[-72.1697999183472,40.9513558934379],[-72.169407962209,40.9515771806768],[-72.1690958685879,40.9517190352778],[-72.1684778039298,40.951960802789],[-72.1679036873521,40.9521408111438],[-72.1677448427491,40.9522010414561],[-72.167522425952,40.9523062261906],[-72.1670986077236,40.9525397945748],[-72.1668113461899,40.9526648687216],[-72.1645960428231,40.9534286011042],[-72.164303401541,40.953516297621],[-72.1638627731723,40.9536227270245],[-72.1636851579131,40.9536756449485],[-72.1634430441574,40.9537679900602],[-72.1629630614491,40.9539789422909],[-72.1625720738771,40.9541275723881],[-72.161823930336,40.9543552403298],[-72.1615217868155,40.954467528813],[-72.1611243915725,40.9546285758523],[-72.1605416567886,40.9548046271896],[-72.160117592142,40.9549705917237],[-72.1593877902814,40.9552235764846],[-72.1588739903512,40.9553627816889],[-72.1587047459843,40.9554153272932],[-72.1585492999208,40.9554810632562],[-72.1582580741755,40.9556307122822],[-72.1579926544825,40.9557402173619],[-72.1572979100055,40.9559966258415],[-72.1566704204496,40.9562447803394],[-72.1560337721937,40.9564698816118],[-72.1558901747022,40.9565413876257],[-72.1555895276584,40.9567285374894],[-72.1554094887273,40.9568119667185],[-72.1551705846523,40.9568916160982],[-72.1545705208255,40.9570535651643],[-72.1541724600818,40.9571756859406],[-72.1539667589871,40.9572478988238],[-72.1536176348694,40.9573910187723],[-72.1532300305514,40.9575992055842],[-72.1530323226348,40.9576914095009],[-72.1526520262065,40.9578357354415],[-72.1522361534876,40.9580139406501],[-72.1517293331999,40.958184588857],[-72.1513074943765,40.9583594027217],[-72.1508559536325,40.958501273515],[-72.1496936217984,40.9588194654464],[-72.1494580443172,40.9589070117745],[-72.1489434745723,40.9591377571892],[-72.1485394567195,40.9592985020564],[-72.1482749219582,40.9593826237664],[-72.1478251232,40.9594971227885],[-72.1476320090201,40.9595578261454],[-72.1471405464607,40.9597439238083],[-72.1466936417228,40.9598767132457],[-72.1460687718937,40.9601402461535],[-72.1458474918389,40.9602256026315],[-72.1456021270325,40.9603077701137],[-72.1452274306821,40.9604137255722],[-72.1450137984637,40.9604846812032],[-72.1448212859315,40.9605637352301],[-72.1443716193786,40.9607662913876],[-72.14383750286,40.9609507073193],[-72.1433756019261,40.9611530584317],[-72.142678648714,40.9614200150616],[-72.1425182177071,40.9614931065812],[-72.1419150746086,40.961795651187],[-72.1417558235125,40.9618659539084],[-72.1415151405781,40.9619481825443],[-72.1410987300606,40.9620568161858],[-72.1408544930047,40.9621446646863],[-72.1406198840949,40.9622537668688],[-72.1403143933001,40.9624270168083],[-72.1400575018819,40.962555523667],[-72.1398329231137,40.9626581219508],[-72.1395789122236,40.9627619846825],[-72.1390064845755,40.9629832575381],[-72.1378841995671,40.9633379934267],[-72.1376122687797,40.9634354215086],[-72.1372760031735,40.9635904529795],[-72.1368624192321,40.963802870204],[-72.1365816220271,40.9639241779891],[-72.1361213101931,40.964080671762],[-72.1356291200784,40.9642051199872],[-72.1353825115084,40.9642749478692],[-72.1351245660832,40.9643821201069],[-72.1345594535263,40.9646605376949],[-72.1342213559999,40.9648052971075],[-72.1339015812642,40.9649023690593],[-72.1334512096375,40.9650159462761],[-72.1327113155809,40.9652569934341],[-72.1324958334574,40.9653437870289],[-72.1320888946088,40.9655588671462],[-72.1318453446357,40.965657955376],[-72.1308357357218,40.9659935770664],[-72.1304027426005,40.9661158516278],[-72.1302167375639,40.9661800956162],[-72.1300602635747,40.9662433629397],[-72.1298305829511,40.9663495207409],[-72.1293726228497,40.9665867772467],[-72.1290743868854,40.9667105230949],[-72.1285161199644,40.9668886015036],[-72.1279349940669,40.967042889243],[-72.1277252864908,40.9671089291787],[-72.1275349458215,40.967178414417],[-72.1270573292292,40.967373104204],[-72.1266014267729,40.9675325540489],[-72.12625106249,40.9676802155747],[-72.1260401453259,40.967756639984],[-72.1257534044976,40.9678423471998],[-72.1253207989833,40.9679486866707],[-72.1251322236832,40.9680090374933],[-72.1248982236141,40.9681087678388],[-72.1245814643103,40.9682792280811],[-72.1244112513749,40.9683613658833],[-72.1239891436548,40.9685478043869],[-72.1236932234453,40.9686665257218],[-72.1231951076981,40.9688333059435],[-72.1226646631108,40.9689873094955],[-72.1225052384452,40.9690511829622],[-72.1221599031733,40.9692066649939],[-72.1219406070233,40.9692893289011],[-72.1217880855548,40.9693334316678],[-72.1214606189137,40.9694051859006],[-72.1212728826814,40.9694667660967],[-72.1210749814109,40.9695673849713],[-72.1207993139442,40.9697540105293],[-72.1206527504887,40.9698429858775],[-72.1205146784337,40.9699142895437],[-72.1203834547173,40.9699677515561],[-72.1201930286112,40.9700187395351],[-72.1196056892927,40.9701207011105],[-72.1192049827416,40.9702248219525],[-72.1189060614924,40.9703257789756],[-72.1185590013188,40.970457327345],[-72.1184068746543,40.9705282470011],[-72.1181338323075,40.9706783097147],[-72.1179446220869,40.9707583574926],[-72.1173235671806,40.9709771266367],[-72.1170701975055,40.971051264071],[-72.116748473038,40.9711311679616],[-72.1165189686797,40.9712038017284],[-72.1155017551006,40.9716206717859],[-72.1152834913726,40.9717001727768],[-72.1150244038062,40.9717759613669],[-72.1144200394187,40.9719155775644],[-72.1138212841058,40.9720760670304],[-72.1133381879383,40.9721957038814],[-72.1130236868296,40.9723097802176],[-72.1126050504943,40.9725070861309],[-72.1124602380178,40.9725675844408],[-72.1123090457481,40.9726192145345],[-72.1118322439387,40.9727575860659],[-72.1115095554008,40.9728959971624],[-72.1113510219633,40.972953777721],[-72.11109319075,40.9730248853389],[-72.1106533528846,40.9731175371259],[-72.1104558868833,40.9731672804431],[-72.11028217918,40.9732256383671],[-72.1098272237111,40.9734059470915],[-72.1092988763444,40.9735749252578],[-72.1089780745819,40.9736626217754],[-72.1086056490189,40.973741016605],[-72.1084330789577,40.973788632125],[-72.1081693652794,40.973902187752],[-72.1077202230345,40.9741590287975],[-72.1074588727754,40.9742758525613],[-72.1071967571911,40.974357777227],[-72.1066838313995,40.9744509155497],[-72.1065520743836,40.9744818981039],[-72.1064400601913,40.9745174941804],[-72.1061946998826,40.9746207165945],[-72.105704356983,40.9748681669186],[-72.1052554323694,40.9750432658693],[-72.1048297795214,40.9752423677293],[-72.1046346913289,40.9753026421096],[-72.1041436559429,40.9754079356708],[-72.1039123592344,40.9754657710904],[-72.1034802087787,40.9755985461381],[-72.1030137482798,40.975788506389],[-72.1024918958234,40.9760359648081],[-72.1021239416944,40.9761732463573],[-72.1019212281473,40.9762247928158],[-72.1015612923718,40.9762857713708],[-72.1013306449734,40.976333038855],[-72.1007824252793,40.9764732719856],[-72.1005465528202,40.9765573712116],[-72.0999625140236,40.9768171440519],[-72.0994597191031,40.9769970552775],[-72.0992835544503,40.9770421985608],[-72.0989826708767,40.9770892645992],[-72.0985243150648,40.9771768963701],[-72.0982387046839,40.9772482935706],[-72.0979518856147,40.9773391152319],[-72.0973683954034,40.9775748123169],[-72.0969449216101,40.9777174466339],[-72.0967853647423,40.9777509391973],[-72.0964884067098,40.9777816195845],[-72.096348133111,40.9778056467809],[-72.095803177059,40.977968094969],[-72.0951668228782,40.9781372808821],[-72.094987089714,40.9781744417815],[-72.0946503375684,40.9782237012679],[-72.094496291749,40.9782759393035],[-72.0941292072657,40.9784334627973],[-72.0939395275977,40.978491888171],[-72.0938246751433,40.9785140168974],[-72.0935001654722,40.9785550565782],[-72.0930764857314,40.9786491238978],[-72.0927090460106,40.9787144156025],[-72.0925621677892,40.9787488173802],[-72.0924458350514,40.9787909389389],[-72.0920773809009,40.9789613802972],[-72.0918841668967,40.9790311389296],[-72.091725884369,40.9790709069634],[-72.0913865053032,40.9791253375527],[-72.0908586651536,40.9792823097672],[-72.0904982491411,40.9793639322638],[-72.0900552411674,40.9795074793935],[-72.0894516358088,40.9796631278081],[-72.0891361031771,40.9797704943012],[-72.0887321248958,40.9799547195723],[-72.0884492133824,40.9800489046986],[-72.0880662153878,40.9801613640556],[-72.0874767716573,40.980302187143],[-72.087013958808,40.9804628142009],[-72.0866953558891,40.980557883362],[-72.0861420127563,40.9807082212773],[-72.0851409824773,40.9810319952964],[-72.0849696498836,40.9810800550816],[-72.0846102914745,40.98116584144],[-72.0844325602037,40.9812366226014],[-72.0841092736174,40.9813908518764],[-72.0838965227353,40.9814698744277],[-72.0834486809032,40.9815987185385],[-72.0833251751693,40.981620855359],[-72.0830803508526,40.9816508747427],[-72.0829709168155,40.9816764487724],[-72.0825657882979,40.9818077732124],[-72.0821178088697,40.9819409376671],[-72.0817143342073,40.9820955689418],[-72.0812667118085,40.9822009362459],[-72.0809675333531,40.9823013977424],[-72.0804746957278,40.9824532141415],[-72.0800740575273,40.9825949860077],[-72.0798382848946,40.9827087205988],[-72.0797405384513,40.9827476225834],[-72.079631147582,40.9827783470314],[-72.0793574954893,40.9828353038146],[-72.079145501836,40.9829043097149],[-72.0788833089123,40.9830283424457],[-72.0784871529391,40.9832551083557],[-72.0783722798022,40.9833103600188],[-72.0782482371738,40.9833504176333],[-72.0779680263229,40.9834001240809],[-72.0778133932457,40.9834472368792],[-72.077704098605,40.9834989227295],[-72.0774412239973,40.9836644429932],[-72.0772937315409,40.9837380354348],[-72.0771828289112,40.9837771289754],[-72.076984915947,40.9838329184359],[-72.076583675201,40.9839848121737],[-72.0761709186302,40.9840945978467],[-72.0760203414969,40.9841458115542],[-72.075877994063,40.9842076120827],[-72.075620209618,40.9843425922627],[-72.0754577749211,40.9844186110762],[-72.074970490613,40.9846000250687],[-72.0744249365152,40.9848280788129],[-72.0741856169536,40.9849126420893],[-72.0738677946461,40.9850020122455],[-72.0729864461813,40.9852827384038],[-72.072021459845,40.9856537664086],[-72.0716613783822,40.9857670225644],[-72.070946913562,40.9859738720948],[-72.0705455469096,40.9861027854518],[-72.0700243581474,40.9862485584065],[-72.0686918763327,40.9866934081871],[-72.0683735045388,40.9867743067279],[-72.0677511420128,40.9869061060172],[-72.0668235216142,40.9871713818213],[-72.0662955447664,40.9873080941047],[-72.0660702024721,40.9873865842577],[-72.0657578372548,40.9875151109032],[-72.0654594888738,40.9876130911698],[-72.0652637747542,40.9876964169773],[-72.0651443600386,40.9877370321715],[-72.065041453283,40.9877616007586],[-72.0649721568999,40.9877659867553],[-72.064930998513,40.9877524672457],[-72.0648851132864,40.9877111550822],[-72.0648488085428,40.987707600962],[-72.0644359368621,40.9878779110206],[-72.0641317033142,40.9879500528606],[-72.0639853925656,40.9879935261015],[-72.0636377748149,40.9881726702002],[-72.0635237290542,40.9882226266541],[-72.0634345018907,40.9882484264129],[-72.0633372851465,40.9882558062542],[-72.0632907946789,40.9882670127099],[-72.0632435002179,40.9882910183196],[-72.0631901856947,40.9883422302253],[-72.0631224154629,40.9883687422466],[-72.06300081989,40.9883989540813],[-72.0628184058457,40.9884320941111],[-72.0627105708041,40.9884660705081],[-72.0625237024203,40.9885699233452],[-72.0622869423292,40.9886404338124],[-72.0621816388823,40.9887134641762],[-72.0621245166271,40.9887430195036],[-72.0619557992625,40.9887873273164],[-72.0617961488676,40.9888643344848],[-72.0616482445203,40.9889136856959],[-72.0615581333251,40.9889774368526],[-72.0615072361788,40.9890016547023],[-72.0613967067673,40.9890326030815],[-72.0612053804384,40.9890609236439],[-72.061114780909,40.9890864599013],[-72.0608710663629,40.9892388824355],[-72.0606328116006,40.9893530442047],[-72.0605622984354,40.9893747250672],[-72.0604887482581,40.9893876483299],[-72.0602666183394,40.9893993233382],[-72.0600838643521,40.9894471735816],[-72.0600197282822,40.9894800348177],[-72.0599304174847,40.9895596275353],[-72.0598617200528,40.9896089598581],[-72.0596782699929,40.9897091335678],[-72.0595056612617,40.9897712083904],[-72.0592068038633,40.9898553247056],[-72.0590802647164,40.989899010186],[-72.0586514237708,40.9901013585993],[-72.0585523256459,40.9901381013112],[-72.0582695238494,40.9902239928879],[-72.0578629771038,40.9904151204571],[-72.0573468065646,40.9906399555261],[-72.0572630967458,40.9907039243186],[-72.0571379542476,40.9907680558897],[-72.0569461260991,40.9908377425762],[-72.0563434380509,40.9910229184374],[-72.0559845634795,40.991150132074],[-72.0555281565015,40.9912789770844],[-72.0553341358058,40.9913605348244],[-72.0547724712496,40.9916230748784],[-72.0544968766232,40.9917240399945],[-72.0540684052953,40.9918610184742],[-72.0535035427434,40.992025641224],[-72.0530496691548,40.9921273006227],[-72.0527900374981,40.9921971105187],[-72.0518331081882,40.9925285548556],[-72.0510783654171,40.9927115165903],[-72.0500830737115,40.9929928003321],[-72.0495762345367,40.993143459304],[-72.0493128958744,40.9932338744707],[-72.0483815091189,40.993589989014],[-72.0478622296195,40.9937642102284],[-72.047715668859,40.9938009322575],[-72.047332839935,40.9938780347613],[-72.0468782325001,40.9939925706557],[-72.0464827294251,40.9940456153912],[-72.0462732430813,40.9940942228648],[-72.0460981531201,40.9941639554163],[-72.0457446771847,40.994361349461],[-72.045631650356,40.9944079037789],[-72.0455116618727,40.9944469154815],[-72.0453803823971,40.9944788881894],[-72.0452479967544,40.9945013100954],[-72.0446811197131,40.994537149903],[-72.0445463724499,40.9945572938258],[-72.0444313698091,40.9945864489567],[-72.0443070762706,40.9946421736636],[-72.0440203084681,40.9948254222669],[-72.0438605528525,40.9949036012522],[-72.04371365035,40.9949485979451],[-72.043395398164,40.994995041653],[-72.0431878678466,40.9950488121354],[-72.0430448702027,40.995112513831],[-72.0426902647201,40.9953396934278],[-72.0424596883719,40.9954544550448],[-72.042150630861,40.995561925859],[-72.0416064823993,40.995706081833],[-72.0414226483268,40.9957706666644],[-72.0408742164005,40.9960517192659],[-72.0403371078385,40.9962730955423],[-72.0396803003796,40.9966173543117],[-72.039439805405,40.9967259654643],[-72.0391203139566,40.9968382197739],[-72.0385599938804,40.9969792227246],[-72.0383477852889,40.9970447194697],[-72.0378493161113,40.9972712155863],[-72.0375138050372,40.9974384130881],[-72.037076169617,40.9976158628667],[-72.0368693974288,40.9976786139808],[-72.0365083087229,40.9977540482412],[-72.0363310208168,40.9978040811395],[-72.0361379947709,40.9978730915358],[-72.0357522286658,40.9980507274724],[-72.0353268177305,40.9981632623738],[-72.0346312620639,40.9984101065614],[-72.0344836616868,40.9984480183939],[-72.0341726742269,40.9984990234638],[-72.0340317432242,40.998534473851],[-72.0337663100412,40.9986434321428],[-72.0335629085154,40.99874720584],[-72.0333889813784,40.9988228892066],[-72.0331987009637,40.9988938205551],[-72.0329125752721,40.9989851530313],[-72.0322154808622,40.9991831406399],[-72.0317099232192,40.9992893452148],[-72.0315534654167,40.9993319928784],[-72.0310699852424,40.9995220241763],[-72.0307408278804,40.9996863393502],[-72.030556627784,40.9997572715979],[-72.0304437358528,40.9997875958475],[-72.0303317603304,40.9998081966254],[-72.0299371403889,40.9998436218398],[-72.0297470731123,40.9998922922653],[-72.029541800995,40.9999762718805],[-72.029036638163,41.0002335167233],[-72.0288228620538,41.0003194847401],[-72.0286450813185,41.0003608328838],[-72.0282824250921,41.0004056578131],[-72.0280947967779,41.0004585442611],[-72.0277679740551,41.0005935775034],[-72.0274938363323,41.000722241744],[-72.0272477583644,41.000826326608],[-72.0270851779763,41.0008845775124],[-72.0268195487395,41.0009657800224],[-72.0267206026002,41.0010044221029],[-72.0265840081319,41.0010789264568],[-72.0262895178493,41.0012781317346],[-72.0260830172588,41.0013810591696],[-72.0258554707254,41.001457959321],[-72.0252974601099,41.0016143451783],[-72.025156422988,41.0016661290558],[-72.0250550145047,41.0017155899827],[-72.0248712541793,41.0018269944282],[-72.0247537829004,41.0018887050236],[-72.0245737008013,41.001964635704],[-72.0241890003907,41.0020972164965],[-72.0232621795009,41.0025636446013],[-72.023079832009,41.0026442904282],[-72.0227919994033,41.0027284939773],[-72.0224280931201,41.0027973209174],[-72.0222762425458,41.0028387194222],[-72.0221455782081,41.0028971340021],[-72.0219305799224,41.0030281571629],[-72.0218093206978,41.0030899064293],[-72.0213024068817,41.0032837886258],[-72.0211471074061,41.0033223227894],[-72.0208706862992,41.003367971495],[-72.0205229228519,41.0034363226932],[-72.0202863633092,41.003496427103],[-72.0200397781236,41.0036039320895],[-72.0196833020493,41.0038082482174],[-72.019450534951,41.0039080774883],[-72.0182962808357,41.0043306123808],[-72.017810918378,41.0044893814396],[-72.0173299868797,41.0046170069698],[-72.0171557476769,41.0046774495227],[-72.0169340989001,41.0047674096311],[-72.016543627542,41.0049711367041],[-72.0162661344473,41.0050927439633],[-72.016094755089,41.0051437742098],[-72.0158520531736,41.0051846151378],[-72.0157494935563,41.0052095416551],[-72.0155885589278,41.0052625405176],[-72.0152417604572,41.0053987383828],[-72.0148818318776,41.0054829050619],[-72.0147361353663,41.0055290798669],[-72.0145887535261,41.0055946341664],[-72.0143470543608,41.0057363790477],[-72.0140550902717,41.0058830405252],[-72.0130630118499,41.0062564814123],[-72.0124851064322,41.0065293546791],[-72.0122404817691,41.006632582489],[-72.0117849525341,41.0068404680301],[-72.011630351833,41.0068974652789],[-72.0111319375097,41.0070464362226],[-72.0109358708552,41.0071199774044],[-72.0108080681615,41.0071844399261],[-72.0104020852936,41.0074214554117],[-72.0101808600984,41.0075232470033],[-72.00999156534,41.0075773943011],[-72.0096241651887,41.0076318770519],[-72.0094590711938,41.0076748862432],[-72.0088430704819,41.0079478170679],[-72.0079534572477,41.0082824108289],[-72.0075188507454,41.0084662026276],[-72.0071658928153,41.0085858727492],[-72.0065783466566,41.0087608538931],[-72.0060197676719,41.0089630494258],[-72.0058296500348,41.0090400619912],[-72.0054598531963,41.0092144306895],[-72.0051651101994,41.0093296743453],[-72.0046690763828,41.0094880890716],[-72.004235584137,41.0096009450313],[-72.0039609337985,41.0096938333346],[-72.0035922431229,41.0098062450271],[-72.0034258118367,41.0098682407092],[-72.003098670754,41.0100084765306],[-72.0030204324096,41.0100262093687],[-72.0028395939772,41.0100448064588],[-72.0026996792089,41.0100855214783],[-72.0026055156662,41.0101318671527],[-72.0022982837849,41.010333040148],[-72.0020885690172,41.0104516139911],[-72.0017774421671,41.0105892273884],[-72.0014584921131,41.0107430942364],[-72.00112734365,41.0108824145479],[-72.0007235245505,41.0110996467431],[-72.0002764327567,41.0112921637665],[-71.9999024315877,41.0114923807843],[-71.9993697917605,41.0117533955868],[-71.9992019926054,41.0118211190522],[-71.9988940277706,41.0119186622484],[-71.9987447141853,41.0119739615767],[-71.998310375683,41.0121901406666],[-71.9981174557578,41.012272126484],[-71.9976898091089,41.0124164281443],[-71.9973750795714,41.0125140729641],[-71.9972325100043,41.0125666122723],[-71.996721525856,41.0127767056512],[-71.9963067943781,41.0129702254178],[-71.9959878856915,41.0131021793806],[-71.9955044504826,41.0132784699342],[-71.9948775310926,41.0134522504842],[-71.9945986035765,41.0135365664482],[-71.9937811744479,41.0138417973363],[-71.9937265190329,41.0138532969713],[-71.9936831330254,41.0138539525787],[-71.9935657067067,41.0138082993891],[-71.9934848198571,41.0138098543199],[-71.9930967451888,41.0139388036493],[-71.9928213043436,41.0139891648034],[-71.9926482792253,41.014038618538],[-71.9922387044592,41.0141914205915],[-71.9918568764831,41.0143072479101],[-71.9917800221972,41.0143482057446],[-71.9916240590258,41.0144599941999],[-71.9915124063621,41.0145148879327],[-71.9914353272442,41.0145322511493],[-71.9912657842994,41.0145335875476],[-71.9910785921569,41.0145943601522],[-71.9909423816984,41.0146532279906],[-71.9908177662033,41.0147206303966],[-71.990713408843,41.0147867098989],[-71.9905370319548,41.0149150153068],[-71.990258975883,41.0150145415075],[-71.9898075205798,41.0152512548223],[-71.9896741852543,41.0153027077489],[-71.9894778380094,41.0153429488274],[-71.9893624864318,41.015378472059],[-71.9889732372511,41.0155530134278],[-71.9887385258175,41.015645129212],[-71.9885925244376,41.0157202981654],[-71.9884403977756,41.0158377937194],[-71.9883460561675,41.0158897619563],[-71.9882940690424,41.0159124041936],[-71.988088922829,41.0159747506127],[-71.9878029931915,41.0161002096693],[-71.9877144800912,41.0161485167654],[-71.9874691683488,41.0163046867752],[-71.9873400517454,41.0163732807832],[-71.9871907453549,41.0164304983658],[-71.9869146686907,41.0165161732056],[-71.986638352809,41.0166404721362],[-71.9863024667158,41.0167788562534],[-71.9858971412498,41.0169667804368],[-71.985676089623,41.0170573520843],[-71.9841497283071,41.0176045591291],[-71.9833477540292,41.0178427824172],[-71.9831232795812,41.0179258375297],[-71.982787289167,41.0180722004337],[-71.9826696551098,41.0181151925363],[-71.9822633295929,41.0182250015915],[-71.981922147387,41.0183012956033],[-71.9817308300507,41.018322357736],[-71.9813736776748,41.0183304678353],[-71.9812750804712,41.0183442409583],[-71.9811658892511,41.0183705982976],[-71.9810136753513,41.0184238957347],[-71.9807536066265,41.0185416125254],[-71.9806239917974,41.0185906624629],[-71.9798272012126,41.0188143428112],[-71.9794873571999,41.018920151679],[-71.9792454403958,41.0190134248912],[-71.9787308922334,41.0192288071842],[-71.9783088510611,41.0193813871054],[-71.9780734138734,41.019455608176],[-71.9777339727561,41.0195421292801],[-71.9775696818567,41.0195982919582],[-71.9770700750367,41.0198313009663],[-71.9766992601679,41.0200531952469],[-71.9760538669075,41.0203876882758],[-71.9758876973242,41.0204517712849],[-71.9755569787329,41.0205161492769],[-71.9754029320141,41.0205678603096],[-71.9750275719695,41.020778073294],[-71.9742005470788,41.0212101994473],[-71.9737476276781,41.0214350318162],[-71.9732410160389,41.0217132866249],[-71.9724701835008,41.0220571802731],[-71.9716688036801,41.0223872990039],[-71.9714095209617,41.0224822800294],[-71.9705398870687,41.0227493814556],[-71.9699940991454,41.0229494797685],[-71.9693828081838,41.0232105458348],[-71.9689336146757,41.0234379151916],[-71.9686556872087,41.0235679131272],[-71.9686042064015,41.0235798336449],[-71.9685630318276,41.0235798795117],[-71.968393330599,41.0235293600914],[-71.9682812732371,41.0235267574565],[-71.9680950307768,41.0235486640525],[-71.9678432538007,41.0236075669683],[-71.9674537653972,41.0237281031384],[-71.9671622149937,41.0238289171689],[-71.9669038630724,41.0238961675938],[-71.9664487475215,41.0240308078364],[-71.9653359018015,41.0244162807593],[-71.9647414002889,41.0246810448381],[-71.9643596748397,41.0248711121055],[-71.9637011523739,41.0252316234262],[-71.9633668104182,41.0253885884397],[-71.9627800367807,41.0256235220002],[-71.9624985740772,41.0257470798895],[-71.9623152121488,41.025810733023],[-71.9621187623841,41.0259045098541],[-71.9619126655873,41.0259740211733],[-71.9616754198633,41.0260649066847],[-71.9614997804153,41.0261200216529],[-71.9613544778086,41.0261910402342],[-71.9611423375657,41.0262595892788],[-71.9609684688849,41.0263407126454],[-71.9607343572975,41.0264025140761],[-71.9605216756631,41.0264800743295],[-71.9602568288353,41.0265375770009],[-71.9600238827712,41.0266256863046],[-71.9597852511897,41.0266843194232],[-71.9595861673091,41.0267643474163],[-71.9593430265252,41.0268205766468],[-71.9591511794917,41.0269052523369],[-71.9588279882291,41.0269833674755],[-71.9586559469709,41.0270567404833],[-71.958542058591,41.0270958789901],[-71.9582940974398,41.0271598801634],[-71.9579198489526,41.0272819991401],[-71.9576212730417,41.0273577931273],[-71.9573089069235,41.0274595613394],[-71.957025047523,41.0275323632812],[-71.956691484377,41.027630084544],[-71.9560087305617,41.0278397471531],[-71.9557171738615,41.0279153181082],[-71.9552189969589,41.0280593823497],[-71.9550194058598,41.0281251192134],[-71.9547628723685,41.0281982260245],[-71.9541729097318,41.0283930956793],[-71.9538800238334,41.0284717261287]]},"properties":{"FID":128508,"SOURCE_ID":"GC11176","SRC_DATE":"20140603","HOR_ACC":"1.4","INFORM":" ","ATTRIBUTE":"Natural.Mean High Water","VER_DATE":" ","SRC_RESOLU":0,"DATA_SOURC":"Lidar","EX_METH":"Derived","EXT_METH":"Derived","DAT_SET_CR":"NOAA","SRC_CITA":" ","FIPS_ALPHA":"NY","NOAA_Regio":"North Atlantic","Shape_Leng":0.286709782872,"Shape__Length":0.28670978287203064}},{"type":"Feature","id":128509,"geometry":{"type":"LineString","coordinates":[[-71.9306569044382,41.0351940867479],[-71.9299836879334,41.035355480035],[-71.9295298467212,41.0354722642348],[-71.9290994436482,41.0355989077034],[-71.9285109046386,41.0357921019209],[-71.9283313513396,41.0358442662129],[-71.9271112452365,41.0361139945706],[-71.9264566285178,41.0363002496199],[-71.9261628145202,41.0364060710767],[-71.9255781066271,41.0366584299044],[-71.9253776072129,41.0367357563336],[-71.9248983061875,41.0368916853326],[-71.9247109278846,41.0369389968821],[-71.9242817559839,41.0370654469964],[-71.9237551658896,41.0371776572458],[-71.9234587276679,41.0372542947972],[-71.9223947115525,41.0376230340299],[-71.9219069380103,41.0377617985652],[-71.9215430389226,41.0378479698336],[-71.9209898828496,41.0380162312407],[-71.9201448247419,41.0383546929851],[-71.9195397543934,41.0386244429066],[-71.9192178734465,41.0387570443814],[-71.9187012829203,41.0389228488389],[-71.9181148447286,41.0391327398727],[-71.9178397798015,41.0392104287311],[-71.917542694966,41.0392692507093],[-71.9166067432359,41.0393750488045],[-71.9163925390462,41.039408104299],[-71.9161738715201,41.0394483354856],[-71.9157557091226,41.0395586508596],[-71.9154295132225,41.0396094032204],[-71.9149245068615,41.039671997862],[-71.9146469912779,41.0396937263952],[-71.9144597442731,41.0396877450092],[-71.9143242038051,41.0396659850131],[-71.9142321167933,41.0396343036928],[-71.9140745060522,41.0395485353375],[-71.913966792416,41.0395262420424],[-71.9135746087365,41.0395241043662],[-71.9127607858713,41.0394910210259],[-71.9123445372273,41.0395245297854],[-71.9122496083579,41.0395109410296],[-71.9120646564212,41.0394613200327],[-71.9119240302857,41.0394433722636],[-71.9110363478758,41.039415045441],[-71.9104248860252,41.0393603136096],[-71.9102412551956,41.0393586966342],[-71.9100968357199,41.0393664371052],[-71.9097514770591,41.0394109068016],[-71.9092694375925,41.0394841692027],[-71.9090773432425,41.0395183137757],[-71.9088649439936,41.0395659158071],[-71.9086392878359,41.0396457693325],[-71.9079169593476,41.0399725803535],[-71.9074897839448,41.0401405701611],[-71.9072291990063,41.040210871087],[-71.9063110583597,41.0403973707605],[-71.9061959936647,41.0404114694387],[-71.9060821286648,41.0404098650515],[-71.9054736183886,41.0403293631418],[-71.9051295745328,41.0402984921189],[-71.9049009622978,41.0402941960641],[-71.9045315665495,41.0403364228517],[-71.9041131280546,41.0403516573836],[-71.9038988294353,41.0403705935192],[-71.9036161202674,41.0404312797919],[-71.9034478426717,41.0404801804432],[-71.9032507876617,41.0405495874407],[-71.9030818922328,41.0406203353268],[-71.9028809143806,41.0407230091528],[-71.9025104439512,41.0409274898571],[-71.9023786329796,41.0410233000536],[-71.9023035980249,41.0411040187221],[-71.9022340003743,41.0412049712411],[-71.9019756313919,41.0417347250984],[-71.901897640367,41.0418568404682],[-71.9018125779698,41.0419639776266],[-71.9016672384954,41.0421146491772],[-71.9014852363473,41.0422680375813],[-71.9012857684591,41.0424014448449],[-71.9010673779291,41.0425269398721],[-71.9008423090312,41.0426478312691],[-71.9004579296815,41.0428339514114],[-71.9000438834848,41.0429887103901],[-71.8997939078519,41.0430586668752],[-71.8994567357237,41.0431292133185],[-71.899013186353,41.0431868922629],[-71.8988452379065,41.043187402184],[-71.8985486665789,41.0431540706141],[-71.8984277409997,41.043159217439],[-71.8981790217193,41.0432156822921],[-71.8978629036287,41.0433258906434],[-71.8973477052566,41.0435476725133],[-71.8971488399127,41.0436522897745],[-71.8968995162928,41.0437999863704],[-71.8961811232485,41.0442946217098],[-71.8958174984653,41.044580063897],[-71.8955944152731,41.0447364929109],[-71.8953724193605,41.0448721916482],[-71.8949292378227,41.0451116496941],[-71.8946602963841,41.0452360961132],[-71.8942673743689,41.0453746888749],[-71.8940997379892,41.0454104486299],[-71.8937931805884,41.0454152186448],[-71.8935084911081,41.0453921609316],[-71.8931279122834,41.0453804814462],[-71.8930051781673,41.0453906608784],[-71.8928282086205,41.0454265240557],[-71.8926562968648,41.0455038172089],[-71.8921403466632,41.0457970682158],[-71.8916760355475,41.046041736036],[-71.8915916917049,41.0460794796931],[-71.8914320916707,41.046134322166],[-71.8913292073994,41.0461814907205],[-71.8903839620936,41.0466677120086],[-71.89009140625,41.0468084073824],[-71.8899019981781,41.0468828604767],[-71.8895309620704,41.047007342872],[-71.8890412936546,41.0471208688286],[-71.8886173135388,41.047193740922],[-71.8884845420877,41.0472328884225],[-71.8880532181111,41.0474019619136],[-71.8879548700214,41.0474474550307],[-71.8878320486745,41.0475182757604],[-71.8875123575822,41.0477336157789],[-71.8872139930159,41.0478816010589],[-71.887040959805,41.0479532410727],[-71.8867526856326,41.0480508139458],[-71.8857523505255,41.0483083591782],[-71.8853706943206,41.0484363219509],[-71.8849225269327,41.0485492975209],[-71.8846579705873,41.0486288084058],[-71.8845008949512,41.0486898723897],[-71.8836551875349,41.0490650858359],[-71.8834200615129,41.0491440319455],[-71.8831927541974,41.0491908785467],[-71.882990587437,41.0492193564907],[-71.8828075744428,41.0492338724567],[-71.8822993664918,41.0492525388051],[-71.8821268701733,41.0492726422596],[-71.8818930949312,41.0493115802214],[-71.8811074676317,41.0494879661129],[-71.8806753414568,41.0496092559163],[-71.8800981581861,41.0497285087596],[-71.8798150982842,41.0498196676665],[-71.8796143371658,41.0498705405325],[-71.8790783131847,41.0500657816056],[-71.8787175985983,41.0501686110194],[-71.8781663230087,41.0503458116893],[-71.8775150184979,41.0506003351877],[-71.8774098319604,41.0506304849686],[-71.877165817934,41.0506780303437],[-71.876968751232,41.0507337145834],[-71.8764501974858,41.0509136150175],[-71.8760195659868,41.0510741926115],[-71.875906320623,41.0511243190372],[-71.8747759875898,41.0516846417843],[-71.8744130202067,41.0518903059964],[-71.8743246087308,41.051956186748],[-71.8739109834282,41.0523131556304],[-71.8738572408289,41.0523879864355],[-71.8738098429513,41.0525101072003],[-71.8737623083742,41.0525866709993],[-71.8737171650992,41.0527369036773],[-71.8736291700167,41.0529312607022],[-71.8735727258608,41.0531424575347],[-71.8734318542331,41.0535305798294],[-71.8734134810853,41.0536653666474],[-71.8734259268247,41.0539784099207],[-71.8734130134681,41.0542054060446],[-71.8733809382485,41.0543977845589],[-71.8733096480824,41.0546624326082],[-71.8732099771038,41.0549594517617],[-71.8731481397077,41.0550983322959],[-71.8730393999553,41.0552650153781],[-71.87291173936,41.0554284743906],[-71.8728122167586,41.0555305033993],[-71.8726305284745,41.0556897661762],[-71.8722423405005,41.0559793542396],[-71.8719028292509,41.0563318355017],[-71.8715041084172,41.0566859724179],[-71.8710392936932,41.0571465342287],[-71.8706207068314,41.0575420588535],[-71.8704331909383,41.0576978556427],[-71.8702789697544,41.0578119166851],[-71.869996730039,41.0579842682009],[-71.8697852975645,41.058083285383],[-71.8696548436678,41.0581352509232],[-71.869417744532,41.0582035184808],[-71.8691232506439,41.0582592279046],[-71.8689403248851,41.058293832031],[-71.8687945627234,41.058342019519],[-71.8683966332864,41.058570552597],[-71.8680372919682,41.0587257009805],[-71.8678725055437,41.058810751687],[-71.8676731374796,41.0589316071103],[-71.8675255344088,41.0590473912539],[-71.867441915423,41.0591376616239],[-71.8672610823985,41.05937198633],[-71.8669372823106,41.059732316876],[-71.8668189054195,41.0598897441342],[-71.8666554922695,41.060137566767],[-71.8664254159651,41.060620073831],[-71.8662773398634,41.0609588862885],[-71.866247807923,41.06107480083],[-71.866195687716,41.0614133992457],[-71.8661622599113,41.0615287121408],[-71.8661275424756,41.0615966046744],[-71.8660372046549,41.0617297304466],[-71.8659246634651,41.0618629029842],[-71.8656447350124,41.062110519676],[-71.8653783368614,41.0623060161479],[-71.8651446146881,41.0625033094646],[-71.8648435485607,41.0627057936713],[-71.8644935512041,41.0629072031895],[-71.8643604326161,41.0629732314314],[-71.8642563522455,41.0630113959719],[-71.8637713657035,41.0631538315404],[-71.8635161308361,41.0632706517067],[-71.8630526075295,41.063565103307],[-71.8628389735168,41.0637161237968],[-71.8626182033802,41.0638488403815],[-71.8623252410457,41.0640396594794],[-71.8617944763133,41.0644420953992],[-71.8610208433046,41.0651321975259],[-71.8608138507904,41.06533648577],[-71.8605602625921,41.0656288626272],[-71.8603676745261,41.0658751905874],[-71.8601880834677,41.0661432713531],[-71.8600884403632,41.0663527531795],[-71.8599085129617,41.0666826200799],[-71.8598276072391,41.0669095667432],[-71.8596943519792,41.0674221219583],[-71.8594813007467,41.0679177393412],[-71.8591962398758,41.0684195998213],[-71.8590317160666,41.0687372134558],[-71.8589563195869,41.0688627624378],[-71.8587966539122,41.0690952174523],[-71.8586613023122,41.0692564893135],[-71.8585185708721,41.0694005526442],[-71.8584030745072,41.0694994412202],[-71.85826545841,41.0695966075948],[-71.8580304987662,41.0697392185231],[-71.8576891690777,41.069930493579],[-71.8574600325468,41.0700863146512],[-71.8573410917757,41.07015778649],[-71.8572208191073,41.0702106243724],[-71.857009803916,41.0702693177447],[-71.8567620226326,41.0703937479754],[-71.8566494841374,41.0704670975988],[-71.8563823611346,41.070700150666],[-71.8562953148314,41.0707918068918],[-71.8562467658192,41.0708775968374],[-71.8562246874631,41.0710069967154],[-71.8562263062497,41.0711208868816],[-71.8562455553519,41.0712437783633],[-71.8562694278676,41.0713192737652],[-71.8563129424817,41.0713793107167],[-71.8563614537301,41.0714310559171],[-71.8564454702253,41.0714988711052],[-71.856599973808,41.0715901738895],[-71.856700006335,41.071662529755],[-71.8568005343896,41.0717523054919],[-71.857019749618,41.07198002916],[-71.8572315220513,41.0721442471896],[-71.8573080319054,41.0722556723112],[-71.8574457208725,41.0725976117028],[-71.8575366243829,41.0727493930092],[-71.8576164059702,41.0728347431822],[-71.8579112101419,41.0730877189165],[-71.858047877465,41.0731846874314],[-71.8585178237608,41.0734053118418],[-71.8587115800646,41.0734799420902],[-71.859170132841,41.0736167748508],[-71.8594491916671,41.0736896001567],[-71.8597864555343,41.0737650191061],[-71.8599460375886,41.0738267611687],[-71.8601019045431,41.0739036280327],[-71.8602904429811,41.0740204086144],[-71.8604531861577,41.0741574877989],[-71.8605679378964,41.0742844235296],[-71.8607487691498,41.0745390117523],[-71.8609660940019,41.0747523885331],[-71.8611272103031,41.0748684361682],[-71.8613614073362,41.0749864083504],[-71.8615942266052,41.0750627706921],[-71.8619407130237,41.0751495777584],[-71.8623179050045,41.0752340528812],[-71.8625336731211,41.0752947130575],[-71.8631776976455,41.0755343122618],[-71.8635188663744,41.0756838290668],[-71.8636962343264,41.0757412049196],[-71.8640002511455,41.0758057627555],[-71.8644501902079,41.0758625576373],[-71.8647671141004,41.0759122703609],[-71.8652031622292,41.0759532182862],[-71.8655700605643,41.0759960799715],[-71.8658694260859,41.0760200693821],[-71.8660756218121,41.0760195738489],[-71.8662806376259,41.0759932713653],[-71.8675960970755,41.0756781218365],[-71.8677546296155,41.0756504928541],[-71.8680709059911,41.0756143994458],[-71.8682695456083,41.0755666409327],[-71.8683779634102,41.0755224932014],[-71.868486963972,41.0754607664185],[-71.8688054742523,41.0752136992113],[-71.8689588644635,41.0751182937092],[-71.8691368700273,41.0750414214385],[-71.8694691669272,41.074938690951],[-71.8698135902905,41.0748533650461],[-71.8699837240886,41.0748230731702],[-71.8702226056842,41.0748075310758],[-71.8704959403197,41.0748108081971],[-71.8713604579878,41.0748896445539],[-71.871779267008,41.0749544766794],[-71.872068357774,41.0750128723599],[-71.8722594502835,41.07506065784],[-71.8723064173932,41.0750724020874],[-71.872560162994,41.0751561352734],[-71.8728621104753,41.0752704373194],[-71.8730705041485,41.0753274345565],[-71.8735663985832,41.0753985736263],[-71.8739996579159,41.0754841567123],[-71.8745274072441,41.0755006358756],[-71.874829586746,41.0755358946929],[-71.875193514622,41.0756250858618],[-71.8756387250543,41.0757992917565],[-71.8758017362237,41.0758457921061],[-71.8761224075924,41.0758962521663],[-71.8768902750901,41.0759969096806],[-71.8770870953832,41.0760363332625],[-71.8772288043041,41.0760761507493],[-71.8773345960894,41.0761152298937],[-71.8778712487208,41.0763454033053],[-71.8780517103432,41.0764324684824],[-71.8784354062299,41.0766358627811],[-71.8787687112835,41.0767700713235],[-71.8790207499703,41.0768497674521],[-71.879345571713,41.0769257628673],[-71.8794561559859,41.076942981287],[-71.8795811941668,41.0769495076643],[-71.8800289181937,41.0769239066442],[-71.8804236388618,41.0769305364349],[-71.8805745388546,41.0769260200338],[-71.8808747758169,41.076902282414],[-71.8811104504274,41.0768560815259],[-71.8816673332934,41.0767092446721],[-71.881942628446,41.0766125243569],[-71.8822251685401,41.0765311491764],[-71.8824096726079,41.0764668485309],[-71.8825904166086,41.0763953380193],[-71.8828069266563,41.0762818183668],[-71.8832191867966,41.0760866213645],[-71.883775885298,41.0758772807169],[-71.8840304447766,41.075800713314],[-71.8842206730322,41.0757583084664],[-71.8843782037276,41.0757362723689],[-71.8848586037328,41.0757192050163],[-71.8850854065297,41.0756957722691],[-71.8854428763623,41.0756130112307],[-71.885693805279,41.0755808667485],[-71.8859507056967,41.0755602165033],[-71.8861192539899,41.0755360651996],[-71.886399686973,41.0754765957099],[-71.8865754802058,41.0754329390063],[-71.886845789517,41.0753658099897],[-71.8870089050037,41.0753379552772],[-71.8871944046237,41.075317142257],[-71.8875329428258,41.0753056156331],[-71.888127542381,41.0753304414039],[-71.8884431460658,41.0753356547646],[-71.8889973219786,41.0753131887782],[-71.8895781259276,41.0753085383643],[-71.8900658841868,41.0752664419746],[-71.890300570445,41.0752737651479],[-71.8906082978665,41.0753097713018],[-71.8917082419403,41.0754901258413],[-71.8920570854795,41.0755224204911],[-71.8922882733754,41.0755567961762],[-71.8925996088794,41.075616350183],[-71.8931917838692,41.0757752298236],[-71.8934751045852,41.0758725355795],[-71.8936306252998,41.0759337659281],[-71.8941034188505,41.0761627504377],[-71.8946267282397,41.0764519850379],[-71.8950886543797,41.0766873151655],[-71.8955062115524,41.0769142339338],[-71.8964168905614,41.0774315402344],[-71.89670219069,41.0776009275657],[-71.8970878498002,41.0778554546279],[-71.8973683880203,41.078084478714],[-71.8975591208086,41.0782686509057],[-71.8981633719278,41.0789409985686],[-71.8984769746381,41.0792614549453],[-71.8987892364619,41.0796363419001],[-71.8989617759621,41.079869190807],[-71.8990702432366,41.079999869517],[-71.8991603994065,41.0800867935034],[-71.8995649946533,41.0804376757466],[-71.8997179199293,41.0805978135531],[-71.8998461875846,41.0807475012363],[-71.9003162436224,41.0814030990271],[-71.9005095736619,41.0817336323132],[-71.9007997787183,41.0823262056085],[-71.9009596485785,41.0827906830481],[-71.9011696952351,41.0833603928772],[-71.9012387281263,41.0835253528522],[-71.9013304841962,41.0837109019095],[-71.9016788385402,41.0843825903775],[-71.9017678040149,41.0846039441505],[-71.9019872153177,41.0852213009699],[-71.9020509278166,41.0853613227399],[-71.9020989723182,41.0854389324474],[-71.902152970333,41.0855052556609],[-71.9022122006045,41.0855587671299],[-71.9022819376585,41.0856044041331],[-71.9023622957087,41.0856420470607],[-71.902456515913,41.0856716590405],[-71.9025495984739,41.0856898838024],[-71.9026595577174,41.0857003123393],[-71.903014763061,41.0857008914913],[-71.9032197941642,41.0856908505521],[-71.9036502871742,41.0856483692544],[-71.9039686679631,41.0855968767516],[-71.904153981422,41.0855513206791],[-71.9046437154859,41.0853948403952],[-71.9053418153404,41.085230808496],[-71.9055642681128,41.085167199428],[-71.9058362105921,41.0850774335716],[-71.9063144675024,41.0848874013747],[-71.9067397498309,41.0847065521586],[-71.9072553034384,41.0845380389426],[-71.9074311497299,41.0844709468012],[-71.9076136060398,41.0843907110653],[-71.9103069513579,41.0830358235945],[-71.911399869883,41.0824609866873],[-71.911690160334,41.0823254831007],[-71.9123037589568,41.0820642407672],[-71.9127944004325,41.0818293890482],[-71.91303766532,41.0817227204316],[-71.9135068327795,41.0815332260296],[-71.9138892938774,41.0813956189254],[-71.9143761204304,41.0812071857231],[-71.9150226477421,41.0809738259747],[-71.915500368658,41.0808152520691],[-71.915911679118,41.0806919288988],[-71.9162629166462,41.0806001413634],[-71.916634649731,41.0805169054824],[-71.9179466602826,41.0802607811691],[-71.9184826509945,41.0801684630277],[-71.9187888342751,41.0801262488327],[-71.9193525807739,41.0800623348834],[-71.9202659873936,41.0799782248437],[-71.9211680004999,41.0799169593875],[-71.9222296864895,41.0798716559962],[-71.9232352017059,41.0798393379203],[-71.9249738651765,41.0798132557209],[-71.9258468733408,41.0797878777189],[-71.9264599386779,41.0797478048001],[-71.9270026248465,41.0796889126669],[-71.9274719155203,41.0796272461269],[-71.9282148717763,41.0794991547394],[-71.9292222287948,41.0792881593244],[-71.9305250752492,41.0789879313502],[-71.9316606603433,41.0787559313612],[-71.9328888252768,41.0785376703147],[-71.9332100146498,41.0784917823879],[-71.9335892984472,41.0784492615216],[-71.9340718388381,41.0784078270333],[-71.9346469734577,41.0783799462271],[-71.9351149520235,41.0783744081857],[-71.935718194965,41.0783879960256],[-71.9360005399118,41.0784055256053],[-71.9362496854755,41.0784311095158],[-71.93669093079,41.0785061174714],[-71.9368736227296,41.0785531412259],[-71.9369958658203,41.0786248342902]]},"properties":{"FID":128509,"SOURCE_ID":"GC11176","SRC_DATE":"20140603","HOR_ACC":"1.4","INFORM":" ","ATTRIBUTE":"Natural.Mean High Water","VER_DATE":" ","SRC_RESOLU":0,"DATA_SOURC":"Lidar","EX_METH":"Derived","EXT_METH":"Derived","DAT_SET_CR":"NOAA","SRC_CITA":" ","FIPS_ALPHA":"NY","NOAA_Regio":"North Atlantic","Shape_Leng":0.177214451061,"Shape__Length":0.17721445106136205}},{"type":"Feature","id":128510,"geometry":{"type":"LineString","coordinates":[[-71.9395070497441,41.0762567272421],[-71.9391889054817,41.076390286495],[-71.9386998890813,41.0766218898621],[-71.938554881453,41.0767044737271],[-71.9384590622592,41.0767738906139],[-71.9384229086039,41.076811097374],[-71.9384107030034,41.0768505011776]]},"properties":{"FID":128510,"SOURCE_ID":"GC11176","SRC_DATE":"20140603","HOR_ACC":"1.4","INFORM":" ","ATTRIBUTE":"Natural.Mean High Water","VER_DATE":" ","SRC_RESOLU":0,"DATA_SOURC":"Lidar","EX_METH":"Derived","EXT_METH":"Derived","DAT_SET_CR":"NOAA","SRC_CITA":" ","FIPS_ALPHA":"NY","NOAA_Regio":"North Atlantic","Shape_Leng":0.00126445700888,"Shape__Length":0.0012644570088840546}},{"type":"Feature","id":128515,"geometry":{"type":"LineString","coordinates":[[-71.9383599227682,41.0768590429417],[-71.9384411190038,41.077197125142],[-71.93851516652,41.0774246752456],[-71.9385733454926,41.0776371140384],[-71.9388581384511,41.0786507688841],[-71.9388645119504,41.0786850222687],[-71.9389196305339,41.0789812491144],[-71.9389640822395,41.0790005404739],[-71.9389960657385,41.0789899536517],[-71.9390129756942,41.0789513232651],[-71.9389284285874,41.0786811992478],[-71.9389233168383,41.0786648657578],[-71.9386700784124,41.0778238852743],[-71.9386383970766,41.0776742659366],[-71.9385314433472,41.0772880708975],[-71.9384968589986,41.0771318892056],[-71.9384365504336,41.0769721201181],[-71.9384107030034,41.0768505011776]]},"properties":{"FID":128515,"SOURCE_ID":"GC11176","SRC_DATE":"20140607","HOR_ACC":"0.6","INFORM":" ","ATTRIBUTE":"Jetty.Bare","VER_DATE":" ","SRC_RESOLU":0,"DATA_SOURC":"Lidar","EX_METH":"Derived","EXT_METH":"Derived","DAT_SET_CR":"NOAA","SRC_CITA":" ","FIPS_ALPHA":"NY","NOAA_Regio":"North Atlantic","Shape_Leng":0.00450780589648,"Shape__Length":0.0045078058964807786}},{"type":"Feature","id":128516,"geometry":{"type":"LineString","coordinates":[[-71.9370406214957,41.0786235410633],[-71.9370578920834,41.0786522006633],[-71.9370923909909,41.0787094551122],[-71.9372277201495,41.0792873415813],[-71.937280459118,41.0794400608822],[-71.9372926215557,41.0794832778111],[-71.937259897016,41.0795098096164],[-71.9372281131663,41.0795161138662],[-71.9372038350594,41.0794964043211],[-71.9371948175519,41.0794532719283],[-71.9371375334043,41.0792289431964],[-71.9370062709822,41.0786692050496],[-71.9369958658203,41.0786248342902]]},"properties":{"FID":128516,"SOURCE_ID":"GC11176","SRC_DATE":"20140607","HOR_ACC":"0.6","INFORM":" ","ATTRIBUTE":"Jetty.Bare","VER_DATE":" ","SRC_RESOLU":0,"DATA_SOURC":"Lidar","EX_METH":"Derived","EXT_METH":"Derived","DAT_SET_CR":"NOAA","SRC_CITA":" ","FIPS_ALPHA":"NY","NOAA_Regio":"North Atlantic","Shape_Leng":0.00190218398835,"Shape__Length":0.0019021839883495125}},{"type":"Feature","id":171901,"geometry":{"type":"LineString","coordinates":[[-71.9120852135239,41.0623731373524],[-71.9121187600468,41.0623926193687]]},"properties":{"FID":171901,"SOURCE_ID":"GC11249","SRC_DATE":"20140428","HOR_ACC":"0.6","INFORM":" ","ATTRIBUTE":"Natural.Mean High Water","VER_DATE":" ","SRC_RESOLU":0,"DATA_SOURC":"Aerial Photography","EX_METH":"Stereo","EXT_METH":"Stereo","DAT_SET_CR":"NOAA","SRC_CITA":" ","FIPS_ALPHA":"NY","NOAA_Regio":"North Atlantic","Shape_Leng":3.8793262917E-05,"Shape__Length":3.87932629172969E-05}},{"type":"Feature","id":171902,"geometry":{"type":"LineString","coordinates":[[-71.9145093289121,41.0645334837205],[-71.9145672776501,41.0646007080548],[-71.9145842316762,41.0646257919496]]},"properties":{"FID":171902,"SOURCE_ID":"GC11249","SRC_DATE":"20140428","HOR_ACC":"0.6","INFORM":" ","ATTRIBUTE":"Natural.Mean High Water","VER_DATE":" ","SRC_RESOLU":0,"DATA_SOURC":"Aerial Photography","EX_METH":"Stereo","EXT_METH":"Stereo","DAT_SET_CR":"NOAA","SRC_CITA":" ","FIPS_ALPHA":"NY","NOAA_Regio":"North Atlantic","Shape_Leng":0.000119029452796,"Shape__Length":0.00011902945279558564}},{"type":"Feature","id":171903,"geometry":{"type":"LineString","coordinates":[[-71.9150426019362,41.0655805016141],[-71.9150880357102,41.0657484527356],[-71.9151067919829,41.0658552724299]]},"properties":{"FID":171903,"SOURCE_ID":"GC11249","SRC_DATE":"20140428","HOR_ACC":"0.6","INFORM":" ","ATTRIBUTE":"Natural.Mean High Water","VER_DATE":" ","SRC_RESOLU":0,"DATA_SOURC":"Aerial Photography","EX_METH":"Stereo","EXT_METH":"Stereo","DAT_SET_CR":"NOAA","SRC_CITA":" ","FIPS_ALPHA":"NY","NOAA_Regio":"North Atlantic","Shape_Leng":0.000282441775609,"Shape__Length":0.00028244177560908317}},{"type":"Feature","id":171904,"geometry":{"type":"LineString","coordinates":[[-71.9151335944893,41.0659045786692],[-71.9151838612151,41.0659591612312],[-71.9152051859479,41.0659868909319],[-71.9152479235505,41.0661021786435]]},"properties":{"FID":171904,"SOURCE_ID":"GC11249","SRC_DATE":"20140428","HOR_ACC":"0.6","INFORM":" ","ATTRIBUTE":"Natural.Mean High Water","VER_DATE":" ","SRC_RESOLU":0,"DATA_SOURC":"Aerial Photography","EX_METH":"Stereo","EXT_METH":"Stereo","DAT_SET_CR":"NOAA","SRC_CITA":" ","FIPS_ALPHA":"NY","NOAA_Regio":"North Atlantic","Shape_Leng":0.000232137811038,"Shape__Length":0.00023213781103796334}},{"type":"Feature","id":171905,"geometry":{"type":"LineString","coordinates":[[-71.9151311375922,41.0668178673656],[-71.9151613323442,41.0668974483881],[-71.9151843657908,41.0669504211642]]},"properties":{"FID":171905,"SOURCE_ID":"GC11249","SRC_DATE":"20140428","HOR_ACC":"0.6","INFORM":" ","ATTRIBUTE":"Natural.Mean High Water","VER_DATE":" ","SRC_RESOLU":0,"DATA_SOURC":"Aerial Photography","EX_METH":"Stereo","EXT_METH":"Stereo","DAT_SET_CR":"NOAA","SRC_CITA":" ","FIPS_ALPHA":"NY","NOAA_Regio":"North Atlantic","Shape_Leng":0.000142880507889,"Shape__Length":0.00014288050788880267}},{"type":"Feature","id":171906,"geometry":{"type":"LineString","coordinates":[[-71.9390467257212,41.0676105453865],[-71.939084605176,41.0675762704167]]},"properties":{"FID":171906,"SOURCE_ID":"GC11249","SRC_DATE":"20140428","HOR_ACC":"0.6","INFORM":" ","ATTRIBUTE":"Natural.Mean High Water","VER_DATE":" ","SRC_RESOLU":0,"DATA_SOURC":"Aerial Photography","EX_METH":"Stereo","EXT_METH":"Stereo","DAT_SET_CR":"NOAA","SRC_CITA":" ","FIPS_ALPHA":"NY","NOAA_Regio":"North Atlantic","Shape_Leng":5.1084492051E-05,"Shape__Length":5.1084492050955042E-05}},{"type":"Feature","id":171907,"geometry":{"type":"LineString","coordinates":[[-71.9347283687183,41.0676660031304],[-71.9347202334503,41.0676978877007]]},"properties":{"FID":171907,"SOURCE_ID":"GC11249","SRC_DATE":"20140428","HOR_ACC":"0.6","INFORM":" ","ATTRIBUTE":"Natural.Mean High Water","VER_DATE":" ","SRC_RESOLU":0,"DATA_SOURC":"Aerial Photography","EX_METH":"Stereo","EXT_METH":"Stereo","DAT_SET_CR":"NOAA","SRC_CITA":" ","FIPS_ALPHA":"NY","NOAA_Regio":"North Atlantic","Shape_Leng":3.2906047826E-05,"Shape__Length":3.2906047825898061E-05}},{"type":"Feature","id":171940,"geometry":{"type":"LineString","coordinates":[[-71.9124745392492,41.0480639036494],[-71.9123054909344,41.0481155598239],[-71.9121703596631,41.0481833750192]]},"properties":{"FID":171940,"SOURCE_ID":"GC11249","SRC_DATE":"20140428","HOR_ACC":"0.6","INFORM":" ","ATTRIBUTE":"Natural.Mean High Water","VER_DATE":" ","SRC_RESOLU":0,"DATA_SOURC":"Aerial Photography","EX_METH":"Stereo","EXT_METH":"Stereo","DAT_SET_CR":"NOAA","SRC_CITA":" ","FIPS_ALPHA":"NY","NOAA_Regio":"North Atlantic","Shape_Leng":0.000327957540848,"Shape__Length":0.00032795754084821911}},{"type":"Feature","id":171941,"geometry":{"type":"LineString","coordinates":[[-71.9077962341015,41.0521034325941],[-71.9078767909016,41.0521347487899],[-71.9078969869841,41.0521481289053]]},"properties":{"FID":171941,"SOURCE_ID":"GC11249","SRC_DATE":"20140428","HOR_ACC":"0.6","INFORM":" ","ATTRIBUTE":"Natural.Mean High Water","VER_DATE":" ","SRC_RESOLU":0,"DATA_SOURC":"Aerial Photography","EX_METH":"Stereo","EXT_METH":"Stereo","DAT_SET_CR":"NOAA","SRC_CITA":" ","FIPS_ALPHA":"NY","NOAA_Regio":"North Atlantic","Shape_Leng":0.000110655928073,"Shape__Length":0.00011065592807342629}},{"type":"Feature","id":171942,"geometry":{"type":"LineString","coordinates":[[-71.908192369415,41.0523114494086],[-71.9081191366977,41.0523110267295]]},"properties":{"FID":171942,"SOURCE_ID":"GC11249","SRC_DATE":"20140428","HOR_ACC":"0.6","INFORM":" ","ATTRIBUTE":"Natural.Mean High Water","VER_DATE":" ","SRC_RESOLU":0,"DATA_SOURC":"Aerial Photography","EX_METH":"Stereo","EXT_METH":"Stereo","DAT_SET_CR":"NOAA","SRC_CITA":" ","FIPS_ALPHA":"NY","NOAA_Regio":"North Atlantic","Shape_Leng":7.3233913321E-05,"Shape__Length":7.323391332086888E-05}},{"type":"Feature","id":171943,"geometry":{"type":"LineString","coordinates":[[-71.907541962536,41.0544841588587],[-71.9075344639945,41.0546278498657],[-71.9075166511196,41.0546753079993]]},"properties":{"FID":171943,"SOURCE_ID":"GC11249","SRC_DATE":"20140428","HOR_ACC":"0.6","INFORM":" ","ATTRIBUTE":"Natural.Mean High Water","VER_DATE":" ","SRC_RESOLU":0,"DATA_SOURC":"Aerial Photography","EX_METH":"Stereo","EXT_METH":"Stereo","DAT_SET_CR":"NOAA","SRC_CITA":" ","FIPS_ALPHA":"NY","NOAA_Regio":"North Atlantic","Shape_Leng":0.000194577447248,"Shape__Length":0.00019457744724762647}},{"type":"Feature","id":171944,"geometry":{"type":"LineString","coordinates":[[-71.9303814036982,41.0575621702645],[-71.930332911338,41.0575534423439],[-71.9302581740578,41.0576129271154]]},"properties":{"FID":171944,"SOURCE_ID":"GC11249","SRC_DATE":"20140428","HOR_ACC":"0.6","INFORM":" ","ATTRIBUTE":"Natural.Mean High Water","VER_DATE":" ","SRC_RESOLU":0,"DATA_SOURC":"Aerial Photography","EX_METH":"Stereo","EXT_METH":"Stereo","DAT_SET_CR":"NOAA","SRC_CITA":" ","FIPS_ALPHA":"NY","NOAA_Regio":"North Atlantic","Shape_Leng":0.000144791658716,"Shape__Length":0.00014479165871613404}},{"type":"Feature","id":171945,"geometry":{"type":"LineString","coordinates":[[-71.9286057825723,41.0575187762261],[-71.9284423900889,41.0574485742394]]},"properties":{"FID":171945,"SOURCE_ID":"GC11249","SRC_DATE":"20140428","HOR_ACC":"0.6","INFORM":" ","ATTRIBUTE":"Natural.Mean High Water","VER_DATE":" ","SRC_RESOLU":0,"DATA_SOURC":"Aerial Photography","EX_METH":"Stereo","EXT_METH":"Stereo","DAT_SET_CR":"NOAA","SRC_CITA":" ","FIPS_ALPHA":"NY","NOAA_Regio":"North Atlantic","Shape_Leng":0.000177835325006,"Shape__Length":0.00017783532500616664}},{"type":"Feature","id":171946,"geometry":{"type":"LineString","coordinates":[[-71.9318751998007,41.0596262927821],[-71.9318209005165,41.059624289094]]},"properties":{"FID":171946,"SOURCE_ID":"GC11249","SRC_DATE":"20140428","HOR_ACC":"0.6","INFORM":" ","ATTRIBUTE":"Natural.Mean High Water","VER_DATE":" ","SRC_RESOLU":0,"DATA_SOURC":"Aerial Photography","EX_METH":"Stereo","EXT_METH":"Stereo","DAT_SET_CR":"NOAA","SRC_CITA":" ","FIPS_ALPHA":"NY","NOAA_Regio":"North Atlantic","Shape_Leng":5.4336222836E-05,"Shape__Length":5.4336222835731126E-05}},{"type":"Feature","id":171947,"geometry":{"type":"LineString","coordinates":[[-71.9327758172001,41.0602984488799],[-71.9326536946183,41.060220974073],[-71.9326065845158,41.0602008445453]]},"properties":{"FID":171947,"SOURCE_ID":"GC11249","SRC_DATE":"20140428","HOR_ACC":"0.6","INFORM":" ","ATTRIBUTE":"Natural.Mean High Water","VER_DATE":" ","SRC_RESOLU":0,"DATA_SOURC":"Aerial Photography","EX_METH":"Stereo","EXT_METH":"Stereo","DAT_SET_CR":"NOAA","SRC_CITA":" ","FIPS_ALPHA":"NY","NOAA_Regio":"North Atlantic","Shape_Leng":0.000195854982458,"Shape__Length":0.00019585498245782126}},{"type":"Feature","id":171948,"geometry":{"type":"LineString","coordinates":[[-71.90750233959,41.0597459609824],[-71.9074582835994,41.0599613684411],[-71.9074815553713,41.0600989413581],[-71.9075933456457,41.060299811268]]},"properties":{"FID":171948,"SOURCE_ID":"GC11249","SRC_DATE":"20140428","HOR_ACC":"0.6","INFORM":" ","ATTRIBUTE":"Natural.Mean High Water","VER_DATE":" ","SRC_RESOLU":0,"DATA_SOURC":"Aerial Photography","EX_METH":"Stereo","EXT_METH":"Stereo","DAT_SET_CR":"NOAA","SRC_CITA":" ","FIPS_ALPHA":"NY","NOAA_Regio":"North Atlantic","Shape_Leng":0.000589275901499,"Shape__Length":0.00058927590149914107}},{"type":"Feature","id":171949,"geometry":{"type":"LineString","coordinates":[[-71.9328766609211,41.060465558234],[-71.9328576159695,41.0604220409317],[-71.9328290876631,41.0603643458147]]},"properties":{"FID":171949,"SOURCE_ID":"GC11249","SRC_DATE":"20140428","HOR_ACC":"0.6","INFORM":" ","ATTRIBUTE":"Natural.Mean High Water","VER_DATE":" ","SRC_RESOLU":0,"DATA_SOURC":"Aerial Photography","EX_METH":"Stereo","EXT_METH":"Stereo","DAT_SET_CR":"NOAA","SRC_CITA":" ","FIPS_ALPHA":"NY","NOAA_Regio":"North Atlantic","Shape_Leng":0.000111865207135,"Shape__Length":0.00011186520713531872}},{"type":"Feature","id":171950,"geometry":{"type":"LineString","coordinates":[[-71.9117397739113,41.062190046151],[-71.9117765094305,41.0621964106532],[-71.9118065405019,41.0622069875809]]},"properties":{"FID":171950,"SOURCE_ID":"GC11249","SRC_DATE":"20140428","HOR_ACC":"0.6","INFORM":" ","ATTRIBUTE":"Natural.Mean High Water","VER_DATE":" ","SRC_RESOLU":0,"DATA_SOURC":"Aerial Photography","EX_METH":"Stereo","EXT_METH":"Stereo","DAT_SET_CR":"NOAA","SRC_CITA":" ","FIPS_ALPHA":"NY","NOAA_Regio":"North Atlantic","Shape_Leng":6.9121983442E-05,"Shape__Length":6.9121983441811227E-05}},{"type":"Feature","id":172294,"geometry":{"type":"LineString","coordinates":[[-71.9436509813144,41.0750220260454],[-71.9435895027418,41.0750533602323],[-71.9431268517691,41.0751900913993],[-71.9425219945543,41.0753585785378],[-71.9424509552853,41.0753781747714]]},"properties":{"FID":172294,"SOURCE_ID":"GC11249","SRC_DATE":"20140607","HOR_ACC":"0.6","INFORM":" ","ATTRIBUTE":"Man-made.Rip Rap","VER_DATE":" ","SRC_RESOLU":0,"DATA_SOURC":"Aerial Photography","EX_METH":"Stereo","EXT_METH":"Stereo","DAT_SET_CR":"NOAA","SRC_CITA":" ","FIPS_ALPHA":"NY","NOAA_Regio":"North Atlantic","Shape_Leng":0.00125301358391,"Shape__Length":0.0012530135839077462}},{"type":"Feature","id":172295,"geometry":{"type":"LineString","coordinates":[[-71.9082186835839,41.0522652548225],[-71.908206526546,41.0522888044746],[-71.908192369415,41.0523114494086]]},"properties":{"FID":172295,"SOURCE_ID":"GC11249","SRC_DATE":"20140428","HOR_ACC":"0.6","INFORM":" ","ATTRIBUTE":"Man-made.Rip Rap","VER_DATE":" ","SRC_RESOLU":0,"DATA_SOURC":"Aerial Photography","EX_METH":"Stereo","EXT_METH":"Stereo","DAT_SET_CR":"NOAA","SRC_CITA":" ","FIPS_ALPHA":"NY","NOAA_Regio":"North Atlantic","Shape_Leng":5.3208565529E-05,"Shape__Length":5.32085655293606E-05}},{"type":"Feature","id":172296,"geometry":{"type":"LineString","coordinates":[[-71.9318679491172,41.0694084742028],[-71.9318647070586,41.0693805925161]]},"properties":{"FID":172296,"SOURCE_ID":"GC11249","SRC_DATE":"20140428","HOR_ACC":"0.6","INFORM":" ","ATTRIBUTE":"Man-made.Rip Rap","VER_DATE":" ","SRC_RESOLU":0,"DATA_SOURC":"Aerial Photography","EX_METH":"Stereo","EXT_METH":"Stereo","DAT_SET_CR":"NOAA","SRC_CITA":" ","FIPS_ALPHA":"NY","NOAA_Regio":"North Atlantic","Shape_Leng":2.8069540128E-05,"Shape__Length":2.8069540127711497E-05}},{"type":"Feature","id":172347,"geometry":{"type":"LineString","coordinates":[[-71.9702679950637,41.0407476439054],[-71.9703470437002,41.0407768439961],[-71.9703896769756,41.0407891116491]]},"properties":{"FID":172347,"SOURCE_ID":"GC11249","SRC_DATE":"20140428","HOR_ACC":"0.6","INFORM":" ","ATTRIBUTE":"Natural.Mean High Water","VER_DATE":" ","SRC_RESOLU":0,"DATA_SOURC":"Aerial Photography","EX_METH":"Stereo","EXT_METH":"Stereo","DAT_SET_CR":"NOAA","SRC_CITA":" ","FIPS_ALPHA":"NY","NOAA_Regio":"North Atlantic","Shape_Leng":0.000128632538916,"Shape__Length":0.00012863253891562369}},{"type":"Feature","id":172348,"geometry":{"type":"LineString","coordinates":[[-71.9718198198383,41.0410114231568],[-71.9718284695213,41.0410245343752],[-71.9718434198563,41.041033312659],[-71.9718975572627,41.0410399055884]]},"properties":{"FID":172348,"SOURCE_ID":"GC11249","SRC_DATE":"20140428","HOR_ACC":"0.6","INFORM":" ","ATTRIBUTE":"Natural.Mean High Water","VER_DATE":" ","SRC_RESOLU":0,"DATA_SOURC":"Aerial Photography","EX_METH":"Stereo","EXT_METH":"Stereo","DAT_SET_CR":"NOAA","SRC_CITA":" ","FIPS_ALPHA":"NY","NOAA_Regio":"North Atlantic","Shape_Leng":8.7581684535E-05,"Shape__Length":8.7581684535346146E-05}},{"type":"Feature","id":172349,"geometry":{"type":"LineString","coordinates":[[-71.9771443288937,41.0429862374578],[-71.9771709119648,41.0430249748623]]},"properties":{"FID":172349,"SOURCE_ID":"GC11249","SRC_DATE":"20140428","HOR_ACC":"0.6","INFORM":" ","ATTRIBUTE":"Natural.Mean High Water","VER_DATE":" ","SRC_RESOLU":0,"DATA_SOURC":"Aerial Photography","EX_METH":"Stereo","EXT_METH":"Stereo","DAT_SET_CR":"NOAA","SRC_CITA":" ","FIPS_ALPHA":"NY","NOAA_Regio":"North Atlantic","Shape_Leng":4.6981326983E-05,"Shape__Length":4.6981326982885527E-05}},{"type":"Feature","id":172350,"geometry":{"type":"LineString","coordinates":[[-71.9773223884276,41.0430994099591],[-71.9777052290535,41.0432107136622]]},"properties":{"FID":172350,"SOURCE_ID":"GC11249","SRC_DATE":"20140428","HOR_ACC":"0.6","INFORM":" ","ATTRIBUTE":"Natural.Mean High Water","VER_DATE":" ","SRC_RESOLU":0,"DATA_SOURC":"Aerial Photography","EX_METH":"Stereo","EXT_METH":"Stereo","DAT_SET_CR":"NOAA","SRC_CITA":" ","FIPS_ALPHA":"NY","NOAA_Regio":"North Atlantic","Shape_Leng":0.000398692058297,"Shape__Length":0.00039869205829688042}},{"type":"Feature","id":172351,"geometry":{"type":"LineString","coordinates":[[-71.9580470162883,41.0513372291196],[-71.9580290559206,41.0513151354712],[-71.9579871681816,41.0512690982686]]},"properties":{"FID":172351,"SOURCE_ID":"GC11249","SRC_DATE":"20140428","HOR_ACC":"0.6","INFORM":" ","ATTRIBUTE":"Natural.Mean High Water","VER_DATE":" ","SRC_RESOLU":0,"DATA_SOURC":"Aerial Photography","EX_METH":"Stereo","EXT_METH":"Stereo","DAT_SET_CR":"NOAA","SRC_CITA":" ","FIPS_ALPHA":"NY","NOAA_Regio":"North Atlantic","Shape_Leng":9.071436136E-05,"Shape__Length":9.071436136031923E-05}},{"type":"Feature","id":172352,"geometry":{"type":"LineString","coordinates":[[-71.9579644072638,41.0518227947739],[-71.9580441105882,41.0515200973004],[-71.9580515848526,41.0514580512614],[-71.9580499723663,41.051434990841]]},"properties":{"FID":172352,"SOURCE_ID":"GC11249","SRC_DATE":"20140428","HOR_ACC":"0.6","INFORM":" ","ATTRIBUTE":"Natural.Mean High Water","VER_DATE":" ","SRC_RESOLU":0,"DATA_SOURC":"Aerial Photography","EX_METH":"Stereo","EXT_METH":"Stereo","DAT_SET_CR":"NOAA","SRC_CITA":" ","FIPS_ALPHA":"NY","NOAA_Regio":"North Atlantic","Shape_Leng":0.00039862623757,"Shape__Length":0.00039862623756975148}},{"type":"Feature","id":172406,"geometry":{"type":"LineString","coordinates":[[-71.936497221147,41.0765928759998],[-71.9364774504474,41.0766395993872]]},"properties":{"FID":172406,"SOURCE_ID":"GC11249","SRC_DATE":"20140607","HOR_ACC":"0.6","INFORM":" ","ATTRIBUTE":"Man-made.Rip Rap","VER_DATE":" ","SRC_RESOLU":0,"DATA_SOURC":"Aerial Photography","EX_METH":"Stereo","EXT_METH":"Stereo","DAT_SET_CR":"NOAA","SRC_CITA":" ","FIPS_ALPHA":"NY","NOAA_Regio":"North Atlantic","Shape_Leng":5.0734154427E-05,"Shape__Length":5.0734154427008262E-05}},{"type":"Feature","id":172869,"geometry":{"type":"LineString","coordinates":[[-71.9067883858106,41.0798962907299],[-71.9067385813346,41.079807917934],[-71.9066808916016,41.0797426631154],[-71.9066277038773,41.0796965269878],[-71.9065376682181,41.0796369630813],[-71.9064433391941,41.079577201324],[-71.9063656386412,41.0795358109206],[-71.9063136991766,41.0794956022257],[-71.9062910353528,41.0794665190451],[-71.9062193476641,41.0793393153151],[-71.9062140911239,41.079318856634],[-71.9062124012953,41.0792861698686],[-71.9062101898603,41.0792599816055],[-71.9061958519628,41.0792345406796],[-71.906106937756,41.0791287219332],[-71.9059680634941,41.0790010460612],[-71.9059363174137,41.0789669806357],[-71.9059161770883,41.0789386654762],[-71.9059018400902,41.0789132245503],[-71.905896610529,41.0788816799242],[-71.9058944251737,41.0788444057161],[-71.9059041864145,41.0787763737884],[-71.9058927389363,41.0787041087515],[-71.9059154054521,41.0786255808337],[-71.9059271425051,41.0785759013745],[-71.9059452296724,41.0785115126007],[-71.9059509034942,41.0784622072597],[-71.9059535852697,41.0783964587113],[-71.9059519467013,41.0783416009551],[-71.9059517929148,41.0783005064262],[-71.905975476558,41.0781124590481],[-71.9059730079108,41.0779819089377],[-71.9059708234547,41.0779446338304],[-71.9059633042193,41.0779201587763],[-71.9059494870291,41.0778882202473],[-71.9059316111976,41.0778639205615],[-71.905898824602,41.0778428521409],[-71.9058279175306,41.0778135117556],[-71.9058148036118,41.0778050842075],[-71.905791879884,41.0777792502781],[-71.9057830854098,41.0777599328371],[-71.9057834244522,41.0777234266501],[-71.9057900335711,41.0777054680844],[-71.9058120750607,41.0776777833484],[-71.905858626681,41.0776453528883],[-71.9059405171732,41.0776236738241],[-71.9060162913754,41.0776245407683],[-71.9060688010087,41.07763607997],[-71.9060925062471,41.0776521679445],[-71.9061212324028,41.0776808761076],[-71.9061494387506,41.0777160836723],[-71.9061899523262,41.0777805515845],[-71.9062237011979,41.0778218835334],[-71.9062607541793,41.0778542357499],[-71.906339416109,41.0779158869836],[-71.9063936443485,41.0779490270058],[-71.9064483923959,41.0779756694248],[-71.9065349386833,41.0780142035806],[-71.9066073817967,41.078035135303],[-71.9069086044203,41.0780835152315],[-71.9071333774488,41.0780964321893],[-71.9073032972116,41.0781270505082],[-71.9074017622167,41.0781459128893],[-71.9074378547208,41.0781580033761],[-71.9074623144907,41.078175429542],[-71.9074988476642,41.0782142793615],[-71.907542875792,41.0782886901801],[-71.9075834181454,41.0783420712479],[-71.9076252339388,41.0783902947027],[-71.9076541957174,41.0784268395596],[-71.9076998120468,41.0784706716239],[-71.9077550304407,41.0785129865314],[-71.907803195449,41.0785465006717],[-71.9078438151422,41.0785666239045],[-71.9079253153318,41.078603622018],[-71.9079904208746,41.0786300854716],[-71.9080262534746,41.0786454243103],[-71.9080820177562,41.0786701556696],[-71.9081249280229,41.0786832102296],[-71.9081784547897,41.0786928374723],[-71.9082153270056,41.0786951811048],[-71.9082572480173,41.0786990598802],[-71.9083034884735,41.078692049662],[-71.9084243070317,41.0786578052665],[-71.908466514027,41.0786473488457],[-71.9085238656108,41.0786414987528],[-71.9085892841163,41.0786425410651],[-71.9086473641519,41.0786491178066],[-71.9087185338252,41.0786752062427],[-71.9087889750466,41.0786888705422],[-71.9088400025959,41.0786866447181],[-71.9088857484246,41.0786750461579],[-71.9089292306587,41.0786594303254],[-71.9090393014129,41.078576431874],[-71.9090590505302,41.078555814012],[-71.9090692506419,41.0785145432156],[-71.9090643052658,41.078468662494],[-71.9090266758142,41.0783573704709],[-71.9090252701708,41.0783103485092],[-71.909028937604,41.078253777544],[-71.909021443549,41.078218216545],[-71.9090096543304,41.0781824576951],[-71.9089724169862,41.0781200968948],[-71.9089000754937,41.0780548240902],[-71.9087966920915,41.0779789959418],[-71.9086743626656,41.0779029528559],[-71.9086340298555,41.077868494427],[-71.9086005399884,41.0778239141262],[-71.9085756377504,41.0777797286276],[-71.9085686617047,41.0777376700254],[-71.9085690268269,41.0776900769941],[-71.908582010341,41.0776463240682],[-71.9086033215801,41.0776062133971],[-71.9086420661827,41.0775636403812],[-71.9086731872309,41.0775409360913],[-71.9087177090809,41.0775123250528],[-71.9087556991519,41.0774684138454],[-71.9087780248266,41.0774263930138],[-71.908800660766,41.0773589519403],[-71.9088073229436,41.0773188214846],[-71.9088129428073,41.0772916871343],[-71.9088233767432,41.0772582521323],[-71.9088396391867,41.0772166063184],[-71.9088743503284,41.0771705870998],[-71.908929747683,41.077135300392],[-71.908979552153,41.0771160620894],[-71.909011401653,41.0771057828354],[-71.9090864716845,41.0770831361008],[-71.9091554533044,41.0770719503287],[-71.9092097849635,41.0770607447721],[-71.909266640121,41.0770503072365],[-71.9093154292562,41.077032978195],[-71.9093500891377,41.0770091317659],[-71.9094006993993,41.0769690597647],[-71.9094313249206,41.0769417680322],[-71.9094485757199,41.0769092962041],[-71.9094425907279,41.0768764133866],[-71.9094189358503,41.0768381544214],[-71.9093872401307,41.0767819180053],[-71.909349977606,41.0767306449486],[-71.9093258290002,41.0766877985407],[-71.9093102932038,41.0766342591914],[-71.90931541844,41.0766025364992],[-71.909351612565,41.0765702823065],[-71.9094543403526,41.0764928155862],[-71.9095514752554,41.0764313972713],[-71.9097128010879,41.0763540087902],[-71.9097865949813,41.0763365205679],[-71.9098775632334,41.0763198201513],[-71.9099599186761,41.0763138117769],[-71.9100313977148,41.0763144790716],[-71.9101943135535,41.0763141202368],[-71.9102705805846,41.0763195710263],[-71.9103541860857,41.0763194909839],[-71.9104294881428,41.0763046809431],[-71.9104830904508,41.0762810494514],[-71.91053341293,41.076255311747],[-71.9105979168224,41.0762139195404],[-71.9106642148621,41.076160870319],[-71.9106973899616,41.0761232588639],[-71.9107224720597,41.0760898427473],[-71.9107812238849,41.0760234035176],[-71.9108394046421,41.0759856346804],[-71.9109901121759,41.0759116699193],[-71.9110429833341,41.0758756142911],[-71.9111100359053,41.0758239032611],[-71.9111411803353,41.075790112127],[-71.9111807028511,41.0757377922567],[-71.9111933985828,41.0757083736278],[-71.9112000580625,41.0756682431721],[-71.9111935775436,41.0756307711132],[-71.9111828027606,41.0755931039016],[-71.9111299001207,41.0755326352758],[-71.9111039294891,41.0755125318277],[-71.911087327997,41.0754830745288],[-71.911088418873,41.0754479065332],[-71.9111118579061,41.0753596317612]]},"properties":{"FID":172869,"SOURCE_ID":"GC11249","SRC_DATE":"20140607","HOR_ACC":"0.6","INFORM":" ","ATTRIBUTE":"Natural.Great Lake Or Lake Or Pond","VER_DATE":" ","SRC_RESOLU":0,"DATA_SOURC":"Aerial Photography","EX_METH":"Stereo","EXT_METH":"Stereo","DAT_SET_CR":"NOAA","SRC_CITA":" ","FIPS_ALPHA":"NY","NOAA_Regio":"North Atlantic","Shape_Leng":0.0116515825089,"Shape__Length":0.011651582508918972}},{"type":"Feature","id":172870,"geometry":{"type":"LineString","coordinates":[[-71.9122561144967,41.0792077676611],[-71.9121850005862,41.0792671193328],[-71.912075219413,41.0793357861853],[-71.9119533351593,41.0793941171279],[-71.9118701703276,41.079420959201],[-71.9117824774076,41.0794397667294],[-71.9116286618113,41.0794340236627],[-71.9115427891184,41.0794300900301],[-71.9114733101729,41.0794366892588],[-71.9114162184931,41.0794392901005],[-71.9113828581314,41.0794468929716],[-71.9113595962604,41.0794575661285],[-71.9113416152108,41.0794776120215],[-71.9113084895727,41.0794930506871],[-71.9112913161133,41.0794922637807],[-71.9112587615433,41.0794790329532],[-71.9111596148498,41.0794255763442],[-71.9111252661324,41.0794240025315],[-71.9109662740398,41.0794721522484],[-71.9108534711433,41.0795354618385],[-71.9107681992014,41.0795993820675],[-71.9105838426304,41.0798028932964],[-71.910397582191,41.079954795121],[-71.9103328138982,41.0799994356796],[-71.910275410155,41.0800274567632],[-71.9102154829132,41.0800547107251],[-71.9101485022859,41.0800731639199],[-71.9099348071107,41.0800725002271],[-71.9097756549364,41.0800795536164],[-71.9097213214787,41.0800907591731],[-71.9096583994927,41.0801015708269],[-71.9096013069135,41.0801041716686],[-71.9095416908359,41.0801060044892],[-71.90946414317,41.0801057104133],[-71.9093459245509,41.0801074658942],[-71.9093014530617,41.080113905942],[-71.9092468579014,41.0801283607498],[-71.9091894541582,41.0801563818335],[-71.9091464656523,41.0801765851086],[-71.9091100350051,41.0802010026074],[-71.9090842208579,41.0802219936883],[-71.9090530728307,41.0802557839231],[-71.909034571973,41.0802823274191],[-71.9090081858585,41.0803319879931],[-71.9089852873171,41.0804026783178],[-71.9089762860037,41.0804720493363],[-71.9089855265495,41.0806257354099],[-71.9090100151031,41.0807396867293],[-71.9090222728695,41.0807911189667],[-71.9090294548611,41.0808521011071],[-71.9090271139267,41.0808813416699],[-71.9090098622282,41.0809138125986],[-71.9089731707777,41.0809414784493],[-71.9088046755496,41.0810544090442],[-71.9087558837165,41.0810717371863],[-71.9087027985185,41.0810888692763],[-71.9086580644274,41.0810985576761],[-71.908584552021,41.0811017098029],[-71.9085216543161,41.0811014346123],[-71.9084772080072,41.0810967887151],[-71.908428493514,41.0810808590222],[-71.9082798526154,41.0810212177759],[-71.9081352190979,41.0809761086772],[-71.908063760743,41.0809643536387],[-71.9079680494633,41.0809540959726],[-71.9077028276147,41.0809510652652],[-71.9076202572329,41.0809381483028],[-71.9075712846343,41.0809254678611],[-71.9075241052838,41.0809011304047],[-71.9074802318416,41.080867814115],[-71.9074482240586,41.0808369979408],[-71.9073875135016,41.0807663867592],[-71.9073694020472,41.0807342512787],[-71.907351108928,41.0806721072145],[-71.907345643744,41.0806327258945],[-71.9073313589053,41.0805851139779],[-71.9073202999372,41.0805617801639],[-71.9072958896287,41.080522182108],[-71.9072490250396,41.0804724235102],[-71.9070969775049,41.0803584928794],[-71.9070185727812,41.0802935923944],[-71.9069807625703,41.0802599019866],[-71.9069553135453,41.0802332991367],[-71.9069177902174,41.0801852735326],[-71.9069031924159,41.080163081858],[-71.9068534392,41.080052537172],[-71.9067883858106,41.0798962907299]]},"properties":{"FID":172870,"SOURCE_ID":"GC11249","SRC_DATE":"20140607","HOR_ACC":"0.6","INFORM":" ","ATTRIBUTE":"Natural.Great Lake Or Lake Or Pond","VER_DATE":" ","SRC_RESOLU":0,"DATA_SOURC":"Aerial Photography","EX_METH":"Stereo","EXT_METH":"Stereo","DAT_SET_CR":"NOAA","SRC_CITA":" ","FIPS_ALPHA":"NY","NOAA_Regio":"North Atlantic","Shape_Leng":0.00709220616249,"Shape__Length":0.0070922061624891578}},{"type":"Feature","id":172955,"geometry":{"type":"LineString","coordinates":[[-71.8963042903387,41.067337722084],[-71.8962445690401,41.0673356293631],[-71.8961866167086,41.0673329664719],[-71.8961386549485,41.0673239147953],[-71.896073319179,41.0672951508754],[-71.896002385129,41.0672824344615],[-71.8957309111914,41.0672774585204],[-71.895596210691,41.0672647448065],[-71.8955124891774,41.0672664409309],[-71.8954017466247,41.0672665695376],[-71.8953414155852,41.0672559692285],[-71.8952985304991,41.0672373676491],[-71.895271162321,41.0672240441912],[-71.8951327889856,41.0671658355649],[-71.8951075683892,41.0671526110324],[-71.8950933249215,41.0671421734991],[-71.895074803377,41.0671259964916],[-71.89506537578,41.0671092574074],[-71.8950578475516,41.0670903239769],[-71.895044327137,41.0670440502517]]},"properties":{"FID":172955,"SOURCE_ID":"GC11249","SRC_DATE":"20140428","HOR_ACC":"0.6","INFORM":" ","ATTRIBUTE":"Natural.Great Lake Or Lake Or Pond","VER_DATE":" ","SRC_RESOLU":0,"DATA_SOURC":"Aerial Photography","EX_METH":"Stereo","EXT_METH":"Stereo","DAT_SET_CR":"NOAA","SRC_CITA":" ","FIPS_ALPHA":"NY","NOAA_Regio":"North Atlantic","Shape_Leng":0.00135841175753,"Shape__Length":0.0013584117575320021}},{"type":"Feature","id":172956,"geometry":{"type":"LineString","coordinates":[[-71.8871571785553,41.0678874717587],[-71.8871432417587,41.0679182834378],[-71.8871373961651,41.067944856611],[-71.8871422003466,41.0679735153121],[-71.8871518365873,41.0680069566086],[-71.8871555148175,41.0680391649345],[-71.8871565130668,41.0680666823959],[-71.8871542027108,41.068121533857],[-71.8871618055837,41.0681532547501],[-71.8871772055821,41.0682023109782],[-71.8872108897036,41.0682612975217],[-71.8872170806401,41.0682887061649],[-71.8872170293798,41.0683070208619],[-71.8872211869484,41.0683327082024],[-71.8872285038363,41.0683565663214],[-71.8872531443716,41.0684033958274],[-71.887274938551,41.0684360412233],[-71.8872958244145,41.0684634156918],[-71.8873042915358,41.0684892855945],[-71.8873039758745,41.0685052989261],[-71.8872983695004,41.0685286111569],[-71.8872855595546,41.0685558732112],[-71.8872828732801,41.0685806180622],[-71.8872849758968,41.0685990235907],[-71.8872909042311,41.0686241308683],[-71.8872937721711,41.0686438763869],[-71.887292165982,41.0686539478965],[-71.8872710409042,41.0687237074227],[-71.8872655559385,41.0687453900817],[-71.8872591545647,41.0687912384281],[-71.8872541489374,41.0688063992023],[-71.8872438525972,41.0688288606744],[-71.8872361678885,41.068839330584],[-71.8872198676716,41.0688494362683],[-71.8871963405005,41.0688579303675],[-71.8871432058398,41.0688753133684],[-71.8871158718371,41.0688826662278],[-71.8871000527574,41.0688862509267],[-71.887036125329,41.0688976201603],[-71.8870035995384,41.0689050791398],[-71.8869695646852,41.0689154186486],[-71.8869483110008,41.0689223722087],[-71.8869141790211,41.0689399035971],[-71.8868556556218,41.0689717791759],[-71.8868326761385,41.0689904347168],[-71.886804450909,41.0690275128736],[-71.8867856586706,41.0690479805487],[-71.8867430991421,41.0690802014666],[-71.8867241414279,41.0690911776949],[-71.886701280655,41.0691082027647],[-71.8866834947582,41.0691267494875],[-71.8866748046072,41.0691391403493],[-71.8866678330621,41.0691692640467],[-71.8866694302596,41.0691886291521],[-71.8866803129608,41.0692168894532],[-71.8866914132975,41.0692363283027],[-71.8867214191889,41.0692631056209],[-71.886780309515,41.0692907741665],[-71.8868041901213,41.0693068270674],[-71.8868229913566,41.0693507949302],[-71.8868341591434,41.0693869162069],[-71.8868470230528,41.0694352125078],[-71.8868496499746,41.0694582189688],[-71.8868508892422,41.0694824754877],[-71.8868506185477,41.0695096107371],[-71.8868401270554,41.069546455969],[-71.8868357446584,41.0695590275945],[-71.8868256875377,41.0695782281242],[-71.8867803212257,41.0696368243644],[-71.8867681111274,41.0696559340626],[-71.8867603733597,41.06968471777],[-71.8867645309283,41.0697104060098],[-71.8867633537166,41.0697322703317],[-71.88675593161,41.0697450398082],[-71.8867368533867,41.0697576456084],[-71.8866997563405,41.0697626233581],[-71.8866769711101,41.0697668960387],[-71.8866535626493,41.069773757868],[-71.8866302980804,41.0697845524334],[-71.8866105966268,41.0697997482816],[-71.8865811770965,41.0698236927368],[-71.8865560437362,41.0698422574462],[-71.8865353368403,41.0698593733474],[-71.8865152990408,41.0698850220178],[-71.8864940894238,41.0699030974958],[-71.88644181002,41.0699440670207],[-71.8864352737459,41.0699565478147],[-71.8864270332571,41.0699862910988],[-71.8864261618157,41.0700215787042],[-71.8864240016451,41.0700509253871],[-71.8863980184275,41.0701103391105],[-71.8863787684347,41.0701428891796],[-71.886296985866,41.070249993063],[-71.886264857578,41.0702931200612],[-71.886190759718,41.0703897549344],[-71.8861542256503,41.0704398921494],[-71.8861309520897,41.0704801233298],[-71.8860975242822,41.0705467451211],[-71.8860873916193,41.07057869804],[-71.8860863340173,41.07059893279],[-71.8860912119426,41.0706148382027],[-71.8861087748096,41.0706345495466],[-71.8861398832696,41.0706522158313],[-71.8861629985525,41.0706669278428],[-71.886176853513,41.0706783060671],[-71.8861879079837,41.0706866212],[-71.8861995101422,41.070705101372],[-71.8862015902755,41.0707179445925],[-71.8861967483254,41.0707425977128],[-71.8861876984457,41.0707598781896],[-71.8861709386758,41.0707820680667],[-71.8861613096333,41.0708130614087],[-71.886160438192,41.0708483481148],[-71.8861650993811,41.0708730758784],[-71.8861722516924,41.0708874416514],[-71.8862057253713,41.0709258130316],[-71.8862194598228,41.0709388217271],[-71.8862961774169,41.0709885029821],[-71.8863739759956,41.0710235108958],[-71.8865099769181,41.0710720931771],[-71.8865514716518,41.0710895427248],[-71.8865752335476,41.071107226097],[-71.8866560574499,41.0712009084902],[-71.886675052938,41.0712304925935],[-71.8866860327656,41.0712515610148],[-71.8867006017892,41.0712825939263],[-71.8867058097669,41.071317484031],[-71.8867081974692,41.0713437505351],[-71.886709593221,41.0714069360151],[-71.8867149217077,41.0714401947493],[-71.8867263296134,41.0714730577816],[-71.8867460913242,41.0715039818749],[-71.8867926762243,41.0715579519986],[-71.8868130611653,41.0715862860439],[-71.8868387062437,41.0716311954969],[-71.8868575605379,41.0716568495619],[-71.8868836408872,41.0716841152123],[-71.8869135046853,41.071706961593],[-71.8869825906296,41.0717487971612],[-71.8870085073018,41.0717665713648],[-71.8870413118844,41.0717964099758],[-71.887062703167,41.071822823968],[-71.8870757172618,41.0718456145914],[-71.8870998694671,41.0719284025971],[-71.8871210359213,41.0719930755554],[-71.8871353180607,41.0720162456926],[-71.8871597715361,41.0720480223432],[-71.8872016439869,41.0720955794003],[-71.8872165718398,41.0721217208982],[-71.887225300664,41.0721498903679],[-71.8872309672953,41.0721726971793],[-71.8872292864632,41.0721955228767],[-71.8872233950034,41.072210974132],[-71.8872037394159,41.0722372927974],[-71.8871790098516,41.0722620889105],[-71.8871520814437,41.0722756722742],[-71.8870998290182,41.0722927665927],[-71.8870635413629,41.0723102071498],[-71.8870239963625,41.0723366679088],[-71.8870029072547,41.0723531138149],[-71.8869882788785,41.0723698322155],[-71.8869663938716,41.072408813338],[-71.8869388728143,41.0724949827969],[-71.8869324642476,41.0725702677583],[-71.8869217011614,41.0726342482395],[-71.8869160426276,41.0726758760667],[-71.8869037803696,41.0727132995627],[-71.8868940308181,41.072745923376],[-71.8868832524415,41.0727749058336],[-71.8868724983469,41.0728094496998],[-71.8868662696419,41.0728353537773],[-71.8868642281817,41.0728630690896],[-71.8868803053687,41.072891221472],[-71.8868906169994,41.0729037589227]]},"properties":{"FID":172956,"SOURCE_ID":"GC11249","SRC_DATE":"20140428","HOR_ACC":"0.6","INFORM":" ","ATTRIBUTE":"Natural.Great Lake Or Lake Or Pond","VER_DATE":" ","SRC_RESOLU":0,"DATA_SOURC":"Aerial Photography","EX_METH":"Stereo","EXT_METH":"Stereo","DAT_SET_CR":"NOAA","SRC_CITA":" ","FIPS_ALPHA":"NY","NOAA_Regio":"North Atlantic","Shape_Leng":0.00651980740806,"Shape__Length":0.0065198074080643773}},{"type":"Feature","id":172957,"geometry":{"type":"LineString","coordinates":[[-71.8948298091519,41.0682834511792],[-71.8948147428056,41.0682993898674],[-71.8947874951397,41.0683382468836],[-71.8947702254549,41.0683762585365],[-71.8947471866194,41.0684485703392],[-71.8947291111458,41.0685556760192],[-71.8947064167486,41.0685914807355],[-71.8946839966442,41.0686184954765],[-71.8946628679662,41.0686348064843],[-71.8946436386567,41.0686489231459],[-71.8946186078188,41.0686601637751],[-71.8945956058518,41.0686675849828],[-71.8945660226443,41.0686818779119],[-71.8945313339851,41.0687168048901],[-71.8945056511388,41.0687361681978],[-71.8944730345171,41.0687506481859],[-71.8944478876664,41.0687579695689],[-71.8944128932359,41.0687645139379],[-71.8943848586607,41.0687648547819],[-71.8943446859323,41.0687714872846],[-71.8943175228007,41.0687770864656],[-71.8942969157292,41.0687868998704],[-71.8942690718118,41.0688117076747],[-71.894246172368,41.0688285897522],[-71.894181188237,41.0688598421009],[-71.8941435246183,41.0688727851476],[-71.8941188714957,41.0688846957719],[-71.8940894025024,41.0689029061485],[-71.8940714205534,41.0689229493435],[-71.8940641846067,41.0689379428438],[-71.8940545267855,41.0689616291927],[-71.8940399811465,41.0689710702779],[-71.8940303664918,41.068978128159],[-71.8940160672673,41.0689898625159],[-71.8939971859963,41.0690157342182]]},"properties":{"FID":172957,"SOURCE_ID":"GC11249","SRC_DATE":"20140428","HOR_ACC":"0.6","INFORM":" ","ATTRIBUTE":"Natural.Great Lake Or Lake Or Pond","VER_DATE":" ","SRC_RESOLU":0,"DATA_SOURC":"Aerial Photography","EX_METH":"Stereo","EXT_METH":"Stereo","DAT_SET_CR":"NOAA","SRC_CITA":" ","FIPS_ALPHA":"NY","NOAA_Regio":"North Atlantic","Shape_Leng":0.00119499029997,"Shape__Length":0.0011949902999652245}},{"type":"Feature","id":172958,"geometry":{"type":"LineString","coordinates":[[-71.8940875229688,41.0697904445517],[-71.8940800253195,41.0698086873033],[-71.8940557939809,41.0698529006825],[-71.8940032115071,41.0699228751476],[-71.893986490408,41.0699433032524],[-71.8939634461738,41.0699673529281],[-71.8939358621603,41.0699889114813],[-71.8939044937983,41.0700093171035],[-71.8938652932381,41.0700306679136],[-71.8938325183364,41.0700578571235],[-71.8938197272757,41.0700722687625],[-71.8937807029844,41.0701236281566],[-71.8937514660167,41.0701496761263],[-71.8937177045578,41.0701676895515],[-71.8936695125735,41.0701990606102],[-71.89365598137,41.0702065906356],[-71.8935645850416,41.070244781256],[-71.8935208447022,41.0702636400444],[-71.8934773507772,41.0702847930038],[-71.8934320734963,41.0703120595558],[-71.8933861442072,41.070347448786],[-71.8933582850016,41.0703777982139],[-71.8933275254813,41.070406710525],[-71.8932964035338,41.0704294103183],[-71.8932602480788,41.0704450306471],[-71.8932290370975,41.0704527270477],[-71.8932060495193,41.0704546048332],[-71.8931581893831,41.0704550122278],[-71.8930705468242,41.0704571786978],[-71.8930215409517,41.0704611204287],[-71.8929861679065,41.0704669948026],[-71.8929382780933,41.0704784881421],[-71.8929105924559,41.0704905849263],[-71.8928924935948,41.0705067097743],[-71.8928672739004,41.0705417464696],[-71.8928514656129,41.0705508026448],[-71.8928259401473,41.0705574540328],[-71.8927625469158,41.0705581267279],[-71.8926666953426,41.0705605665921],[-71.892616413332,41.070569668634],[-71.8925735705158,41.0705826980157],[-71.8925346163701,41.0706063420976],[-71.8925080467921,41.0706259904903],[-71.8924106043221,41.0707072721352],[-71.8923813655557,41.0707333183064],[-71.8923546673747,41.0707545908751],[-71.8923278513823,41.0707719459962],[-71.8922932031916,41.0707902436072],[-71.8922688090737,41.0707989049804],[-71.8922394983603,41.070804405236],[-71.8922065319016,41.0708071274854],[-71.8921815433308,41.0708017387475],[-71.8921424282044,41.0707898317225],[-71.8921285624521,41.070780063285],[-71.8921140869587,41.0707617890579],[-71.8921060793909,41.0707327238633],[-71.8920951724079,41.0707022224512],[-71.8920847726427,41.0706707650595],[-71.89206919368,41.0706393958015],[-71.8920481639252,41.0706169064514],[-71.8920317899625,41.0706008265706],[-71.8920174448708,41.0705809272682],[-71.8920079147505,41.0705547282136],[-71.8920044181844,41.0705392409857],[-71.8919793711562,41.0705077629101],[-71.8919629819053,41.0704972255521],[-71.8919412848541,41.0704884023025],[-71.8918909578755,41.0704658697859],[-71.8918677526606,41.0704543674554],[-71.8918429214706,41.0704362685964],[-71.8918133202742,41.0704078410219],[-71.8917931745532,41.0703850665867],[-71.8917720422752,41.0703531154674],[-71.8917594526609,41.0703381876183],[-71.8917275743805,41.0703112861937],[-71.8916869789688,41.0702856150421],[-71.8916416989872,41.070264619467],[-71.8915809011984,41.0702383439716],[-71.8915504879152,41.0702307491964],[-71.8915137505975,41.0702267777907],[-71.8914839470552,41.0702276888051],[-71.8914438022052,41.0702232335641],[-71.8914155490939,41.0702101951914],[-71.8914045854548,41.0702018638707],[-71.8913825394659,41.070181284681],[-71.8913573611367,41.070151429882],[-71.8913401166297,41.0701300934628],[-71.8913269181737,41.0701066598241],[-71.8913116009138,41.0700720413149],[-71.8912909920409,41.0700335925927],[-71.8912560965337,41.070001334805],[-71.8912256976394,41.069988197507],[-71.8911954147578,41.0699789776565],[-71.8911642757207,41.0699589587449],[-71.8911481481725,41.069945173035],[-71.8910735286972,41.0698925006342],[-71.8910402285888,41.06987792532],[-71.8909860749946,41.0698708692396],[-71.890949454589,41.0698708143821],[-71.8909112243958,41.0698586204734],[-71.8908970978402,41.069852101287],[-71.890848759264,41.0698423778167],[-71.890826554995,41.0698345078487],[-71.8907999413484,41.0698225225823],[-71.8907834360847,41.0698080677768],[-71.8907656987488,41.0697821430156],[-71.8907506153131,41.0697553612003],[-71.8907132403733,41.0697057060244],[-71.890676067782,41.0696749743866],[-71.8906432757907,41.0696594439921],[-71.8906088317446,41.069648402115],[-71.8905538058074,41.0696360885969],[-71.890501333945,41.0696134571549],[-71.8904260957373,41.0695847741744],[-71.890359064745,41.0695502231161],[-71.8903321435299,41.0695343707641],[-71.8903010116872,41.0695111448695],[-71.8902647087415,41.0694935874028],[-71.8902332396535,41.069480813431],[-71.8901945660945,41.0694719883833],[-71.8900738770357,41.0694502211922],[-71.8900459728617,41.0694418494025],[-71.8900279531396,41.069434221352],[-71.8899728651483,41.0694076958448],[-71.8899485258884,41.0694037271366],[-71.8899200227662,41.0694035068036],[-71.8898870679982,41.0693991747696],[-71.8898623465262,41.069394535167],[-71.8898480122272,41.0693896788274],[-71.889838487504,41.0693840436747],[-71.8898238438374,41.0693657640517],[-71.889815542192,41.0693493882936],[-71.8898155718682,41.0693255121879],[-71.8898179712584,41.0692929063614],[-71.8898307119555,41.0692489600812],[-71.8898279411419,41.0692220226828],[-71.8898185657047,41.0691908827519],[-71.8898093782268,41.0691747947769],[-71.8897873655126,41.069150971732],[-71.8897672890399,41.0691360609702],[-71.8897384774494,41.069122418253],[-71.8897033220391,41.0691068725702],[-71.8896887251378,41.0690997157644],[-71.8896581418824,41.0690866513115],[-71.889627654854,41.0690663967773],[-71.8895944896434,41.06904144958],[-71.8895599583626,41.0690233129498],[-71.8895022137732,41.068997656188],[-71.8894661293622,41.0689712781691],[-71.8893864467016,41.0689090450739],[-71.8893095177657,41.0688387513535],[-71.8892759703431,41.0688131332618],[-71.8892435695566,41.0687895269538],[-71.8892129638177,41.0687709019916],[-71.889185968859,41.0687678011294],[-71.8891541625257,41.0687654799798],[-71.8891345150304,41.068762361131],[-71.8891152263644,41.0687543535665],[-71.8890956759956,41.0687440446365],[-71.8890772731622,41.0687357456917],[-71.8890527702249,41.0687222837381],[-71.8890443939365,41.0687186594698],[-71.8890189071411,41.0687126798771],[-71.8889715731074,41.068692367787],[-71.8889411103611,41.0686776737622],[-71.8889228271374,41.0686677443461],[-71.8889105046222,41.0686590479006],[-71.8888921989152,41.0686435579753],[-71.8888804762476,41.0686267100731],[-71.8888797846679,41.0686126167946],[-71.8888813899577,41.068602545285],[-71.8888866357039,41.0685841217698],[-71.8888864234626,41.0685635075058],[-71.8888670457625,41.0685332534076],[-71.8888413710079,41.0685122200603],[-71.8888244763378,41.0685010405862],[-71.8888044232479,41.068491691233],[-71.8887740801113,41.0684753667371],[-71.8887564210172,41.068462847273],[-71.8887342877939,41.0684406546992],[-71.8887230903308,41.0684284077295],[-71.88869868452,41.0684077547955],[-71.8886707569633,41.0683938206979],[-71.8886561375787,41.0683811024835],[-71.8886394605441,41.0683611015578],[-71.888622904918,41.0683394710602],[-71.8886032106574,41.0683252311928],[-71.8885642304287,41.0683029819623],[-71.8884416599859,41.0682539859923],[-71.8884108132289,41.0682386210731],[-71.8883802308728,41.0682255575195],[-71.8883592694669,41.0682109363395],[-71.8883343600357,41.0681912429822],[-71.8883155300235,41.0681711521244],[-71.8882604051577,41.0681040662857],[-71.8882376496035,41.0680844628606],[-71.8881432297472,41.0680111420223],[-71.8881175549926,41.0679901077756],[-71.888091233625,41.0679661030677],[-71.8880455354567,41.0679118433622],[-71.8880273295741,41.067889161557],[-71.8879801448264,41.0678433437893],[-71.8879481280506,41.0678204074764],[-71.887928960793,41.0678107676421],[-71.8879071144541,41.0677964360438],[-71.8878813200897,41.0677770322684],[-71.8878721559944,41.0677665066014],[-71.8878609360479,41.0677486982231],[-71.8878543835841,41.0677261809936],[-71.8878551785838,41.0677036457773],[-71.8878587956575,41.0676897332624],[-71.8878702170497,41.0676637221654],[-71.8878840549212,41.0676401014668],[-71.8878952370938,41.0676173504128],[-71.887896917926,41.0675945256148],[-71.8878955806327,41.0675774609757],[-71.8878962326399,41.0675509957212],[-71.8879011186574,41.067537464519],[-71.8879162704394,41.0675253470508],[-71.8879219433644,41.0675187181466],[-71.8879336273589,41.0674950057171],[-71.8879368163544,41.0674693012893],[-71.8879233516981,41.0674291573444],[-71.887912228878,41.0674041570863],[-71.8878890227624,41.0673672003396],[-71.8878720849242,41.0673448989477],[-71.8878565563244,41.0673269089065],[-71.8878129607728,41.0672910547295],[-71.8877866403046,41.0672670491223],[-71.8877712331132,41.0672474295092],[-71.8877628127573,41.0672326824237],[-71.8877611157353,41.0672205100974],[-71.8877692797825,41.0672035192024],[-71.887782660799,41.0671919808978],[-71.8877969501312,41.0671857144201],[-71.8878102331219,41.0671813688948],[-71.8878291890375,41.0671703926664],[-71.8878444613287,41.0671566447271],[-71.8878738116102,41.0671160169455],[-71.8878825979883,41.0670964351031],[-71.8878888491767,41.0670760933336],[-71.8878906954848,41.0670627608815],[-71.8878748368326,41.0670257861482],[-71.8878245161483,41.0669873590106],[-71.887798460081,41.0669656538696],[-71.8877863534027,41.0669481359725],[-71.887776642519,41.0669274479643],[-71.8877741801736,41.0669139329501],[-71.8877753807681,41.0668976300368],[-71.8877733986605,41.0668775949364],[-71.887766104256,41.0668592973267],[-71.8877434467275,41.0668325029211],[-71.8877219610164,41.0668132808086],[-71.8877026049004,41.066788588119],[-71.8876833692935,41.0667622649582],[-71.8876735387999,41.0667432074213],[-71.8876602171361,41.0667069935145],[-71.8876418448782,41.0666748193633],[-71.8876197125542,41.0666526267895],[-71.887581521931,41.0666372780584],[-71.8875128164018,41.0666255508988],[-71.8874889816616,41.0666206208151],[-71.8874514574367,41.0666138048532],[-71.887403525354,41.066601645119],[-71.8873848608176,41.0665910457079],[-71.8873639974375,41.0665692335474],[-71.8873530176099,41.0665481642267],[-71.8873456026963,41.0665314979875],[-71.8873352002329,41.0664967149023],[-71.8873268779027,41.0664747777356],[-71.8873184575469,41.0664600306501],[-71.8873077628049,41.0664468241036],[-71.8872932405466,41.0664269140094],[-71.8872824037115,41.0664097756261],[-71.8872541847703,41.066323545015],[-71.8872353322747,41.0662978927486],[-71.8872223865294,41.0662917863511],[-71.8871960381835,41.0662916559503],[-71.8871848110441,41.0663032850863],[-71.8871831535946,41.066331671293],[-71.8871854126955,41.0663890048832],[-71.8871840924914,41.066406939167],[-71.8871802586816,41.0664296722343],[-71.8871747512325,41.0664457943839],[-71.8871712537686,41.0664580764276],[-71.8871663686504,41.0664716067306],[-71.8871613855065,41.0664923298127],[-71.8871631041125,41.0665100644469],[-71.8871744904341,41.0665373651713],[-71.8871914507557,41.0665652279718],[-71.887227218606,41.0666076211209],[-71.8872713393622,41.0666480762303],[-71.8873123529588,41.0666720476628],[-71.8873542290051,41.0666901672056],[-71.8874085480757,41.0667153527227],[-71.8874291038868,41.0667237433983],[-71.8874593247157,41.0667416983655],[-71.8875538632825,41.0668133887327]]},"properties":{"FID":172958,"SOURCE_ID":"GC11249","SRC_DATE":"20140428","HOR_ACC":"0.6","INFORM":" ","ATTRIBUTE":"Natural.Great Lake Or Lake Or Pond","VER_DATE":" ","SRC_RESOLU":0,"DATA_SOURC":"Aerial Photography","EX_METH":"Stereo","EXT_METH":"Stereo","DAT_SET_CR":"NOAA","SRC_CITA":" ","FIPS_ALPHA":"NY","NOAA_Regio":"North Atlantic","Shape_Leng":0.0105569899967,"Shape__Length":0.0105569899967364}},{"type":"Feature","id":172959,"geometry":{"type":"LineString","coordinates":[[-71.8885933706,41.0741350416066],[-71.8886547655366,41.0741229106472],[-71.8887042633382,41.0741138769538],[-71.8887436608511,41.0741129209731],[-71.8887812849004,41.0741125441558],[-71.8888082600738,41.0741100836094],[-71.8888464399032,41.0740904325182],[-71.8888526164485,41.0740828440371],[-71.8888547244595,41.074071811152],[-71.8888651188254,41.0740421586994],[-71.8888840315729,41.0740200605532],[-71.8888955455966,41.074016293292],[-71.8889276909737,41.074008163418],[-71.8889755610022,41.0740036389264],[-71.8891439851909,41.0740169524871],[-71.8891943175647,41.0740259430098],[-71.8892414897199,41.0740367618546],[-71.8892814565047,41.0740515296235],[-71.889331691752,41.074067712026],[-71.8893910236445,41.0740777349702],[-71.8894229747688,41.0740839870573],[-71.8894828543492,41.0741041741413],[-71.8896055803749,41.0741570992501],[-71.8896817322944,41.0741910540574],[-71.8898032577258,41.0742602829788],[-71.8898614573733,41.0743032939616],[-71.8898885467622,41.0743286386596],[-71.8899410959681,41.0743838390558],[-71.8899662940822,41.0744113951873],[-71.890024494629,41.0744544052707],[-71.8900487601453,41.0744711281666],[-71.8901732803194,41.0745290346211],[-71.8903018465445,41.0745848222724],[-71.8904520001038,41.0746526401563],[-71.890507189718,41.074671974683],[-71.8906143178952,41.0746902255247],[-71.890679730106,41.074699850069],[-71.8907399478309,41.0747095834315],[-71.8907959774116,41.0747175046598],[-71.8909273261383,41.0747413546809],[-71.8909753850253,41.0747518830446],[-71.8910883992679,41.074784119246],[-71.8914036036585,41.0748758977666],[-71.8914479771224,41.0748836544193],[-71.8914974254623,41.0748929336244],[-71.8915579291721,41.0749105279624],[-71.8917382639894,41.0749851761976],[-71.8917864667682,41.0749996354988],[-71.8918494849831,41.0750124292547],[-71.891937730089,41.0750289030363],[-71.8919876811501,41.0750372217652],[-71.892065132589,41.0750476790815],[-71.8922699163798,41.0750602309152],[-71.8923499794501,41.0750586966689],[-71.8924569196681,41.0750618928566],[-71.8925732191334,41.0750612309517],[-71.8926156563558,41.075060074422],[-71.8926459113575,41.0750541532834],[-71.8926746339138,41.0750455512655],[-71.8927223609498,41.0750370940377],[-71.8927535017841,41.0750308833175],[-71.8928126232339,41.0750202892998],[-71.8928442883734,41.0750186804113],[-71.8928774859582,41.0750197506037],[-71.8929079073351,41.0750233218112],[-71.8929377288644,41.0750350435761],[-71.8929734355599,41.0750607516],[-71.8930068220033,41.0750768755471],[-71.893083599851,41.0751082385078],[-71.8931466189652,41.0751210322637],[-71.8933663351056,41.0751597219979],[-71.8934333993715,41.0751703960511],[-71.8934630536264,41.07517262547],[-71.8934748302523,41.0751711586751],[-71.893490269818,41.0751669030818],[-71.8935098264804,41.0751477744975],[-71.8935336468295,41.0751177056583],[-71.8935533473837,41.0751025080113],[-71.8935826931703,41.075091315046],[-71.8936156038709,41.0750845233636],[-71.8936338430271,41.0750833299624],[-71.8936605780816,41.0750841285597],[-71.8936768063533,41.0750867734658],[-71.8936901361094,41.0750935498583],[-71.8936959987922,41.0751019738094],[-71.8936987489211,41.0751233497992],[-71.8937002525895,41.075149905885],[-71.8937063050302,41.0751733835908],[-71.8937136246161,41.0751972417098],[-71.8937211852201,41.0752178388864],[-71.8937292494446,41.0752374755869],[-71.8937517684773,41.075260339055],[-71.8937694302693,41.0752728567204],[-71.8938005432259,41.0752905203072],[-71.8938441747491,41.0753024974791],[-71.893902623507,41.0753128091058],[-71.8939673900041,41.0753194604909],[-71.8940555667607,41.075319248248],[-71.8940919245641,41.0753184901182],[-71.894252695519,41.0753183902883],[-71.8943247869963,41.0753194631773],[-71.8943827330331,41.0753307343808],[-71.8944177481489,41.0753423473276],[-71.8944646091395,41.0753691786046],[-71.894495265241,41.0753989245854],[-71.8945219229561,41.0754419130861],[-71.8945620048575,41.0755139227145],[-71.8945763841249,41.0755593375869],[-71.8945899737869,41.0755978510606],[-71.8946077300091,41.0756326143606],[-71.8946500665095,41.0756680863256],[-71.8947004708299,41.0756937583761],[-71.8947354616638,41.0756998099142],[-71.894814303455,41.0757090171725],[-71.8948417813495,41.0757055943513],[-71.8948964520528,41.0756908877332],[-71.8949301055934,41.0756798755315],[-71.8949689536198,41.0756687545117],[-71.8950393489744,41.0756576532759],[-71.8950843231852,41.0756572575727],[-71.8951172806511,41.0756615887074],[-71.8951735980154,41.0756773700119],[-71.8952406128197,41.0757063569637],[-71.8953142061684,41.0757634225536],[-71.8954745751362,41.0759392724184],[-71.8955575682057,41.0760624768623],[-71.895596498976,41.0761619122211],[-71.895604033501,41.0762063846041],[-71.8956039804437,41.0762541359161],[-71.8955862602,41.0763188061777],[-71.8955465919943,41.0763763376202],[-71.89552504783,41.076404867719],[-71.8955046512011,41.076435407803],[-71.895499117673,41.0764754060584],[-71.8955073707561,41.0765100965135],[-71.8955269409137,41.0765848400821],[-71.8955333998484,41.0766145482922],[-71.895541966794,41.0766332254158],[-71.8955555843337,41.0766478627839],[-71.8955774117866,41.0766566320742],[-71.8956037421457,41.0766511992678],[-71.895615591616,41.0766369782851],[-71.895615927962,41.0766265272615],[-71.8956201430845,41.0766044623907],[-71.8956348928675,41.0765566760046],[-71.8956412861491,41.0765402642731],[-71.8956751834041,41.0764965536148],[-71.8957097974202,41.0764724994422],[-71.8957304062903,41.0764625727228],[-71.8957641812393,41.0764499300499],[-71.8957905106991,41.0764444963442],[-71.8958334281592,41.0764368179297],[-71.8958671059818,41.0764313662373],[-71.8959258443203,41.0764201022246],[-71.8959589960391,41.0764100495997],[-71.8959793414076,41.0763978224141],[-71.8959940875949,41.076379472643],[-71.8960107988008,41.0763461599487],[-71.896022292138,41.0763073937646],[-71.8960186103105,41.0762751854387],[-71.8960152756221,41.0762544920345],[-71.8959960687925,41.0762092606239],[-71.8959785131183,41.0761595397968],[-71.8959581596528,41.0761178427226],[-71.8959394168743,41.076088285599],[-71.8959186434262,41.076062547897],[-71.8959000049696,41.0760424516432],[-71.8958715153361,41.0760215774761],[-71.8958256355058,41.0759865326892],[-71.8958120278588,41.0759735158998],[-71.8958012207011,41.0759524762568],[-71.895802278303,41.0759339367291],[-71.8958023475493,41.0759062223162],[-71.8957852586243,41.075872175776],[-71.8957686355492,41.0758538026236],[-71.8957324728969,41.0758211617247],[-71.8956454976313,41.075755859243],[-71.8955491685143,41.0756943653912],[-71.8955329087657,41.075682205656],[-71.8955165312058,41.0756661257751],[-71.8955047096126,41.0756469953932],[-71.8954813245315,41.0756054853781],[-71.8954679920766,41.0755836768147],[-71.8954600870322,41.0755640733892],[-71.8954496980584,41.075527074374],[-71.8954527845314,41.0755047154247],[-71.8954573674772,41.0754905780793],[-71.8954609773555,41.075461721527],[-71.8954637005019,41.0754331500599],[-71.8954742576452,41.0754036352036],[-71.8954983459919,41.0753665894225],[-71.8955070910016,41.0753542741037],[-71.8955360680653,41.0753314744858],[-71.8956009298886,41.075301846313],[-71.8956753775889,41.0752762453049],[-71.895713681525,41.0752607230022],[-71.8957464456352,41.0752390763152],[-71.8957891724385,41.0752221267879],[-71.895815077418,41.0752161435963],[-71.8958566449954,41.0752082709283],[-71.8959017675935,41.075193713598],[-71.8959683965851,41.0751635143556],[-71.8961494598444,41.0750766155414],[-71.8962845767277,41.075030650279],[-71.8963438816383,41.0750004393456],[-71.8964202709744,41.0749560137247],[-71.8964457083054,41.0749343571454],[-71.896469652761,41.0749044780632],[-71.896476250189,41.074892063819],[-71.896490825505,41.0748715376881],[-71.8965233827699,41.074830967463],[-71.8965620041654,41.0747900240189],[-71.8966188952922,41.0747147021837],[-71.8966368043949,41.0746741112746],[-71.8966648020931,41.0745883312222],[-71.8966702690727,41.0745739087915],[-71.8966848434894,41.0745533817613],[-71.8966996643205,41.0745351498014],[-71.8967139923227,41.0745123294995],[-71.8967234028302,41.0744863480802],[-71.8967328277265,41.0744548241381],[-71.8967381301282,41.0744048497013],[-71.8967400672647,41.0743377629615],[-71.8967441780627,41.0742596892019],[-71.8967532243443,41.0742274961641],[-71.8967822508667,41.074134262529],[-71.8967882673314,41.0741022565503],[-71.8967802435762,41.0740787356771],[-71.8967771373157,41.0740583750221],[-71.8967823857593,41.0740305715761],[-71.8967912881497,41.074005545237],[-71.8967908366886,41.0739843284272],[-71.8967891369679,41.073957185084],[-71.8967900623696,41.0739402706315],[-71.8967997201909,41.0739165833832],[-71.8968060577149,41.0739074183903],[-71.8968457942704,41.0738740256555],[-71.8968732487816,41.0738540921776],[-71.896895901811,41.0738349150298],[-71.8969275462643,41.0738057158349],[-71.8969386978605,41.0737902492909],[-71.8969551995241,41.0737564419694],[-71.8969620721442,41.0737352359512],[-71.8969757841074,41.0736556468334],[-71.8969842566172,41.0735500565117],[-71.8970145871562,41.0734405784193],[-71.8970497038889,41.0733358856203],[-71.8970706284198,41.073300650175],[-71.8970938165451,41.0732694329013],[-71.8971082749489,41.0732449875241],[-71.8971217449971,41.0732113672618],[-71.8971349677313,41.0731754528284],[-71.897143754109,41.0731465081424],[-71.8971544389559,41.0731153673114],[-71.897159282705,41.0730979807147],[-71.8971671697606,41.0730748645361],[-71.8971732878492,41.0730523185278],[-71.897180667687,41.0730301583286],[-71.897193019877,41.0729889855583],[-71.8971939461781,41.0729720711059],[-71.897192636763,41.0729400543355],[-71.897178057847,41.0729123183393],[-71.8971570244949,41.0728898298885],[-71.8971370064776,41.0728654321766],[-71.8971225435744,41.0728416154266],[-71.8971006684557,41.0728027826938],[-71.8970938929602,41.072785188354],[-71.8970649473663,41.0726948352499],[-71.8970555458491,41.0726670120194],[-71.897018266238,41.0726268195118],[-71.8969698638084,41.0725910085025],[-71.8969423769195,41.0725737666977],[-71.8969214892573,41.0725441106488],[-71.8969060245088,41.0725166606371],[-71.8968851629262,41.0724759195424],[-71.8967814899379,41.0723234358657],[-71.8967568422082,41.0722815409408],[-71.8967347332653,41.0722348724134],[-71.8967022650256,41.0721401171272],[-71.8966759472522,41.0720599938133],[-71.8966668191284,41.0720233788087],[-71.8966569247822,41.0719909663367],[-71.8966506987717,41.0719557884489],[-71.8966444125051,41.0718945203241],[-71.8966438854998,41.0718527566994],[-71.8966487975959,41.0718076547905],[-71.8966627892505,41.0717675360257],[-71.8966858595645,41.071732400405],[-71.8967080323551,41.0717030923924],[-71.8968430431121,41.0715455976845],[-71.8968601545168,41.0715202961526],[-71.8968684327773,41.0714923074462],[-71.8968710255221,41.071465360155],[-71.8968574340626,41.0714468008428],[-71.8968408118868,41.0714284276902],[-71.8968309022524,41.0714015586406],[-71.8968309714987,41.0713738442276],[-71.8968350733065,41.0713495760174],[-71.8968550526481,41.0712885363195],[-71.8968665945498,41.0712681972477],[-71.8968857222352,41.0712446179178],[-71.8969309995161,41.0712173504665],[-71.8969637465395,41.0712012463025],[-71.8969988857604,41.0711875343354],[-71.8970186087981,41.0711780060158],[-71.897029006762,41.0711612003811],[-71.8970263942297,41.0711454280681],[-71.8970108134684,41.0711140597094],[-71.8969666297588,41.0710578979374],[-71.8968952487413,41.0709701600637],[-71.896860015088,41.0709206047124],[-71.8968298284317,41.0708725863027],[-71.8968024116884,41.0708276309843],[-71.8967851932611,41.0707952086201],[-71.8967580517099,41.0707414606284],[-71.8967267462962,41.0706858915093],[-71.896596195258,41.0704764105896],[-71.8965720565447,41.0704335605845],[-71.8965206467779,41.0703385885622],[-71.8964899816816,41.0702804392876],[-71.8964713836936,41.070243714566],[-71.8964446756146,41.0701684637798],[-71.8964377850056,41.0701469510932],[-71.8964026952434,41.0700902290431],[-71.8963643274512,41.0700313998812],[-71.896332111924,41.069987200893],[-71.8963166489742,41.0699597508813],[-71.8963008370866,41.0699205449295],[-71.8962966687247,41.0698704616751],[-71.8962867689799,41.0697897879755],[-71.8962884165354,41.0697370364318],[-71.896287527103,41.0696890602892],[-71.8962787641044,41.0696586569032],[-71.8962677249211,41.0696297787676],[-71.8962398297377,41.0695746916851],[-71.8962287752662,41.0695513578711],[-71.8962209250792,41.0695095825555],[-71.8962206040198,41.069486742469],[-71.8962216751113,41.0694626604185],[-71.896221482655,41.0694381952569],[-71.8962244684034,41.0694063736392],[-71.896228713203,41.0693749387301],[-71.896227392097,41.0693484635833],[-71.8962152062779,41.0693231215828],[-71.896188490108,41.0693016754466],[-71.8961662102948,41.0692732604624],[-71.8961568222671,41.0692398938096],[-71.896156502107,41.0692170519245],[-71.8961659539824,41.0691744420373],[-71.8961772620599,41.0691462653723],[-71.8961947502807,41.0691216338354],[-71.8962241446291,41.0690828748454],[-71.896239368356,41.0690542269355],[-71.8962404538364,41.0690246014628],[-71.8962355920984,41.0689992693546],[-71.8962389681524,41.0689625761085],[-71.8962507708574,41.0689389877856],[-71.8962667365256,41.0689172214893],[-71.8962762486571,41.0689007018391],[-71.8962827426624,41.0688788258258],[-71.8962799268822,41.0688441299746],[-71.8962628514468,41.0688045400123],[-71.8962477806012,41.0687722165734],[-71.8962418900389,41.0687543371485],[-71.8962424674022,41.0687256676554],[-71.8962483525659,41.0686952849532],[-71.8962723914481,41.0686266064123],[-71.8962806822988,41.0685930733843],[-71.8962799700345,41.0685751049264],[-71.8962871169475,41.0685451080334],[-71.896299324347,41.0685111019618],[-71.896318582434,41.0684859002546],[-71.8963417408824,41.0684657680265],[-71.8963635215687,41.0684413334411],[-71.8963837940913,41.0684142215734],[-71.8964025836306,41.0683733455791],[-71.8964078185847,41.068351084656],[-71.8964108906688,41.068334269129],[-71.8964055082236,41.0683154355232],[-71.8963906694037,41.0682909478789],[-71.89636370592,41.068267208471],[-71.8963358853815,41.0682326691027],[-71.896321424277,41.0682088514534],[-71.8963105424744,41.0681672640962],[-71.896307361569,41.0681263557271],[-71.8963068957191,41.0681106823394],[-71.8963125200795,41.0680835488884],[-71.8963332998198,41.0680554810412],[-71.8963449442449,41.0680446028393],[-71.8963635629139,41.0680219803882],[-71.8963806743186,41.0679966788562],[-71.8963807714432,41.0679578784982],[-71.896387033423,41.0679281657911],[-71.8963965455544,41.0679116461409],[-71.8964231394135,41.0678809109038],[-71.8964480677282,41.0678602085054],[-71.8964730095324,41.0678339626849],[-71.8964949475994,41.0677968179784],[-71.8964952650588,41.0677713968372]]},"properties":{"FID":172959,"SOURCE_ID":"GC11249","SRC_DATE":"20140428","HOR_ACC":"0.6","INFORM":" ","ATTRIBUTE":"Natural.Great Lake Or Lake Or Pond","VER_DATE":" ","SRC_RESOLU":0,"DATA_SOURC":"Aerial Photography","EX_METH":"Stereo","EXT_METH":"Stereo","DAT_SET_CR":"NOAA","SRC_CITA":" ","FIPS_ALPHA":"NY","NOAA_Regio":"North Atlantic","Shape_Leng":0.019466449923,"Shape__Length":0.019466449923036897}},{"type":"Feature","id":173013,"geometry":{"type":"LineString","coordinates":[[-71.9492205208143,41.032437758864],[-71.9490556057847,41.0324842987943],[-71.9490417912945,41.0324895931047],[-71.9490353053813,41.0324781717127],[-71.9489512727037,41.0325079248918],[-71.9489775796827,41.0325431450471],[-71.9489183988786,41.0325703783246]]},"properties":{"FID":173013,"SOURCE_ID":"GC11249","SRC_DATE":"20140428","HOR_ACC":"0.6","INFORM":" ","ATTRIBUTE":"Man-made.Bulkhead Or Sea Wall","VER_DATE":" ","SRC_RESOLU":0,"DATA_SOURC":"Aerial Photography","EX_METH":"Stereo","EXT_METH":"Stereo","DAT_SET_CR":"NOAA","SRC_CITA":" ","FIPS_ALPHA":"NY","NOAA_Regio":"North Atlantic","Shape_Leng":0.000397535832208,"Shape__Length":0.00039753583220837065}},{"type":"Feature","id":173014,"geometry":{"type":"LineString","coordinates":[[-71.9458854327805,41.0375829181031],[-71.9459587374342,41.0374157493881],[-71.9457676979763,41.037220010114]]},"properties":{"FID":173014,"SOURCE_ID":"GC11249","SRC_DATE":"20140428","HOR_ACC":"0.6","INFORM":" ","ATTRIBUTE":"Man-made.Bulkhead Or Sea Wall","VER_DATE":" ","SRC_RESOLU":0,"DATA_SOURC":"Aerial Photography","EX_METH":"Stereo","EXT_METH":"Stereo","DAT_SET_CR":"NOAA","SRC_CITA":" ","FIPS_ALPHA":"NY","NOAA_Regio":"North Atlantic","Shape_Leng":0.000456048737807,"Shape__Length":0.00045604873780718641}},{"type":"Feature","id":173015,"geometry":{"type":"LineString","coordinates":[[-71.9507483145642,41.0445146193424],[-71.9507975578501,41.0443735930258],[-71.9508528814541,41.0442266069007],[-71.9508597073052,41.0441312364767],[-71.9508669747259,41.0440755288608]]},"properties":{"FID":173015,"SOURCE_ID":"GC11249","SRC_DATE":"20140428","HOR_ACC":"0.6","INFORM":" ","ATTRIBUTE":"Man-made.Bulkhead Or Sea Wall","VER_DATE":" ","SRC_RESOLU":0,"DATA_SOURC":"Aerial Photography","EX_METH":"Stereo","EXT_METH":"Stereo","DAT_SET_CR":"NOAA","SRC_CITA":" ","FIPS_ALPHA":"NY","NOAA_Regio":"North Atlantic","Shape_Leng":0.000458223322772,"Shape__Length":0.00045822332277236088}},{"type":"Feature","id":173016,"geometry":{"type":"LineString","coordinates":[[-71.9545676313187,41.0446744629519],[-71.9546504876809,41.0446148387852],[-71.9546562901075,41.0445954341094],[-71.9547017598426,41.0445551498683],[-71.9547999487508,41.0444873481642],[-71.9548632205732,41.0444747063897],[-71.9549359874401,41.044451010146],[-71.9549250633711,41.0444410330657],[-71.9549968886457,41.0443842057914],[-71.9550126312837,41.0443934094545],[-71.9551127096678,41.0443178268145],[-71.9553775726744,41.0441010047147],[-71.9555305725774,41.0439667889619],[-71.9556225300807,41.04388986903]]},"properties":{"FID":173016,"SOURCE_ID":"GC11249","SRC_DATE":"20140428","HOR_ACC":"0.6","INFORM":" ","ATTRIBUTE":"Man-made.Bulkhead Or Sea Wall","VER_DATE":" ","SRC_RESOLU":0,"DATA_SOURC":"Aerial Photography","EX_METH":"Stereo","EXT_METH":"Stereo","DAT_SET_CR":"NOAA","SRC_CITA":" ","FIPS_ALPHA":"NY","NOAA_Regio":"North Atlantic","Shape_Leng":0.00135919048749,"Shape__Length":0.0013591904874875513}},{"type":"Feature","id":173017,"geometry":{"type":"LineString","coordinates":[[-71.9542706562111,41.0449212279861],[-71.95420133285,41.0449565416741],[-71.9541031052697,41.0450020617708],[-71.9540322467649,41.0450291169829],[-71.9540365770026,41.0450404448455],[-71.9540271970709,41.0450442957435],[-71.9538653064626,41.0450962163186]]},"properties":{"FID":173017,"SOURCE_ID":"GC11249","SRC_DATE":"20140428","HOR_ACC":"0.6","INFORM":" ","ATTRIBUTE":"Man-made.Bulkhead Or Sea Wall","VER_DATE":" ","SRC_RESOLU":0,"DATA_SOURC":"Aerial Photography","EX_METH":"Stereo","EXT_METH":"Stereo","DAT_SET_CR":"NOAA","SRC_CITA":" ","FIPS_ALPHA":"NY","NOAA_Regio":"North Atlantic","Shape_Leng":0.000454189461751,"Shape__Length":0.00045418946175077539}},{"type":"Feature","id":173048,"geometry":{"type":"LineString","coordinates":[[-71.9465516381153,41.0364809201065],[-71.9463821698182,41.0365539684589]]},"properties":{"FID":173048,"SOURCE_ID":"GC11249","SRC_DATE":"20140428","HOR_ACC":"0.6","INFORM":" ","ATTRIBUTE":"Natural.Great Lake Or Lake Or Pond","VER_DATE":" ","SRC_RESOLU":0,"DATA_SOURC":"Aerial Photography","EX_METH":"Stereo","EXT_METH":"Stereo","DAT_SET_CR":"NOAA","SRC_CITA":" ","FIPS_ALPHA":"NY","NOAA_Regio":"North Atlantic","Shape_Leng":0.000184541446287,"Shape__Length":0.00018454144628675718}},{"type":"Feature","id":173049,"geometry":{"type":"LineString","coordinates":[[-71.945823795899,41.0371120410834],[-71.9457782677094,41.0371789704433],[-71.9457676979763,41.037220010114]]},"properties":{"FID":173049,"SOURCE_ID":"GC11249","SRC_DATE":"20140428","HOR_ACC":"0.6","INFORM":" ","ATTRIBUTE":"Natural.Great Lake Or Lake Or Pond","VER_DATE":" ","SRC_RESOLU":0,"DATA_SOURC":"Aerial Photography","EX_METH":"Stereo","EXT_METH":"Stereo","DAT_SET_CR":"NOAA","SRC_CITA":" ","FIPS_ALPHA":"NY","NOAA_Regio":"North Atlantic","Shape_Leng":0.000123325524568,"Shape__Length":0.00012332552456814286}},{"type":"Feature","id":173050,"geometry":{"type":"LineString","coordinates":[[-71.9458854327805,41.0375829181031],[-71.9458734726946,41.0376146246078],[-71.9458442411263,41.0377021502447]]},"properties":{"FID":173050,"SOURCE_ID":"GC11249","SRC_DATE":"20140428","HOR_ACC":"0.6","INFORM":" ","ATTRIBUTE":"Natural.Great Lake Or Lake Or Pond","VER_DATE":" ","SRC_RESOLU":0,"DATA_SOURC":"Aerial Photography","EX_METH":"Stereo","EXT_METH":"Stereo","DAT_SET_CR":"NOAA","SRC_CITA":" ","FIPS_ALPHA":"NY","NOAA_Regio":"North Atlantic","Shape_Leng":0.000126165189006,"Shape__Length":0.00012616518900649483}},{"type":"Feature","id":173051,"geometry":{"type":"LineString","coordinates":[[-71.9556225300807,41.04388986903],[-71.9556386927021,41.0438968666557]]},"properties":{"FID":173051,"SOURCE_ID":"GC11249","SRC_DATE":"20140428","HOR_ACC":"0.6","INFORM":" ","ATTRIBUTE":"Natural.Great Lake Or Lake Or Pond","VER_DATE":" ","SRC_RESOLU":0,"DATA_SOURC":"Aerial Photography","EX_METH":"Stereo","EXT_METH":"Stereo","DAT_SET_CR":"NOAA","SRC_CITA":" ","FIPS_ALPHA":"NY","NOAA_Regio":"North Atlantic","Shape_Leng":1.7612407633E-05,"Shape__Length":1.7612407633249268E-05}},{"type":"Feature","id":173052,"geometry":{"type":"LineString","coordinates":[[-71.9508192027203,41.0440216774477],[-71.950860747817,41.0440579641986],[-71.9508669747259,41.0440755288608]]},"properties":{"FID":173052,"SOURCE_ID":"GC11249","SRC_DATE":"20140428","HOR_ACC":"0.6","INFORM":" ","ATTRIBUTE":"Natural.Great Lake Or Lake Or Pond","VER_DATE":" ","SRC_RESOLU":0,"DATA_SOURC":"Aerial Photography","EX_METH":"Stereo","EXT_METH":"Stereo","DAT_SET_CR":"NOAA","SRC_CITA":" ","FIPS_ALPHA":"NY","NOAA_Regio":"North Atlantic","Shape_Leng":7.3796631982E-05,"Shape__Length":7.3796631982050157E-05}},{"type":"Feature","id":173053,"geometry":{"type":"LineString","coordinates":[[-71.9507483145642,41.0445146193424],[-71.9507394256634,41.0445354449474],[-71.9507123101985,41.0445861658223]]},"properties":{"FID":173053,"SOURCE_ID":"GC11249","SRC_DATE":"20140428","HOR_ACC":"0.6","INFORM":" ","ATTRIBUTE":"Natural.Great Lake Or Lake Or Pond","VER_DATE":" ","SRC_RESOLU":0,"DATA_SOURC":"Aerial Photography","EX_METH":"Stereo","EXT_METH":"Stereo","DAT_SET_CR":"NOAA","SRC_CITA":" ","FIPS_ALPHA":"NY","NOAA_Regio":"North Atlantic","Shape_Leng":8.0157228483E-05,"Shape__Length":8.0157228482987018E-05}},{"type":"Feature","id":173054,"geometry":{"type":"LineString","coordinates":[[-71.9544811542842,41.0447237296247],[-71.9545117798059,41.0447041261979],[-71.9545676313187,41.0446744629519]]},"properties":{"FID":173054,"SOURCE_ID":"GC11249","SRC_DATE":"20140428","HOR_ACC":"0.6","INFORM":" ","ATTRIBUTE":"Natural.Great Lake Or Lake Or Pond","VER_DATE":" ","SRC_RESOLU":0,"DATA_SOURC":"Aerial Photography","EX_METH":"Stereo","EXT_METH":"Stereo","DAT_SET_CR":"NOAA","SRC_CITA":" ","FIPS_ALPHA":"NY","NOAA_Regio":"North Atlantic","Shape_Leng":9.9602288899E-05,"Shape__Length":9.9602288899209757E-05}},{"type":"Feature","id":173055,"geometry":{"type":"LineString","coordinates":[[-71.9542706562111,41.0449212279861],[-71.9542829184704,41.0449065294633],[-71.9542956375856,41.0448959498362]]},"properties":{"FID":173055,"SOURCE_ID":"GC11249","SRC_DATE":"20140428","HOR_ACC":"0.6","INFORM":" ","ATTRIBUTE":"Natural.Great Lake Or Lake Or Pond","VER_DATE":" ","SRC_RESOLU":0,"DATA_SOURC":"Aerial Photography","EX_METH":"Stereo","EXT_METH":"Stereo","DAT_SET_CR":"NOAA","SRC_CITA":" ","FIPS_ALPHA":"NY","NOAA_Regio":"North Atlantic","Shape_Leng":3.5685833095E-05,"Shape__Length":3.56858330947677E-05}},{"type":"Feature","id":173056,"geometry":{"type":"LineString","coordinates":[[-71.9538360658952,41.0450790851305],[-71.9538509586732,41.0450828218139],[-71.9538653064626,41.0450962163186]]},"properties":{"FID":173056,"SOURCE_ID":"GC11249","SRC_DATE":"20140428","HOR_ACC":"0.6","INFORM":" ","ATTRIBUTE":"Natural.Great Lake Or Lake Or Pond","VER_DATE":" ","SRC_RESOLU":0,"DATA_SOURC":"Aerial Photography","EX_METH":"Stereo","EXT_METH":"Stereo","DAT_SET_CR":"NOAA","SRC_CITA":" ","FIPS_ALPHA":"NY","NOAA_Regio":"North Atlantic","Shape_Leng":3.4982733183E-05,"Shape__Length":3.49827331830351E-05}},{"type":"Feature","id":173057,"geometry":{"type":"LineString","coordinates":[[-71.9526760030311,41.0450502052336],[-71.9526976146472,41.0450693913732],[-71.9527172693378,41.0450844163489],[-71.9527498472899,41.0450927584608]]},"properties":{"FID":173057,"SOURCE_ID":"GC11249","SRC_DATE":"20140428","HOR_ACC":"0.6","INFORM":" ","ATTRIBUTE":"Natural.Great Lake Or Lake Or Pond","VER_DATE":" ","SRC_RESOLU":0,"DATA_SOURC":"Aerial Photography","EX_METH":"Stereo","EXT_METH":"Stereo","DAT_SET_CR":"NOAA","SRC_CITA":" ","FIPS_ALPHA":"NY","NOAA_Regio":"North Atlantic","Shape_Leng":8.7268122906E-05,"Shape__Length":8.7268122906354736E-05}},{"type":"Feature","id":173058,"geometry":{"type":"LineString","coordinates":[[-71.9530149558241,41.0451003793087],[-71.9530279600247,41.0450931289725]]},"properties":{"FID":173058,"SOURCE_ID":"GC11249","SRC_DATE":"20140428","HOR_ACC":"0.6","INFORM":" ","ATTRIBUTE":"Natural.Great Lake Or Lake Or Pond","VER_DATE":" ","SRC_RESOLU":0,"DATA_SOURC":"Aerial Photography","EX_METH":"Stereo","EXT_METH":"Stereo","DAT_SET_CR":"NOAA","SRC_CITA":" ","FIPS_ALPHA":"NY","NOAA_Regio":"North Atlantic","Shape_Leng":1.488880389E-05,"Shape__Length":1.4888803890172934E-05}},{"type":"Feature","id":173105,"geometry":{"type":"LineString","coordinates":[[-71.9530149558241,41.0451003793087],[-71.9527531217217,41.0450781588637],[-71.9527498472899,41.0450927584608]]},"properties":{"FID":173105,"SOURCE_ID":"GC11249","SRC_DATE":"20140428","HOR_ACC":"0.6","INFORM":" ","ATTRIBUTE":"Man-made.Bulkhead Or Sea Wall","VER_DATE":" ","SRC_RESOLU":0,"DATA_SOURC":"Aerial Photography","EX_METH":"Stereo","EXT_METH":"Stereo","DAT_SET_CR":"NOAA","SRC_CITA":" ","FIPS_ALPHA":"NY","NOAA_Regio":"North Atlantic","Shape_Leng":0.000277737477698,"Shape__Length":0.00027773747769804395}},{"type":"Feature","id":173106,"geometry":{"type":"LineString","coordinates":[[-71.9580470162883,41.0513372291196],[-71.9580602956831,41.0513576635187],[-71.9580782002938,41.0513995242696],[-71.9580499723663,41.051434990841]]},"properties":{"FID":173106,"SOURCE_ID":"GC11249","SRC_DATE":"20140428","HOR_ACC":"0.6","INFORM":" ","ATTRIBUTE":"Man-made.Bulkhead Or Sea Wall","VER_DATE":" ","SRC_RESOLU":0,"DATA_SOURC":"Aerial Photography","EX_METH":"Stereo","EXT_METH":"Stereo","DAT_SET_CR":"NOAA","SRC_CITA":" ","FIPS_ALPHA":"NY","NOAA_Regio":"North Atlantic","Shape_Leng":0.000115227992913,"Shape__Length":0.00011522799291324042}},{"type":"Feature","id":173114,"geometry":{"type":"LineString","coordinates":[[-71.9523237148615,41.0728450832259],[-71.9530030458652,41.0727966214274],[-71.9533767565646,41.072799283409],[-71.9545247424262,41.0727763686416],[-71.9549409488047,41.0727913990005]]},"properties":{"FID":173114,"SOURCE_ID":"GC11249","SRC_DATE":"20140607","HOR_ACC":"0.6","INFORM":" ","ATTRIBUTE":"Man-made.Bulkhead Or Sea Wall","VER_DATE":" ","SRC_RESOLU":0,"DATA_SOURC":"Aerial Photography","EX_METH":"Stereo","EXT_METH":"Stereo","DAT_SET_CR":"NOAA","SRC_CITA":" ","FIPS_ALPHA":"NY","NOAA_Regio":"North Atlantic","Shape_Leng":0.00261946893827,"Shape__Length":0.0026194689382651741}},{"type":"Feature","id":173115,"geometry":{"type":"LineString","coordinates":[[-71.9480583702297,41.0732051944649],[-71.9480152791985,41.0731808219348],[-71.9474758395825,41.0732201538097],[-71.9468375230834,41.0734471445579],[-71.9468628336138,41.073492336398]]},"properties":{"FID":173115,"SOURCE_ID":"GC11249","SRC_DATE":"20140607","HOR_ACC":"0.6","INFORM":" ","ATTRIBUTE":"Man-made.Bulkhead Or Sea Wall","VER_DATE":" ","SRC_RESOLU":0,"DATA_SOURC":"Aerial Photography","EX_METH":"Stereo","EXT_METH":"Stereo","DAT_SET_CR":"NOAA","SRC_CITA":" ","FIPS_ALPHA":"NY","NOAA_Regio":"North Atlantic","Shape_Leng":0.00131964957596,"Shape__Length":0.0013196495759601006}},{"type":"Feature","id":173116,"geometry":{"type":"LineString","coordinates":[[-71.9459414572217,41.0739676740877],[-71.9458860400799,41.0739663493879],[-71.9458259131885,41.07399040536],[-71.9456121748531,41.0741194185356],[-71.9454739714972,41.0741955641526],[-71.9452552751965,41.0743007057194],[-71.9448991300715,41.0744833409871],[-71.9446479763273,41.0745718361005],[-71.9444627842781,41.0746391782538],[-71.9441678182486,41.0747433116828],[-71.943769723331,41.0748773322906],[-71.9436509813144,41.0750220260454]]},"properties":{"FID":173116,"SOURCE_ID":"GC11249","SRC_DATE":"20140607","HOR_ACC":"0.6","INFORM":" ","ATTRIBUTE":"Man-made.Bulkhead Or Sea Wall","VER_DATE":" ","SRC_RESOLU":0,"DATA_SOURC":"Aerial Photography","EX_METH":"Stereo","EXT_METH":"Stereo","DAT_SET_CR":"NOAA","SRC_CITA":" ","FIPS_ALPHA":"NY","NOAA_Regio":"North Atlantic","Shape_Leng":0.00255392321631,"Shape__Length":0.0025539232163137291}},{"type":"Feature","id":173229,"geometry":{"type":"LineString","coordinates":[[-71.9466077315465,41.0364637133727],[-71.9465516381153,41.0364809201065]]},"properties":{"FID":173229,"SOURCE_ID":"GC11249","SRC_DATE":"20140428","HOR_ACC":"0.6","INFORM":" ","ATTRIBUTE":"Man-made.Ramp","VER_DATE":" ","SRC_RESOLU":0,"DATA_SOURC":"Aerial Photography","EX_METH":"Stereo","EXT_METH":"Stereo","DAT_SET_CR":"NOAA","SRC_CITA":" ","FIPS_ALPHA":"NY","NOAA_Regio":"North Atlantic","Shape_Leng":5.8673184727E-05,"Shape__Length":5.8673184727191E-05}},{"type":"Feature","id":173230,"geometry":{"type":"LineString","coordinates":[[-71.9771709119648,41.0430249748623],[-71.9773223884276,41.0430994099591]]},"properties":{"FID":173230,"SOURCE_ID":"GC11249","SRC_DATE":"20140428","HOR_ACC":"0.6","INFORM":" ","ATTRIBUTE":"Man-made.Ramp","VER_DATE":" ","SRC_RESOLU":0,"DATA_SOURC":"Aerial Photography","EX_METH":"Stereo","EXT_METH":"Stereo","DAT_SET_CR":"NOAA","SRC_CITA":" ","FIPS_ALPHA":"NY","NOAA_Regio":"North Atlantic","Shape_Leng":0.000168777027002,"Shape__Length":0.00016877702700171467}},{"type":"Feature","id":173449,"geometry":{"type":"LineString","coordinates":[[-71.9480583702297,41.0732051944649],[-71.9486740642865,41.0731737685293]]},"properties":{"FID":173449,"SOURCE_ID":"GC11249","SRC_DATE":"20140607","HOR_ACC":"0.6","INFORM":" ","ATTRIBUTE":"Man-made.Rip Rap","VER_DATE":" ","SRC_RESOLU":0,"DATA_SOURC":"Aerial Photography","EX_METH":"Stereo","EXT_METH":"Stereo","DAT_SET_CR":"NOAA","SRC_CITA":" ","FIPS_ALPHA":"NY","NOAA_Regio":"North Atlantic","Shape_Leng":0.000616495349608,"Shape__Length":0.00061649534960788507}},{"type":"Feature","id":173450,"geometry":{"type":"LineString","coordinates":[[-71.9469068743323,41.0735684586268],[-71.9469014981807,41.0735219043128],[-71.9468628336138,41.073492336398]]},"properties":{"FID":173450,"SOURCE_ID":"GC11249","SRC_DATE":"20140607","HOR_ACC":"0.6","INFORM":" ","ATTRIBUTE":"Man-made.Rip Rap","VER_DATE":" ","SRC_RESOLU":0,"DATA_SOURC":"Aerial Photography","EX_METH":"Stereo","EXT_METH":"Stereo","DAT_SET_CR":"NOAA","SRC_CITA":" ","FIPS_ALPHA":"NY","NOAA_Regio":"North Atlantic","Shape_Leng":9.5538219496E-05,"Shape__Length":9.5538219495639782E-05}},{"type":"Feature","id":173451,"geometry":{"type":"LineString","coordinates":[[-71.9459414572217,41.0739676740877],[-71.9461137368006,41.0738969064165],[-71.9465440967035,41.0737247500489]]},"properties":{"FID":173451,"SOURCE_ID":"GC11249","SRC_DATE":"20140607","HOR_ACC":"0.6","INFORM":" ","ATTRIBUTE":"Man-made.Rip Rap","VER_DATE":" ","SRC_RESOLU":0,"DATA_SOURC":"Aerial Photography","EX_METH":"Stereo","EXT_METH":"Stereo","DAT_SET_CR":"NOAA","SRC_CITA":" ","FIPS_ALPHA":"NY","NOAA_Regio":"North Atlantic","Shape_Leng":0.00064976421271,"Shape__Length":0.00064976421271007909}},{"type":"Feature","id":173480,"geometry":{"type":"LineString","coordinates":[[-71.9111118579061,41.0753596317612],[-71.9111648819454,41.0752570595633],[-71.9111778384804,41.0752243925825],[-71.911175339263,41.0752125377171],[-71.9111642793956,41.0751892048024],[-71.9111456472339,41.0751635678244],[-71.9111328435799,41.0751297200343],[-71.911130160899,41.0750878574843],[-71.9111413475678,41.0750557606738],[-71.9111562835123,41.0750414452622],[-71.9111934650937,41.0750183659548],[-71.911239442948,41.0750146031891],[-71.9113204952736,41.0750248392721],[-71.9113502898229,41.0750294653846],[-71.9113960077732,41.0750289509709],[-71.9114331380945,41.0750280435535],[-71.9115063852009,41.0750281388793],[-71.9115341490805,41.0750365844134],[-71.9115714898443,41.0750546005343],[-71.9116017772226,41.0750638149888],[-71.9116426811007,41.0750696021259],[-71.9116803069489,41.0750732821513],[-71.9117209770029,41.0750712325946],[-71.9117836327897,41.0750636683934],[-71.9118430105464,41.0750539970802],[-71.9119428236336,41.075034440416],[-71.9119668148557,41.0750361913956],[-71.9120076926542,41.0750530644778],[-71.9121262710056,41.0751113234668],[-71.9121822700107,41.0751438897213],[-71.9122314251734,41.0751865769484],[-71.9122717346018,41.075232120423],[-71.9122966889993,41.0752541331323],[-71.9123330153276,41.0752740585142],[-71.9124021534319,41.0753039654725],[-71.9124919795479,41.0753446031429],[-71.9125116252457,41.0753683290611],[-71.9125237013473,41.0753897518153],[-71.9125337719596,41.0754039098448],[-71.9125854775999,41.0754362782485],[-71.9127757193528,41.0755252113176],[-71.9130525100911,41.0756526758445],[-71.9131561812756,41.0757141643001],[-71.9132028633006,41.0757339116159],[-71.9132384611771,41.0757414119621],[-71.9132720535644,41.0757416457848],[-71.9133597159081,41.0757339215035],[-71.9133895095581,41.075738547616],[-71.913403639711,41.0757450641044],[-71.9134381970723,41.075765560556],[-71.9134755378361,41.0757835757776],[-71.9135131385038,41.0757983417479],[-71.9135608358637,41.075816178004],[-71.9135961486558,41.0758380135464],[-71.9136306808367,41.0758695950437],[-71.913645514261,41.0758996234123],[-71.9136681322206,41.0759508766843],[-71.9136905136582,41.0759942941618],[-71.913714169435,41.0760325522277],[-71.9137562739102,41.0760664377884],[-71.9138251548085,41.0760995930985],[-71.9138751166622,41.0761214457276],[-71.9140702012649,41.0761929904013],[-71.9142341666181,41.0762872402643],[-71.9143481224548,41.0763818075895],[-71.9143790915213,41.0764256180706],[-71.9143895083767,41.0765108792128],[-71.9143580303002,41.076581176534],[-71.9142592667276,41.0766953517885],[-71.9142296331593,41.0767318220036],[-71.9141825140682,41.0767929255542],[-71.9141301384369,41.0768335704237],[-71.9140952456304,41.0768495810584],[-71.9140613681588,41.0768636824319],[-71.9140302489092,41.076886387621],[-71.9139907281921,41.0769387101892],[-71.9139253717446,41.0770231088839],[-71.9138605584868,41.0770899249299],[-71.9138015242753,41.0771707002551]]},"properties":{"FID":173480,"SOURCE_ID":"GC11249","SRC_DATE":"20140607","HOR_ACC":"0.6","INFORM":" ","ATTRIBUTE":"Natural.Apparent.Marsh Or Swamp","VER_DATE":" ","SRC_RESOLU":0,"DATA_SOURC":"Aerial Photography","EX_METH":"Stereo","EXT_METH":"Stereo","DAT_SET_CR":"NOAA","SRC_CITA":" ","FIPS_ALPHA":"NY","NOAA_Regio":"North Atlantic","Shape_Leng":0.00503267658081,"Shape__Length":0.0050326765808134527}},{"type":"Feature","id":173481,"geometry":{"type":"LineString","coordinates":[[-71.9138015242753,41.0771707002551],[-71.9137196976398,41.0772778230242],[-71.9136963863074,41.0773106698699],[-71.9136621976716,41.0773501914853],[-71.9136320928575,41.077370986514],[-71.9136004789804,41.0773891042606],[-71.9135445627172,41.0774308921688],[-71.9135103992618,41.0774593269399],[-71.9134415777235,41.0775116099388],[-71.91341753704,41.0775320317486],[-71.9133932346538,41.077555701011],[-71.9133843376594,41.0775807291487],[-71.913365033708,41.0776281063433],[-71.91333995161,41.0776615233593],[-71.9132954063782,41.0777012221416],[-71.9132377472276,41.0777324951744],[-71.9131995745925,41.0777463986971],[-71.9131419388237,41.0777665857849],[-71.9130708770726,41.0778037655666],[-71.9130468103093,41.0778352733214],[-71.9130132503031,41.0779315628535],[-71.9130012839225,41.0779734065182],[-71.9130056861089,41.0780368698887],[-71.9129861735137,41.0780653244444],[-71.9129583062145,41.0781012217912],[-71.9129235977708,41.078147241909],[-71.9128758320704,41.0782702727878],[-71.9128549668967,41.0783371445903],[-71.9128541377232,41.0783690633346],[-71.9128489378452,41.078434043862],[-71.9128348409726,41.0785240516277],[-71.9128147069486,41.0786033475667],[-71.9127771125822,41.0786961917955],[-71.9127049095944,41.078790712362],[-71.912586910417,41.0789190042781],[-71.9125077053037,41.0789825503889],[-71.9124509571691,41.0790562570414],[-71.9124099732531,41.0790837277393],[-71.9123520263202,41.0791293341697],[-71.9122561144967,41.0792077676611]]},"properties":{"FID":173481,"SOURCE_ID":"GC11249","SRC_DATE":"20140607","HOR_ACC":"0.6","INFORM":" ","ATTRIBUTE":"Natural.Apparent.Marsh Or Swamp","VER_DATE":" ","SRC_RESOLU":0,"DATA_SOURC":"Aerial Photography","EX_METH":"Stereo","EXT_METH":"Stereo","DAT_SET_CR":"NOAA","SRC_CITA":" ","FIPS_ALPHA":"NY","NOAA_Regio":"North Atlantic","Shape_Leng":0.00268654227775,"Shape__Length":0.0026865422777524023}},{"type":"Feature","id":173482,"geometry":{"type":"LineString","coordinates":[[-71.9284423900889,41.0574485742394],[-71.9279745095383,41.0572596239576]]},"properties":{"FID":173482,"SOURCE_ID":"GC11249","SRC_DATE":"20140428","HOR_ACC":"0.6","INFORM":" ","ATTRIBUTE":"Natural.Apparent.Marsh Or Swamp","VER_DATE":" ","SRC_RESOLU":0,"DATA_SOURC":"Aerial Photography","EX_METH":"Stereo","EXT_METH":"Stereo","DAT_SET_CR":"NOAA","SRC_CITA":" ","FIPS_ALPHA":"NY","NOAA_Regio":"North Atlantic","Shape_Leng":0.000504593161392,"Shape__Length":0.00050459316139191}},{"type":"Feature","id":173483,"geometry":{"type":"LineString","coordinates":[[-71.9312586855202,41.0589184542674],[-71.9312759066426,41.0589002088176],[-71.9313295952831,41.0588349144252]]},"properties":{"FID":173483,"SOURCE_ID":"GC11249","SRC_DATE":"20140428","HOR_ACC":"0.6","INFORM":" ","ATTRIBUTE":"Natural.Apparent.Marsh Or Swamp","VER_DATE":" ","SRC_RESOLU":0,"DATA_SOURC":"Aerial Photography","EX_METH":"Stereo","EXT_METH":"Stereo","DAT_SET_CR":"NOAA","SRC_CITA":" ","FIPS_ALPHA":"NY","NOAA_Regio":"North Atlantic","Shape_Leng":0.000109622083302,"Shape__Length":0.00010962208330192643}},{"type":"Feature","id":173484,"geometry":{"type":"LineString","coordinates":[[-71.9387164181773,41.0686860070712],[-71.9386730033895,41.0686519605319]]},"properties":{"FID":173484,"SOURCE_ID":"GC11249","SRC_DATE":"20140428","HOR_ACC":"0.6","INFORM":" ","ATTRIBUTE":"Natural.Apparent.Marsh Or Swamp","VER_DATE":" ","SRC_RESOLU":0,"DATA_SOURC":"Aerial Photography","EX_METH":"Stereo","EXT_METH":"Stereo","DAT_SET_CR":"NOAA","SRC_CITA":" ","FIPS_ALPHA":"NY","NOAA_Regio":"North Atlantic","Shape_Leng":5.5172537441E-05,"Shape__Length":5.5172537441339716E-05}},{"type":"Feature","id":173485,"geometry":{"type":"LineString","coordinates":[[-71.8875538632825,41.0668133887327],[-71.8875692704738,41.0668330101445],[-71.8875762806921,41.06684344498],[-71.8875939101099,41.0668798396505],[-71.8876037873688,41.0669100200046],[-71.8876099567213,41.0669318681385],[-71.8876072470642,41.0669510506816],[-71.8875993231358,41.0669647806342],[-71.8875849366772,41.0669782389917],[-71.8875647118177,41.0669888339075],[-71.8875541070092,41.0669978720961],[-71.8875307911799,41.0670269804592],[-71.8875231298538,41.0670430117775],[-71.8875235057723,41.0670731174882],[-71.887527423222,41.0671020666703],[-71.8875633664444,41.0672183868041],[-71.8875617989284,41.0672690177459],[-71.8875540170933,41.0672866786359],[-71.8875486283547,41.0673011703144],[-71.8875358193081,41.0673284314694],[-71.8875248547709,41.0673423610716],[-71.8875116167471,41.0673578294142],[-71.8875035273428,41.0673620679201],[-71.8874750467041,41.0673674089957],[-71.8874394596199,41.0673695062163],[-71.8874128477725,41.0673670753492],[-71.8873698448755,41.0673525063306],[-71.8872622337606,41.0673057757527],[-71.8872464659413,41.0672910457546],[-71.8872306756385,41.0672707561464],[-71.8872101953697,41.067249613981],[-71.8871964834017,41.0672421666941],[-71.8871834414292,41.0672432521764],[-71.8871427282087,41.0672621406424],[-71.8871129048823,41.0672798545932],[-71.8870949975771,41.0673000326864],[-71.8870881015744,41.0673174039947],[-71.8870806282075,41.0673484881682],[-71.8870752853349,41.0673741017646],[-71.8870669027529,41.0673999150107],[-71.88705938352,41.0674198772662],[-71.8870470753959,41.0674461788444],[-71.8870389563155,41.0674742916573],[-71.8870360973723,41.0675189816766],[-71.8870370965209,41.0675464973393],[-71.8870421624055,41.0675774565066],[-71.8870525414862,41.0676066772839],[-71.887072017212,41.0676297404017],[-71.8870885044887,41.0676346875726],[-71.8871066222365,41.0676351237434],[-71.8871390266186,41.067629295235],[-71.8871598009646,41.0676288626604],[-71.8871899768267,41.0676356957096],[-71.8872119436748,41.0676483959374],[-71.8872239073606,41.0676619837964],[-71.8872502943797,41.0677026727302],[-71.8872629703298,41.0677359152764],[-71.8872644721996,41.0677624722615],[-71.8872577407735,41.0677893359159],[-71.8872450270547,41.0678094060903],[-71.8872289903395,41.0678218131402],[-71.8871979205527,41.0678447062877],[-71.8871749410694,41.0678633618287],[-71.8871571785553,41.0678874717587]]},"properties":{"FID":173485,"SOURCE_ID":"GC11249","SRC_DATE":"20140428","HOR_ACC":"0.6","INFORM":" ","ATTRIBUTE":"Natural.Apparent.Marsh Or Swamp","VER_DATE":" ","SRC_RESOLU":0,"DATA_SOURC":"Aerial Photography","EX_METH":"Stereo","EXT_METH":"Stereo","DAT_SET_CR":"NOAA","SRC_CITA":" ","FIPS_ALPHA":"NY","NOAA_Regio":"North Atlantic","Shape_Leng":0.00188150255508,"Shape__Length":0.0018815025550824476}},{"type":"Feature","id":173550,"geometry":{"type":"LineString","coordinates":[[-71.9082186835839,41.0522652548225],[-71.9082327067142,41.0522126939348],[-71.9078969869841,41.0521481289053]]},"properties":{"FID":173550,"SOURCE_ID":"GC11249","SRC_DATE":"20140428","HOR_ACC":"0.6","INFORM":" ","ATTRIBUTE":"Man-made.Bulkhead Or Sea Wall","VER_DATE":" ","SRC_RESOLU":0,"DATA_SOURC":"Aerial Photography","EX_METH":"Stereo","EXT_METH":"Stereo","DAT_SET_CR":"NOAA","SRC_CITA":" ","FIPS_ALPHA":"NY","NOAA_Regio":"North Atlantic","Shape_Leng":0.000396271158998,"Shape__Length":0.00039627115899835361}},{"type":"Feature","id":173551,"geometry":{"type":"LineString","coordinates":[[-71.9312586855202,41.0589184542674],[-71.9312203321218,41.0589414526358],[-71.9315298779898,41.0592759977945],[-71.931636650042,41.059412982552],[-71.9317865050337,41.0596130178897],[-71.9318209005165,41.059624289094]]},"properties":{"FID":173551,"SOURCE_ID":"GC11249","SRC_DATE":"20140428","HOR_ACC":"0.6","INFORM":" ","ATTRIBUTE":"Man-made.Bulkhead Or Sea Wall","VER_DATE":" ","SRC_RESOLU":0,"DATA_SOURC":"Aerial Photography","EX_METH":"Stereo","EXT_METH":"Stereo","DAT_SET_CR":"NOAA","SRC_CITA":" ","FIPS_ALPHA":"NY","NOAA_Regio":"North Atlantic","Shape_Leng":0.000960321610111,"Shape__Length":0.00096032161011063138}},{"type":"Feature","id":173552,"geometry":{"type":"LineString","coordinates":[[-71.9120852135239,41.0623731373524],[-71.9121179740355,41.0623281280728],[-71.9118765716324,41.0622205763374],[-71.9118459155318,41.0622064938517],[-71.9118185167767,41.0621945490548],[-71.9118065405019,41.0622069875809]]},"properties":{"FID":173552,"SOURCE_ID":"GC11249","SRC_DATE":"20140428","HOR_ACC":"0.6","INFORM":" ","ATTRIBUTE":"Man-made.Bulkhead Or Sea Wall","VER_DATE":" ","SRC_RESOLU":0,"DATA_SOURC":"Aerial Photography","EX_METH":"Stereo","EXT_METH":"Stereo","DAT_SET_CR":"NOAA","SRC_CITA":" ","FIPS_ALPHA":"NY","NOAA_Regio":"North Atlantic","Shape_Leng":0.000400838817418,"Shape__Length":0.00040083881741847095}},{"type":"Feature","id":173553,"geometry":{"type":"LineString","coordinates":[[-71.9347283687183,41.0676660031304],[-71.9348009593173,41.0676284132578],[-71.9352401235828,41.06740099264],[-71.9356635326209,41.0671859835688],[-71.9357490581725,41.0671384480913],[-71.9361113924335,41.0669490319338],[-71.9363598958953,41.0672238288239],[-71.9370887849368,41.0668412868046],[-71.9372739338195,41.0667907556817],[-71.9373491333525,41.0667523222447],[-71.9375890473875,41.0670437727841],[-71.9373438417632,41.0671643170434],[-71.9371562413302,41.0672565407447],[-71.9371284774531,41.0672936512771],[-71.9371225680064,41.0673015500244],[-71.9371873282099,41.0673364796974],[-71.9372013612364,41.0673502797964],[-71.9372143690356,41.0673659999484],[-71.9375783868481,41.0675317297338],[-71.9381055507013,41.0672640410613],[-71.9384152206473,41.0670923424526],[-71.9384296322886,41.0671068170434],[-71.9384845143325,41.0670884241034],[-71.938702742985,41.0669730968133],[-71.93874378716,41.0670219947598],[-71.9388972547281,41.0671992196885],[-71.9389196334666,41.0672250644098],[-71.9391912737955,41.0675245629828],[-71.9390824297141,41.0675554870802],[-71.939084605176,41.0675762704167]]},"properties":{"FID":173553,"SOURCE_ID":"GC11249","SRC_DATE":"20140428","HOR_ACC":"0.6","INFORM":" ","ATTRIBUTE":"Man-made.Bulkhead Or Sea Wall","VER_DATE":" ","SRC_RESOLU":0,"DATA_SOURC":"Aerial Photography","EX_METH":"Stereo","EXT_METH":"Stereo","DAT_SET_CR":"NOAA","SRC_CITA":" ","FIPS_ALPHA":"NY","NOAA_Regio":"North Atlantic","Shape_Leng":0.00659884572885,"Shape__Length":0.00659884572885387}},{"type":"Feature","id":173554,"geometry":{"type":"LineString","coordinates":[[-71.9387164181773,41.0686860070712],[-71.9387187141497,41.0687314183468],[-71.9387222179234,41.068976145507]]},"properties":{"FID":173554,"SOURCE_ID":"GC11249","SRC_DATE":"20140607","HOR_ACC":"0.6","INFORM":" ","ATTRIBUTE":"Man-made.Bulkhead Or Sea Wall","VER_DATE":" ","SRC_RESOLU":0,"DATA_SOURC":"Aerial Photography","EX_METH":"Stereo","EXT_METH":"Stereo","DAT_SET_CR":"NOAA","SRC_CITA":" ","FIPS_ALPHA":"NY","NOAA_Regio":"North Atlantic","Shape_Leng":0.000290221463985,"Shape__Length":0.00029022146398453472}},{"type":"Feature","id":173555,"geometry":{"type":"LineString","coordinates":[[-71.9318679491172,41.0694084742028],[-71.9319063187128,41.0695520339072],[-71.9317140373038,41.0695858376371],[-71.9317423147024,41.0696978131454],[-71.9316722718819,41.0697071858839],[-71.9312156490635,41.0697841804714],[-71.9312056342083,41.0697565236154],[-71.9311522630254,41.0697638809723],[-71.9311133376553,41.0697406047158],[-71.9310377289292,41.0697549785853],[-71.9310721334118,41.0698830159883],[-71.9310798136262,41.0699113985974],[-71.9310843848826,41.0699282950631],[-71.9310916810862,41.0699552549445],[-71.9311116631291,41.0699527188552],[-71.9311629173073,41.0699462122572],[-71.9311904824342,41.0699090684499],[-71.9312443725262,41.0699007569121],[-71.9312392499848,41.0698762971465],[-71.9316294317691,41.0698139498222],[-71.9316451654133,41.0698114362161],[-71.9316428622478,41.0697939884657],[-71.9319645687307,41.0697430526433],[-71.932061647001,41.0701201564344],[-71.9320740009954,41.0701802698293],[-71.9320964220068,41.0702893764999],[-71.9321104505394,41.0703520106949],[-71.9321367260468,41.0704693236807],[-71.9322174906091,41.0708328225257],[-71.932229641356,41.0708818301905],[-71.9322824207848,41.0708714978758],[-71.9323220044568,41.070859450554]]},"properties":{"FID":173555,"SOURCE_ID":"GC11249","SRC_DATE":"20140428","HOR_ACC":"0.6","INFORM":" ","ATTRIBUTE":"Man-made.Bulkhead Or Sea Wall","VER_DATE":" ","SRC_RESOLU":0,"DATA_SOURC":"Aerial Photography","EX_METH":"Stereo","EXT_METH":"Stereo","DAT_SET_CR":"NOAA","SRC_CITA":" ","FIPS_ALPHA":"NY","NOAA_Regio":"North Atlantic","Shape_Leng":0.00362260879144,"Shape__Length":0.003622608791436617}},{"type":"Feature","id":173556,"geometry":{"type":"LineString","coordinates":[[-71.932445093822,41.0711466077329],[-71.9323838382752,41.0710697849327],[-71.9322830512135,41.0709377644337],[-71.9323264884817,41.0709256397701],[-71.9323480173586,41.0709173237368]]},"properties":{"FID":173556,"SOURCE_ID":"GC11249","SRC_DATE":"20140607","HOR_ACC":"0.6","INFORM":" ","ATTRIBUTE":"Man-made.Bulkhead Or Sea Wall","VER_DATE":" ","SRC_RESOLU":0,"DATA_SOURC":"Aerial Photography","EX_METH":"Stereo","EXT_METH":"Stereo","DAT_SET_CR":"NOAA","SRC_CITA":" ","FIPS_ALPHA":"NY","NOAA_Regio":"North Atlantic","Shape_Leng":0.00033252618997,"Shape__Length":0.00033252618996953227}},{"type":"Feature","id":173557,"geometry":{"type":"LineString","coordinates":[[-71.927328693547,41.0726455181388],[-71.9273391427724,41.0726303690556],[-71.9273573720345,41.0726009126549],[-71.927292033567,41.0725707143162],[-71.927236789993,41.0725451816607],[-71.9271094459467,41.072486325522],[-71.9269601269586,41.0724180660709],[-71.9269297433562,41.0724671591726],[-71.9268030387283,41.0724115208088],[-71.9268830721137,41.0722819716415],[-71.9268267817286,41.0722576800507],[-71.9267050692392,41.0722051560396],[-71.9265993287148,41.0721595253328],[-71.9264794625341,41.0721077972218],[-71.9263687037907,41.0720535087401],[-71.9262690480814,41.0720096029331],[-71.926168577586,41.0719653382966],[-71.9260724310325,41.0719229793237],[-71.9259720477714,41.0718787524587],[-71.9258723066264,41.0718348088802],[-71.9257767167535,41.0717926945229],[-71.9257222744758,41.0717687087017],[-71.9256715652858,41.0717562593858]]},"properties":{"FID":173557,"SOURCE_ID":"GC11249","SRC_DATE":"20140428","HOR_ACC":"0.6","INFORM":" ","ATTRIBUTE":"Man-made.Bulkhead Or Sea Wall","VER_DATE":" ","SRC_RESOLU":0,"DATA_SOURC":"Aerial Photography","EX_METH":"Stereo","EXT_METH":"Stereo","DAT_SET_CR":"NOAA","SRC_CITA":" ","FIPS_ALPHA":"NY","NOAA_Regio":"North Atlantic","Shape_Leng":0.00216028193427,"Shape__Length":0.0021602819342672239}},{"type":"Feature","id":173558,"geometry":{"type":"LineString","coordinates":[[-71.9278459522925,41.072882914907],[-71.9274047375476,41.0726766175981],[-71.9273905093685,41.0726704302616]]},"properties":{"FID":173558,"SOURCE_ID":"GC11249","SRC_DATE":"20140607","HOR_ACC":"0.6","INFORM":" ","ATTRIBUTE":"Man-made.Bulkhead Or Sea Wall","VER_DATE":" ","SRC_RESOLU":0,"DATA_SOURC":"Aerial Photography","EX_METH":"Stereo","EXT_METH":"Stereo","DAT_SET_CR":"NOAA","SRC_CITA":" ","FIPS_ALPHA":"NY","NOAA_Regio":"North Atlantic","Shape_Leng":0.00050257676303,"Shape__Length":0.00050257676302994968}},{"type":"Feature","id":173559,"geometry":{"type":"LineString","coordinates":[[-71.9358952810571,41.0718667983466],[-71.9358920147178,41.0718551862982],[-71.9358797749395,41.071832971241],[-71.9357907681095,41.0718514352285],[-71.9356928220156,41.0718717536186],[-71.9356239645023,41.0718860375557],[-71.9355861183143,41.0717794498871],[-71.9354438689047,41.0718093235773],[-71.9354403075877,41.0718009652767],[-71.9352933879971,41.0718299414435],[-71.9352817363748,41.0717917382358],[-71.935429173975,41.0717618078882],[-71.9354250182058,41.0717504764283],[-71.9355625965352,41.0717197052147],[-71.9355165143523,41.0715943819666],[-71.935418963945,41.0713468048572],[-71.9353304229503,41.0711220921157],[-71.93520354204,41.0707970590823],[-71.9360447825325,41.0706050843376]]},"properties":{"FID":173559,"SOURCE_ID":"GC11249","SRC_DATE":"20140607","HOR_ACC":"0.6","INFORM":" ","ATTRIBUTE":"Man-made.Bulkhead Or Sea Wall","VER_DATE":" ","SRC_RESOLU":0,"DATA_SOURC":"Aerial Photography","EX_METH":"Stereo","EXT_METH":"Stereo","DAT_SET_CR":"NOAA","SRC_CITA":" ","FIPS_ALPHA":"NY","NOAA_Regio":"North Atlantic","Shape_Leng":0.00291235353464,"Shape__Length":0.0029123535346441028}},{"type":"Feature","id":173560,"geometry":{"type":"LineString","coordinates":[[-71.895044327137,41.0670440502517],[-71.8950420464529,41.0669973142745],[-71.8950486528711,41.0669310944811],[-71.8950476060579,41.0668958284595],[-71.8950428621314,41.0668744146982],[-71.8950301142371,41.0668721987687],[-71.8949997755988,41.0668851517076],[-71.8949781406023,41.066902418695],[-71.8949485564955,41.0669167107247],[-71.894906877402,41.0669206641465],[-71.8948582789219,41.0669141917261],[-71.8948383238586,41.0669158833518],[-71.8948227772737,41.0669216902759],[-71.8948247234089,41.0669511277901],[-71.8948350080607,41.0669786668349],[-71.8948883118002,41.0670714445109],[-71.8949373050853,41.0671213065306],[-71.8949587125555,41.0671444640772],[-71.8949736673882,41.0671728700684],[-71.8949715827606,41.06719886138],[-71.8949538463267,41.0672211987459],[-71.8949414482694,41.0672307378571],[-71.8949098343924,41.0672488502077],[-71.8948779597119,41.0672702118095],[-71.8948611091106,41.0672922640903],[-71.8948519603057,41.0673149962584],[-71.8948558192991,41.0673366951048],[-71.8948663800423,41.0673554423755],[-71.8948745458901,41.0673717956506],[-71.8948757518826,41.0673943515512],[-71.8948667190906,41.0674210020662],[-71.8948438808022,41.0674639743807],[-71.8948349640229,41.067494544142],[-71.8948339954547,41.0675280870622],[-71.8948281597583,41.067638363752],[-71.8948504179938,41.0677743898346],[-71.8948645355593,41.0678347136709],[-71.894878692694,41.0678784090393],[-71.8948886005297,41.0679052771896],[-71.8949309280398,41.0679952678664],[-71.894946389191,41.0680227187774],[-71.8949853037702,41.0680639652906],[-71.8949969814722,41.0680902632707],[-71.8950083552045,41.0681364389698],[-71.895001221781,41.0681608942392],[-71.8949933626038,41.0681729244728],[-71.8949753797555,41.0681929676678],[-71.8949570353792,41.0682067983448],[-71.89488358233,41.0682415751376],[-71.8948528380979,41.0682649449258],[-71.8948303334568,41.0682830293971],[-71.8948298091519,41.0682834511792]]},"properties":{"FID":173560,"SOURCE_ID":"GC11249","SRC_DATE":"20140428","HOR_ACC":"0.6","INFORM":" ","ATTRIBUTE":"Natural.Apparent.Marsh Or Swamp","VER_DATE":" ","SRC_RESOLU":0,"DATA_SOURC":"Aerial Photography","EX_METH":"Stereo","EXT_METH":"Stereo","DAT_SET_CR":"NOAA","SRC_CITA":" ","FIPS_ALPHA":"NY","NOAA_Regio":"North Atlantic","Shape_Leng":0.00201586168469,"Shape__Length":0.0020158616846925551}},{"type":"Feature","id":173561,"geometry":{"type":"LineString","coordinates":[[-71.8964952650588,41.0677713968372],[-71.8964845874034,41.0677487321189],[-71.8964759134386,41.067733333924],[-71.8964578235676,41.0676956532229],[-71.8964489310667,41.067666874912],[-71.8964410664909,41.0676306439179],[-71.8964446889593,41.0675962439435],[-71.8964503124204,41.0675691104925],[-71.8964557173453,41.0675285969256],[-71.8964463724841,41.0674786018049],[-71.8964345931581,41.067442842955],[-71.896401260672,41.0673910923582],[-71.8963652176298,41.0673623707055],[-71.8963042903387,41.067337722084]]},"properties":{"FID":173561,"SOURCE_ID":"GC11249","SRC_DATE":"20140428","HOR_ACC":"0.6","INFORM":" ","ATTRIBUTE":"Natural.Apparent.Marsh Or Swamp","VER_DATE":" ","SRC_RESOLU":0,"DATA_SOURC":"Aerial Photography","EX_METH":"Stereo","EXT_METH":"Stereo","DAT_SET_CR":"NOAA","SRC_CITA":" ","FIPS_ALPHA":"NY","NOAA_Regio":"North Atlantic","Shape_Leng":0.000516771386755,"Shape__Length":0.00051677138675485239}},{"type":"Feature","id":173562,"geometry":{"type":"LineString","coordinates":[[-71.8939971859963,41.0690157342182],[-71.8939856297057,41.0690416167121],[-71.8939857178401,41.069056621004],[-71.893994610341,41.0690853993149],[-71.8940245892528,41.0691144950858],[-71.8940401951944,41.069134779298],[-71.8940499870174,41.0691577291015],[-71.8940580089739,41.0691812499746],[-71.894069875535,41.069232014915],[-71.8940815523377,41.069258312895],[-71.894097419982,41.0692753469568],[-71.8941172176646,41.0692863663513],[-71.8941419607202,41.0692894600189],[-71.8941611612519,41.0692864293024],[-71.8941787241177,41.0692823454797],[-71.8942027270306,41.0692785575337],[-71.8942250751907,41.0692792590043],[-71.894241232416,41.0692819578698],[-71.8942606523831,41.0692923072693],[-71.8942835833052,41.0693126013738],[-71.8943009447244,41.0693378561399],[-71.8943055870269,41.0693498090314],[-71.8942983079137,41.0693814318989],[-71.8942915522058,41.0694065562641],[-71.8942596370595,41.0694928075615],[-71.8942367277263,41.0695634951882],[-71.8942161242548,41.06962157072],[-71.8941924271131,41.0696537430739],[-71.8941679916273,41.0696790338143],[-71.8941302434741,41.0697252337967],[-71.8941046487623,41.069759600497],[-71.8940875229688,41.0697904445517]]},"properties":{"FID":173562,"SOURCE_ID":"GC11249","SRC_DATE":"20140428","HOR_ACC":"0.6","INFORM":" ","ATTRIBUTE":"Natural.Apparent.Marsh Or Swamp","VER_DATE":" ","SRC_RESOLU":0,"DATA_SOURC":"Aerial Photography","EX_METH":"Stereo","EXT_METH":"Stereo","DAT_SET_CR":"NOAA","SRC_CITA":" ","FIPS_ALPHA":"NY","NOAA_Regio":"North Atlantic","Shape_Leng":0.00103830707012,"Shape__Length":0.00103830707011716}},{"type":"Feature","id":173563,"geometry":{"type":"LineString","coordinates":[[-71.8868906169994,41.0729037589227],[-71.8869000221128,41.0729110236473],[-71.8869249099599,41.0729251564952],[-71.8869484308375,41.0729460999104],[-71.8869606580249,41.0729619882357],[-71.8869780257398,41.0729960833392],[-71.8869862734269,41.0730307737944],[-71.8870003837969,41.0730738890999],[-71.8870303609112,41.0731245416244],[-71.8870666359793,41.0731659751967],[-71.8871449777509,41.0732405820664],[-71.8872274411161,41.0733003168444],[-71.8873023681591,41.0733450140557],[-71.8873679359548,41.073393570259],[-71.8873944974412,41.0734143149239],[-71.8874273047217,41.0734441535348],[-71.8874563285535,41.0734784132139],[-71.8875121476969,41.0735595923312],[-71.8875466061333,41.0735904822497],[-71.8875924796683,41.073624796787],[-71.8877421179177,41.07372301446],[-71.8877880885791,41.0737501380167],[-71.8878298495122,41.0737698880307],[-71.8878626873684,41.0737758523346],[-71.8878965054855,41.0737743333783],[-71.8879252298404,41.0737657322597],[-71.8879409086257,41.0737582166233],[-71.8879529244711,41.0737534897853],[-71.8879864593013,41.0737441098535],[-71.888035716984,41.0737383371026],[-71.8880790607236,41.073742453299],[-71.8881063200833,41.0737478546274],[-71.8881380086053,41.0737518071475],[-71.8881691719229,41.0737511587352],[-71.8882204872556,41.0737526677962],[-71.8882430557499,41.0737572165673],[-71.8882724923693,41.0737682710351],[-71.8883009469291,41.0737868051659],[-71.8883332272065,41.0738120428443],[-71.8883954648128,41.0738823707394],[-71.8884190333551,41.0739144369718],[-71.8884388193479,41.073950923373],[-71.8884397492478,41.0739617557092],[-71.8884352922077,41.0739870806231],[-71.8884134467734,41.0740666202784],[-71.8884091543098,41.0741014375384],[-71.8884168111409,41.0741148428352],[-71.8884360017812,41.0741300440781],[-71.8884860715526,41.0741367332352],[-71.8885933706,41.0741350416066]]},"properties":{"FID":173563,"SOURCE_ID":"GC11249","SRC_DATE":"20140428","HOR_ACC":"0.6","INFORM":" ","ATTRIBUTE":"Natural.Apparent.Marsh Or Swamp","VER_DATE":" ","SRC_RESOLU":0,"DATA_SOURC":"Aerial Photography","EX_METH":"Stereo","EXT_METH":"Stereo","DAT_SET_CR":"NOAA","SRC_CITA":" ","FIPS_ALPHA":"NY","NOAA_Regio":"North Atlantic","Shape_Leng":0.00236191309324,"Shape__Length":0.0023619130932379588}},{"type":"Feature","id":173630,"geometry":{"type":"LineString","coordinates":[[-71.9344811767914,41.0731050238988],[-71.934595258527,41.0730903757347],[-71.9348503899671,41.0728826376891],[-71.9350300691648,41.0727159537053],[-71.9353016015434,41.072456369733],[-71.9355252405137,41.0722445109939],[-71.9355740899006,41.0721777875787]]},"properties":{"FID":173630,"SOURCE_ID":"GC11249","SRC_DATE":"20140607","HOR_ACC":"0.6","INFORM":" ","ATTRIBUTE":"Man-made.Bulkhead Or Sea Wall","VER_DATE":" ","SRC_RESOLU":0,"DATA_SOURC":"Aerial Photography","EX_METH":"Stereo","EXT_METH":"Stereo","DAT_SET_CR":"NOAA","SRC_CITA":" ","FIPS_ALPHA":"NY","NOAA_Regio":"North Atlantic","Shape_Leng":0.00145551624515,"Shape__Length":0.0014555162451528074}},{"type":"Feature","id":173631,"geometry":{"type":"LineString","coordinates":[[-71.927984903895,41.0729906078393],[-71.9280076540501,41.0729541951811],[-71.9278459522925,41.072882914907]]},"properties":{"FID":173631,"SOURCE_ID":"GC11249","SRC_DATE":"20140607","HOR_ACC":"0.6","INFORM":" ","ATTRIBUTE":"Man-made.Bulkhead Or Sea Wall","VER_DATE":" ","SRC_RESOLU":0,"DATA_SOURC":"Aerial Photography","EX_METH":"Stereo","EXT_METH":"Stereo","DAT_SET_CR":"NOAA","SRC_CITA":" ","FIPS_ALPHA":"NY","NOAA_Regio":"North Atlantic","Shape_Leng":0.000219650775688,"Shape__Length":0.00021965077568770881}},{"type":"Feature","id":173632,"geometry":{"type":"LineString","coordinates":[[-71.933893080248,41.0732933968498],[-71.9338505962601,41.0732807254011],[-71.9337951386479,41.0732634548189],[-71.9333617354124,41.072979035187],[-71.9333386704909,41.0729523343109],[-71.933213555859,41.072793473541],[-71.9329128503091,41.0720976598535],[-71.932885888623,41.0720543323083],[-71.9327655682766,41.0718609609474],[-71.932795441066,41.0718507455453],[-71.9327945426415,41.0718225823706],[-71.9325083422712,41.071298572502],[-71.932445093822,41.0711466077329]]},"properties":{"FID":173632,"SOURCE_ID":"GC11249","SRC_DATE":"20140607","HOR_ACC":"0.6","INFORM":" ","ATTRIBUTE":"Man-made.Bulkhead Or Sea Wall","VER_DATE":" ","SRC_RESOLU":0,"DATA_SOURC":"Aerial Photography","EX_METH":"Stereo","EXT_METH":"Stereo","DAT_SET_CR":"NOAA","SRC_CITA":" ","FIPS_ALPHA":"NY","NOAA_Regio":"North Atlantic","Shape_Leng":0.00271652411287,"Shape__Length":0.0027165241128730548}},{"type":"Feature","id":173633,"geometry":{"type":"LineString","coordinates":[[-71.9336592583272,41.0748532343796],[-71.9336715988285,41.0748564368656],[-71.9338243847032,41.0749076325768],[-71.933839775706,41.0749127901893],[-71.9338878651703,41.0749289042433],[-71.9339853427204,41.0749636999163],[-71.9339562973093,41.0750076327071]]},"properties":{"FID":173633,"SOURCE_ID":"GC11249","SRC_DATE":"20140607","HOR_ACC":"0.6","INFORM":" ","ATTRIBUTE":"Man-made.Bulkhead Or Sea Wall","VER_DATE":" ","SRC_RESOLU":0,"DATA_SOURC":"Aerial Photography","EX_METH":"Stereo","EXT_METH":"Stereo","DAT_SET_CR":"NOAA","SRC_CITA":" ","FIPS_ALPHA":"NY","NOAA_Regio":"North Atlantic","Shape_Leng":0.000397001817241,"Shape__Length":0.00039700181724109404}},{"type":"Feature","id":173634,"geometry":{"type":"LineString","coordinates":[[-71.9349483263103,41.0753702915557],[-71.9349982063254,41.075388310374],[-71.9350435312729,41.0754066070832],[-71.9350025536538,41.0754629981851],[-71.9353304546829,41.0756582293378]]},"properties":{"FID":173634,"SOURCE_ID":"GC11249","SRC_DATE":"20140607","HOR_ACC":"0.6","INFORM":" ","ATTRIBUTE":"Man-made.Bulkhead Or Sea Wall","VER_DATE":" ","SRC_RESOLU":0,"DATA_SOURC":"Aerial Photography","EX_METH":"Stereo","EXT_METH":"Stereo","DAT_SET_CR":"NOAA","SRC_CITA":" ","FIPS_ALPHA":"NY","NOAA_Regio":"North Atlantic","Shape_Leng":0.000553241309067,"Shape__Length":0.00055324130906725085}},{"type":"Feature","id":173635,"geometry":{"type":"LineString","coordinates":[[-71.9357848372836,41.0754774826436],[-71.9357756327177,41.0754456187582],[-71.935617370872,41.0754429073068],[-71.9355858424294,41.0754422885742],[-71.9355075222523,41.0755578739653]]},"properties":{"FID":173635,"SOURCE_ID":"GC11249","SRC_DATE":"20140607","HOR_ACC":"0.6","INFORM":" ","ATTRIBUTE":"Man-made.Bulkhead Or Sea Wall","VER_DATE":" ","SRC_RESOLU":0,"DATA_SOURC":"Aerial Photography","EX_METH":"Stereo","EXT_METH":"Stereo","DAT_SET_CR":"NOAA","SRC_CITA":" ","FIPS_ALPHA":"NY","NOAA_Regio":"North Atlantic","Shape_Leng":0.000362607235838,"Shape__Length":0.00036260723583765689}},{"type":"Feature","id":173636,"geometry":{"type":"LineString","coordinates":[[-71.9382366049497,41.0761230646187],[-71.9381431788367,41.0759111456353],[-71.9380461194747,41.0759346791023],[-71.9379904307384,41.075948181528],[-71.9379138048685,41.0757794093263],[-71.9379709612988,41.0757650633364],[-71.9377815766008,41.0756897271199],[-71.9374925370728,41.0752167016269],[-71.9374847138619,41.0751125951874],[-71.9376151893448,41.0751033861236],[-71.9376335966654,41.0749447240993],[-71.9371867701581,41.0748978199632],[-71.9371935861186,41.0748367577828],[-71.9374951612748,41.0748514616914],[-71.9376143448517,41.0745844178462],[-71.9376345867963,41.0745374597357],[-71.9377092134533,41.0743643366082],[-71.9380503668672,41.0740428289027],[-71.9382000860423,41.0739078028607],[-71.938214303428,41.073888128388],[-71.9384546185225,41.0735023749049],[-71.9385276812615,41.0733906341164],[-71.9385803824469,41.0733389977307],[-71.9385928578457,41.0733267741427],[-71.9389364709361,41.073534858408],[-71.9391100473332,41.0733829341007],[-71.9393743914529,41.0735583522875],[-71.9394351271847,41.0735178243296],[-71.9395339339275,41.0734518932157],[-71.9395015583214,41.0734167180266],[-71.9395623642006,41.0733821139042],[-71.9395994315712,41.0734140964992],[-71.9396440379577,41.0733883551978],[-71.9397263241486,41.0733120593957],[-71.9398464978882,41.0732006333685],[-71.9398945711613,41.0731560593604],[-71.9396699321249,41.0730196285892],[-71.9396747434991,41.0730137380285],[-71.9401264568958,41.0725637477508],[-71.9402140634842,41.0726025193277],[-71.9402192993385,41.0725968715839],[-71.9403579541618,41.0726542186596],[-71.9403816540011,41.0726156395341],[-71.9403648456663,41.0726088883227],[-71.9404342409637,41.0724064023249],[-71.9404504521453,41.0723556328869],[-71.940362965168,41.0723383344268],[-71.9405332833209,41.0721982730791],[-71.9406699479338,41.072079182128],[-71.9406710954684,41.072065391921],[-71.9406741621555,41.0720285017234],[-71.9407757316202,41.0720277588799],[-71.9408158827574,41.0718891724249],[-71.9408060423715,41.0718731554964],[-71.9407451348613,41.0717740196125],[-71.9406857795817,41.0716800881063],[-71.9406478812357,41.0716201114093],[-71.9406042883802,41.071551124403],[-71.9405416415806,41.0714519840226],[-71.9396445297982,41.071817608897],[-71.9396036645945,41.0718760630441],[-71.939697830854,41.0721625331417],[-71.9396856099629,41.0721648767758],[-71.9396731453554,41.0721672662754],[-71.9396912145423,41.0722108024636],[-71.9393917950686,41.0723163532245],[-71.9393163473145,41.0722116514359],[-71.9393933059223,41.0721782236264],[-71.9390779648069,41.0715932217256],[-71.9390692332856,41.0715787894028],[-71.9388252012737,41.0716443041354],[-71.9388151216667,41.0716031475535],[-71.9387903336393,41.0715019360327],[-71.9387653585529,41.0713999627861],[-71.9387453926931,41.0713184347307],[-71.9387281580758,41.0712480654653],[-71.9387015705042,41.0711395055828],[-71.9386911419599,41.0710969271725],[-71.9386689943491,41.0711024373205],[-71.938667871095,41.0710953056953],[-71.9386607610501,41.0710501786058],[-71.9387979976366,41.0710117451668],[-71.9387685376325,41.0709591312205],[-71.9386464546271,41.070992705621],[-71.9385735123657,41.0705467317333],[-71.9385703782263,41.0705275716735],[-71.9385001330433,41.0702694473122],[-71.9385081091321,41.0702517729323]]},"properties":{"FID":173636,"SOURCE_ID":"GC11249","SRC_DATE":"20140607","HOR_ACC":"0.6","INFORM":" ","ATTRIBUTE":"Man-made.Bulkhead Or Sea Wall","VER_DATE":" ","SRC_RESOLU":0,"DATA_SOURC":"Aerial Photography","EX_METH":"Stereo","EXT_METH":"Stereo","DAT_SET_CR":"NOAA","SRC_CITA":" ","FIPS_ALPHA":"NY","NOAA_Regio":"North Atlantic","Shape_Leng":0.0136075839957,"Shape__Length":0.013607583995669557}},{"type":"Feature","id":173638,"geometry":{"type":"LineString","coordinates":[[-71.9549409488047,41.0727913990005],[-71.9551317148585,41.0728071380325],[-71.9553322772301,41.0728179856506],[-71.9553524652144,41.0727552911999]]},"properties":{"FID":173638,"SOURCE_ID":"GC11249","SRC_DATE":"20140607","HOR_ACC":"0.6","INFORM":" ","ATTRIBUTE":"Man-made.Bulkhead Or Sea Wall.Ruins","VER_DATE":" ","SRC_RESOLU":0,"DATA_SOURC":"Aerial Photography","EX_METH":"Stereo","EXT_METH":"Stereo","DAT_SET_CR":"NOAA","SRC_CITA":" ","FIPS_ALPHA":"NY","NOAA_Regio":"North Atlantic","Shape_Leng":0.000458134216195,"Shape__Length":0.00045813421619526369}},{"type":"Feature","id":173653,"geometry":{"type":"LineString","coordinates":[[-71.9493923849066,41.0323732972402],[-71.9492393867977,41.0324263536589],[-71.9492205208143,41.032437758864]]},"properties":{"FID":173653,"SOURCE_ID":"GC11249","SRC_DATE":"20140428","HOR_ACC":"0.6","INFORM":" ","ATTRIBUTE":"Natural.Great Lake Or Lake Or Pond","VER_DATE":" ","SRC_RESOLU":0,"DATA_SOURC":"Aerial Photography","EX_METH":"Stereo","EXT_METH":"Stereo","DAT_SET_CR":"NOAA","SRC_CITA":" ","FIPS_ALPHA":"NY","NOAA_Regio":"North Atlantic","Shape_Leng":0.000183981866374,"Shape__Length":0.0001839818663744469}},{"type":"Feature","id":173654,"geometry":{"type":"LineString","coordinates":[[-71.9489183988786,41.0325703783246],[-71.948901301862,41.0325783373268],[-71.9487696230898,41.0326571431388]]},"properties":{"FID":173654,"SOURCE_ID":"GC11249","SRC_DATE":"20140428","HOR_ACC":"0.6","INFORM":" ","ATTRIBUTE":"Natural.Great Lake Or Lake Or Pond","VER_DATE":" ","SRC_RESOLU":0,"DATA_SOURC":"Aerial Photography","EX_METH":"Stereo","EXT_METH":"Stereo","DAT_SET_CR":"NOAA","SRC_CITA":" ","FIPS_ALPHA":"NY","NOAA_Regio":"North Atlantic","Shape_Leng":0.000172317703088,"Shape__Length":0.00017231770308849138}},{"type":"Feature","id":173655,"geometry":{"type":"LineString","coordinates":[[-71.9466998842053,41.0364344683104],[-71.9466077315465,41.0364637133727]]},"properties":{"FID":173655,"SOURCE_ID":"GC11249","SRC_DATE":"20140428","HOR_ACC":"0.6","INFORM":" ","ATTRIBUTE":"Natural.Great Lake Or Lake Or Pond","VER_DATE":" ","SRC_RESOLU":0,"DATA_SOURC":"Aerial Photography","EX_METH":"Stereo","EXT_METH":"Stereo","DAT_SET_CR":"NOAA","SRC_CITA":" ","FIPS_ALPHA":"NY","NOAA_Regio":"North Atlantic","Shape_Leng":9.668185201E-05,"Shape__Length":9.66818520104837E-05}},{"type":"Feature","id":173808,"geometry":{"type":"LineString","coordinates":[[-71.9199892912554,41.0510232481849],[-71.919927301864,41.0509876233357],[-71.919596552685,41.0508614070698],[-71.919370801191,41.0507967772856],[-71.9192487586491,41.0507247631633],[-71.9191949297093,41.0507011379702],[-71.91897566323,41.0506611685004],[-71.9189175481196,41.0506307983909],[-71.91849839105,41.0503601105094],[-71.9183974268272,41.0503252311996],[-71.9181570730369,41.0502703680552],[-71.9180628699195,41.0502356856967],[-71.9180220146036,41.0502098193922],[-71.9178224963364,41.0500438692677],[-71.9175549848036,41.0498729836649],[-71.9174778697098,41.0498368578938],[-71.91732629792,41.0497817501308],[-71.917217925078,41.0497163981871],[-71.9170124416106,41.0496342954707],[-71.9169265437339,41.0495829082017],[-71.9168565890433,41.0495251618248],[-71.916816924429,41.0494784744122],[-71.9167515274979,41.0493108695304],[-71.9167052087957,41.0492308955046],[-71.9166596841969,41.0491817268622],[-71.9166073094609,41.0491519503051],[-71.9165061356966,41.0491285679307],[-71.9163639006742,41.0491247673996],[-71.9160704248185,41.0491701301212],[-71.9159628550776,41.0492154640586],[-71.9158962386773,41.0492601468854],[-71.9158166432556,41.049279460732],[-71.9157649367176,41.0492745018709],[-71.9156337741488,41.0492185631337],[-71.9155177031071,41.0491427745558],[-71.9154329042012,41.0490713980516],[-71.9154076287451,41.0490397419102],[-71.9153673714792,41.0490255578014],[-71.9153159446301,41.0490146472259],[-71.9152605949378,41.049020313857],[-71.9152460717809,41.0490111101939],[-71.915254737649,41.0489772642018],[-71.9152654899434,41.048915595878],[-71.9152574491007,41.0488855935896],[-71.9151942267388,41.0488576876231],[-71.9151417422879,41.0488693878069],[-71.9150968894878,41.0489083599368],[-71.9150785118359,41.0489089768724],[-71.915004461631,41.0488443623718],[-71.9148214675147,41.048717830439],[-71.9147765508597,41.0487023288233],[-71.9147279901512,41.0486974535991],[-71.9146885818464,41.0486987801007],[-71.9146448469014,41.0486916502755],[-71.91460183591,41.0486690521081],[-71.9145050472418,41.0486521610413],[-71.9144401980059,41.0486254017106],[-71.9144123351988,41.0485817621007],[-71.9144052970993,41.0485303406549],[-71.9143896479847,41.0484120186293],[-71.9143459517065,41.0483324483991],[-71.9142720480908,41.0482629083106],[-71.9142250899739,41.0482443247177],[-71.9141674317202,41.0482320552665],[-71.9140842336119,41.0482274435449],[-71.9139913830772,41.0482273374278],[-71.9138665931102,41.0482370995746],[-71.9137437106055,41.0482397624717],[-71.9136643804817,41.0482197633467],[-71.9136216473806,41.0481912143641],[-71.9135856484046,41.0481533142288],[-71.9135177657543,41.0481240907554],[-71.9134821148175,41.0481124112589],[-71.9134361279683,41.048086158246],[-71.9134045095919,41.0480555237349],[-71.9133473531595,41.0480325451546],[-71.9132954262877,41.0480323446074],[-71.9132355287222,41.0480343132257],[-71.9131461001086,41.0480283408297],[-71.913085521755,41.0480112276291],[-71.9130381850227,41.0479801713363],[-71.9129984277799,41.0479637659017],[-71.9129933457093,41.0479628692775],[-71.9129296628959,41.0479627982332],[-71.9128474855194,41.0479745595718],[-71.9124745392492,41.0480639036494]]},"properties":{"FID":173808,"SOURCE_ID":"GC11249","SRC_DATE":"20140603","HOR_ACC":"1.1","INFORM":" ","ATTRIBUTE":"Natural.Mean High Water","VER_DATE":" ","SRC_RESOLU":0,"DATA_SOURC":"Lidar","EX_METH":"Derived","EXT_METH":"Derived","DAT_SET_CR":"NOAA","SRC_CITA":" ","FIPS_ALPHA":"NY","NOAA_Regio":"North Atlantic","Shape_Leng":0.00879871615879,"Shape__Length":0.0087987161587937679}},{"type":"Feature","id":173809,"geometry":{"type":"LineString","coordinates":[[-71.9220504067969,41.0518301874653],[-71.9219474334877,41.0517897314585],[-71.9218431264844,41.0517667411885],[-71.9217420426533,41.0517597012974],[-71.9216618545776,41.0517674516589],[-71.9215501614429,41.0517966337693],[-71.9214469722987,41.0517977687173],[-71.9212390174967,41.0517763855396],[-71.9211036982611,41.0517361471698],[-71.9210227034898,41.051684967644]]},"properties":{"FID":173809,"SOURCE_ID":"GC11249","SRC_DATE":"20140603","HOR_ACC":"1.1","INFORM":" ","ATTRIBUTE":"Natural.Mean High Water","VER_DATE":" ","SRC_RESOLU":0,"DATA_SOURC":"Lidar","EX_METH":"Derived","EXT_METH":"Derived","DAT_SET_CR":"NOAA","SRC_CITA":" ","FIPS_ALPHA":"NY","NOAA_Regio":"North Atlantic","Shape_Leng":0.00106401000769,"Shape__Length":0.0010640100076931248}},{"type":"Feature","id":173810,"geometry":{"type":"LineString","coordinates":[[-71.9081191366977,41.0523110267295],[-71.9080400925606,41.0523315699496],[-71.9079370590028,41.052396017182],[-71.9078354904431,41.0524991703435],[-71.9077692247818,41.0526019511845],[-71.9077312149296,41.052714867386],[-71.9077228449418,41.0528074732935],[-71.9077341764133,41.0529848565076],[-71.9076909702818,41.0531890152439],[-71.9077015813935,41.0533220088125],[-71.9076723561193,41.0533901927264],[-71.9076644564744,41.0534333628913],[-71.9076884890721,41.053556620397],[-71.9076891392854,41.0536130861413],[-71.9076707553414,41.0536700015474],[-71.9075915331457,41.0538182566169],[-71.90756309478,41.0539105846345],[-71.9075344873416,41.0540034603393],[-71.9075049374219,41.0542445128701],[-71.9075042125726,41.0543233222751],[-71.907541962536,41.0544841588587]]},"properties":{"FID":173810,"SOURCE_ID":"GC11249","SRC_DATE":"20140603","HOR_ACC":"1.1","INFORM":" ","ATTRIBUTE":"Natural.Mean High Water","VER_DATE":" ","SRC_RESOLU":0,"DATA_SOURC":"Lidar","EX_METH":"Derived","EXT_METH":"Derived","DAT_SET_CR":"NOAA","SRC_CITA":" ","FIPS_ALPHA":"NY","NOAA_Regio":"North Atlantic","Shape_Leng":0.00241091179078,"Shape__Length":0.0024109117907785854}},{"type":"Feature","id":173811,"geometry":{"type":"LineString","coordinates":[[-71.9075166511196,41.0546753079993],[-71.9074094833846,41.0548762372716],[-71.9073816322757,41.0549565242639],[-71.9073782400364,41.0550368499263],[-71.9074200657261,41.0551518318684],[-71.9074186627862,41.0552032641063],[-71.9073230603334,41.0553494975],[-71.9072117260381,41.0555526382058],[-71.9072184412813,41.0556120699147],[-71.9072801294049,41.0557390856867],[-71.9072864939133,41.0558140846632],[-71.9072634191099,41.0559759968383],[-71.9071892313239,41.0561814676868],[-71.907151152228,41.0563678018565],[-71.9071556686279,41.0564220183959],[-71.9071933781215,41.0565756855828],[-71.9071730192721,41.0567471395665],[-71.9071745283388,41.0568156850069],[-71.907199565481,41.0569628231149],[-71.9072420099064,41.0571121627631],[-71.9072487566279,41.0572062264714],[-71.9072332900885,41.0573145669208],[-71.9071787147212,41.0574706065226],[-71.9071368206993,41.0576450462568],[-71.9071458948824,41.0580132125865],[-71.9071157190397,41.0583488144598],[-71.9071163323989,41.0587279588162],[-71.9071572425862,41.0589792285445],[-71.9073380810434,41.0593985294309],[-71.9074839727248,41.0596559001577],[-71.9075003367967,41.0597036658584],[-71.90750233959,41.0597459609824]]},"properties":{"FID":173811,"SOURCE_ID":"GC11249","SRC_DATE":"20140603","HOR_ACC":"1.1","INFORM":" ","ATTRIBUTE":"Natural.Mean High Water","VER_DATE":" ","SRC_RESOLU":0,"DATA_SOURC":"Lidar","EX_METH":"Derived","EXT_METH":"Derived","DAT_SET_CR":"NOAA","SRC_CITA":" ","FIPS_ALPHA":"NY","NOAA_Regio":"North Atlantic","Shape_Leng":0.00531281494655,"Shape__Length":0.0053128149465545248}},{"type":"Feature","id":173812,"geometry":{"type":"LineString","coordinates":[[-71.9282239283908,41.0554197914465],[-71.9281788336652,41.0553190763523],[-71.9281564072589,41.0552276161824],[-71.9281006034,41.055076619983],[-71.9280696361262,41.0549276769355],[-71.9280174079742,41.0547982680667],[-71.9279852589964,41.054747846668],[-71.9279254648497,41.0546914645625],[-71.9277444978067,41.0545790528879],[-71.9276818743923,41.0545289255686],[-71.9276255435356,41.0544685729554],[-71.9275577436192,41.0543717276454],[-71.927534140002,41.0543181811018],[-71.9275200970797,41.0542463549343],[-71.9275192301287,41.0541699566122],[-71.92753368583,41.0540646540734],[-71.9275212338097,41.0540078645734],[-71.9274785321823,41.0539352946674],[-71.9273733798115,41.0538302097685],[-71.9273353996274,41.0537748043262],[-71.9273018171284,41.0536985723798]]},"properties":{"FID":173812,"SOURCE_ID":"GC11249","SRC_DATE":"20140603","HOR_ACC":"1.1","INFORM":" ","ATTRIBUTE":"Natural.Mean High Water","VER_DATE":" ","SRC_RESOLU":0,"DATA_SOURC":"Lidar","EX_METH":"Derived","EXT_METH":"Derived","DAT_SET_CR":"NOAA","SRC_CITA":" ","FIPS_ALPHA":"NY","NOAA_Regio":"North Atlantic","Shape_Leng":0.00204906065878,"Shape__Length":0.0020490606587820945}},{"type":"Feature","id":173813,"geometry":{"type":"LineString","coordinates":[[-71.9302581740578,41.0576129271154],[-71.9302155668669,41.0576757043046],[-71.9301405013359,41.0577666374748],[-71.930072701427,41.057802956605],[-71.9299878000049,41.0578465269707],[-71.9299785270933,41.0578647850108],[-71.9299762904794,41.0578790230803],[-71.929975404648,41.0578980626311],[-71.9299766448139,41.0579052446183],[-71.9299596494219,41.0579321946079],[-71.9299000630253,41.0579949457172],[-71.9298262160746,41.0580596987183],[-71.9297576733244,41.0580781258328],[-71.9296770184997,41.0580751544748],[-71.9295942772462,41.0580535824353],[-71.9295299505141,41.0579841592584],[-71.929477937305,41.0579412274159],[-71.9292822357646,41.0578241176824],[-71.9290377846583,41.057709775165],[-71.92878980731,41.057607688611],[-71.9286057825723,41.0575187762261]]},"properties":{"FID":173813,"SOURCE_ID":"GC11249","SRC_DATE":"20140603","HOR_ACC":"1.1","INFORM":" ","ATTRIBUTE":"Natural.Mean High Water","VER_DATE":" ","SRC_RESOLU":0,"DATA_SOURC":"Lidar","EX_METH":"Derived","EXT_METH":"Derived","DAT_SET_CR":"NOAA","SRC_CITA":" ","FIPS_ALPHA":"NY","NOAA_Regio":"North Atlantic","Shape_Leng":0.00201374175258,"Shape__Length":0.0020137417525833037}},{"type":"Feature","id":173814,"geometry":{"type":"LineString","coordinates":[[-71.9304941391632,41.0578118104186],[-71.9305122739933,41.0577265079066],[-71.9305098278338,41.0576775919723],[-71.9304648797006,41.0576287362941],[-71.930420728368,41.0575965801302],[-71.9303814036982,41.0575621702645]]},"properties":{"FID":173814,"SOURCE_ID":"GC11249","SRC_DATE":"20140603","HOR_ACC":"1.1","INFORM":" ","ATTRIBUTE":"Natural.Mean High Water","VER_DATE":" ","SRC_RESOLU":0,"DATA_SOURC":"Lidar","EX_METH":"Derived","EXT_METH":"Derived","DAT_SET_CR":"NOAA","SRC_CITA":" ","FIPS_ALPHA":"NY","NOAA_Regio":"North Atlantic","Shape_Leng":0.000309446729877,"Shape__Length":0.00030944672987718056}},{"type":"Feature","id":173815,"geometry":{"type":"LineString","coordinates":[[-71.9326065845158,41.0602008445453],[-71.9325396227711,41.0601646693111],[-71.9324985911858,41.0600992364261],[-71.9324919433896,41.0600023047793],[-71.9324615903591,41.0599617165697],[-71.9322214874754,41.0598297302495],[-71.9321967552098,41.0597936611339],[-71.9321698915501,41.0597544839609],[-71.9321285703824,41.0596797619767],[-71.9320525218846,41.0596381665277],[-71.9319977180803,41.0596319405217],[-71.9319223081035,41.0596287398364],[-71.9318751998007,41.0596262927821]]},"properties":{"FID":173815,"SOURCE_ID":"GC11249","SRC_DATE":"20140603","HOR_ACC":"1.1","INFORM":" ","ATTRIBUTE":"Natural.Mean High Water","VER_DATE":" ","SRC_RESOLU":0,"DATA_SOURC":"Lidar","EX_METH":"Derived","EXT_METH":"Derived","DAT_SET_CR":"NOAA","SRC_CITA":" ","FIPS_ALPHA":"NY","NOAA_Regio":"North Atlantic","Shape_Leng":0.00101628231517,"Shape__Length":0.0010162823151746141}},{"type":"Feature","id":173816,"geometry":{"type":"LineString","coordinates":[[-71.9328290876631,41.0603643458147],[-71.9327758172001,41.0602984488799]]},"properties":{"FID":173816,"SOURCE_ID":"GC11249","SRC_DATE":"20140603","HOR_ACC":"1.1","INFORM":" ","ATTRIBUTE":"Natural.Mean High Water","VER_DATE":" ","SRC_RESOLU":0,"DATA_SOURC":"Lidar","EX_METH":"Derived","EXT_METH":"Derived","DAT_SET_CR":"NOAA","SRC_CITA":" ","FIPS_ALPHA":"NY","NOAA_Regio":"North Atlantic","Shape_Leng":8.4735733522E-05,"Shape__Length":8.4735733521824736E-05}},{"type":"Feature","id":173817,"geometry":{"type":"LineString","coordinates":[[-71.9075933456457,41.060299811268],[-71.9076829577255,41.0603833187294],[-71.907909732659,41.060637154218],[-71.9079707274005,41.0606844864439],[-71.9080355406639,41.0607166641909],[-71.9081094676589,41.0607325345278],[-71.9082259622776,41.0607406500078],[-71.9083068752076,41.0607402668938],[-71.9084226521659,41.0607267069096],[-71.9084935826183,41.0607332557718],[-71.9086331268712,41.0607880775506],[-71.9088683068652,41.0609340069627],[-71.9089859742026,41.060983832108],[-71.9091210479224,41.0610069096112],[-71.9094356731446,41.0610159639771],[-71.9095440873532,41.0610421162639],[-71.9096156922993,41.0610825713724],[-71.9097448215032,41.0611906312285],[-71.9098279908362,41.0612478038375],[-71.910208143392,41.061435785552],[-71.9103540593433,41.0614858436209],[-71.9105939239014,41.061525107122],[-71.91079469312,41.0615855766424],[-71.9109241640634,41.0616403894283],[-71.9110063801142,41.061688875484],[-71.9110859818356,41.0617482046677],[-71.9112085037193,41.0618744775977],[-71.9114811872586,41.0621117115965],[-71.9115424221183,41.0621424450322],[-71.9116228413217,41.06216723035],[-71.9117397739113,41.062190046151]]},"properties":{"FID":173817,"SOURCE_ID":"GC11249","SRC_DATE":"20140603","HOR_ACC":"1.1","INFORM":" ","ATTRIBUTE":"Natural.Mean High Water","VER_DATE":" ","SRC_RESOLU":0,"DATA_SOURC":"Lidar","EX_METH":"Derived","EXT_METH":"Derived","DAT_SET_CR":"NOAA","SRC_CITA":" ","FIPS_ALPHA":"NY","NOAA_Regio":"North Atlantic","Shape_Leng":0.00471847824676,"Shape__Length":0.0047184782467631732}},{"type":"Feature","id":173869,"geometry":{"type":"LineString","coordinates":[[-71.9507123101985,41.0445861658223],[-71.9506845759994,41.0446299268425],[-71.9507091769678,41.0447334748024],[-71.9507669269574,41.0448351188961],[-71.9508515873724,41.0449903149292],[-71.9509030268159,41.045069544316],[-71.9509647014479,41.0451657313223],[-71.951015808138,41.0451726462093],[-71.9510908511892,41.0451384809556],[-71.9511542480169,41.0451179116557],[-71.9512310357557,41.0451255064294],[-71.9512735206442,41.0451600035291],[-71.9513109270612,41.0452249570754],[-71.951393641336,41.0452632996757],[-71.9515472177131,41.045278489223],[-71.9516866315613,41.0452821800369],[-71.9517931553928,41.0452822196036],[-71.9518893136343,41.0452680786579],[-71.9520296259045,41.0452523270247],[-71.952127836397,41.0451937451719],[-71.9521669614123,41.045141942412],[-71.9521852284433,41.0450645584321],[-71.952221069133,41.0450043254258],[-71.9522741003706,41.0449695765127],[-71.952308336672,41.0449578151756],[-71.9523640874616,41.0449456662299],[-71.952426484244,41.0449455007526],[-71.9524782465411,41.0449677625732],[-71.9525127049762,41.044975032693],[-71.9525557186644,41.0449788961798],[-71.9525946764095,41.0449926450167],[-71.9526265286087,41.0450043874659],[-71.9526760030311,41.0450502052336]]},"properties":{"FID":173869,"SOURCE_ID":"GC11249","SRC_DATE":"20140603","HOR_ACC":"1.1","INFORM":" ","ATTRIBUTE":"Natural.Great Lake Or Lake Or Pond","VER_DATE":" ","SRC_RESOLU":0,"DATA_SOURC":"Lidar","EX_METH":"Derived","EXT_METH":"Derived","DAT_SET_CR":"NOAA","SRC_CITA":" ","FIPS_ALPHA":"NY","NOAA_Regio":"North Atlantic","Shape_Leng":0.00262341552626,"Shape__Length":0.00262341552626086}},{"type":"Feature","id":173870,"geometry":{"type":"LineString","coordinates":[[-71.9542956375856,41.0448959498362],[-71.9543009336942,41.0448851894457],[-71.9543067316241,41.0448635427596],[-71.9543380712073,41.0448343966247],[-71.9543665122751,41.0448160729335],[-71.9544139740092,41.044775544976],[-71.9544811542842,41.0447237296247]]},"properties":{"FID":173870,"SOURCE_ID":"GC11249","SRC_DATE":"20140603","HOR_ACC":"1.1","INFORM":" ","ATTRIBUTE":"Natural.Great Lake Or Lake Or Pond","VER_DATE":" ","SRC_RESOLU":0,"DATA_SOURC":"Lidar","EX_METH":"Derived","EXT_METH":"Derived","DAT_SET_CR":"NOAA","SRC_CITA":" ","FIPS_ALPHA":"NY","NOAA_Regio":"North Atlantic","Shape_Leng":0.000258285571232,"Shape__Length":0.00025828557123245058}},{"type":"Feature","id":173871,"geometry":{"type":"LineString","coordinates":[[-71.9530279600247,41.0450931289725],[-71.953040277143,41.0450861880032],[-71.9530525124232,41.0450810618662],[-71.9530728002359,41.0450834153918],[-71.953083946438,41.045101876678],[-71.9531233646356,41.0451056448368],[-71.9531510943403,41.0451027445217],[-71.953168163478,41.0450968386722],[-71.9531944434755,41.0450993513776],[-71.9532280376614,41.0450993315914],[-71.9533422722808,41.0450678373235],[-71.9534161650998,41.0450525344542],[-71.9535036853511,41.0450539409913],[-71.953595118555,41.0450745273733],[-71.9536447359679,41.0450912817447],[-71.9536889493522,41.0450951767078],[-71.9537200632072,41.0450969079021],[-71.9537466363834,41.045093069594],[-71.9537674260174,41.0450845359247],[-71.9537976351537,41.0450798846293],[-71.9538360658952,41.0450790851305]]},"properties":{"FID":173871,"SOURCE_ID":"GC11249","SRC_DATE":"20140603","HOR_ACC":"1.1","INFORM":" ","ATTRIBUTE":"Natural.Great Lake Or Lake Or Pond","VER_DATE":" ","SRC_RESOLU":0,"DATA_SOURC":"Lidar","EX_METH":"Derived","EXT_METH":"Derived","DAT_SET_CR":"NOAA","SRC_CITA":" ","FIPS_ALPHA":"NY","NOAA_Regio":"North Atlantic","Shape_Leng":0.000836380991635,"Shape__Length":0.000836380991634552}},{"type":"Feature","id":174051,"geometry":{"type":"LineString","coordinates":[[-71.9703896769756,41.0407891116491],[-71.9704720189293,41.0407985941],[-71.9711697509694,41.0407863974694],[-71.9714269337759,41.0407951577588],[-71.9715914881809,41.0408135659801],[-71.9716988097129,41.0408415600788],[-71.971774206202,41.0408809791679],[-71.9718172225893,41.040904089949],[-71.9718344050423,41.040912135285],[-71.9718423442609,41.0409303798347],[-71.9718199592315,41.0409810512467],[-71.9718198198383,41.0410114231568]]},"properties":{"FID":174051,"SOURCE_ID":"GC11249","SRC_DATE":"20140603","HOR_ACC":"1.1","INFORM":" ","ATTRIBUTE":"Natural.Mean High Water","VER_DATE":" ","SRC_RESOLU":0,"DATA_SOURC":"Lidar","EX_METH":"Derived","EXT_METH":"Derived","DAT_SET_CR":"NOAA","SRC_CITA":" ","FIPS_ALPHA":"NY","NOAA_Regio":"North Atlantic","Shape_Leng":0.00157309819281,"Shape__Length":0.0015730981928105243}},{"type":"Feature","id":174052,"geometry":{"type":"LineString","coordinates":[[-71.9718975572627,41.0410399055884],[-71.9719894140471,41.0410553928134],[-71.9722979256764,41.041069592202],[-71.9724393108402,41.0410924979345],[-71.9725482097841,41.0411290859562],[-71.9727275454554,41.0412237216278],[-71.9728236713242,41.0412634150097],[-71.9729466338706,41.0412959273027],[-71.9732272548187,41.04135432748],[-71.9734152059958,41.041410175384],[-71.9740710763948,41.0416662744526],[-71.9743752191234,41.041809595828],[-71.9747515126838,41.041938523549],[-71.9750951131803,41.0420884747265],[-71.9754219215318,41.0422673696911],[-71.9755121397523,41.0423078670671],[-71.9756223040427,41.0423442221644],[-71.9759833262086,41.0424409109828],[-71.9764356547781,41.0426335134126],[-71.9768739314316,41.042746433196],[-71.9769951753734,41.0427854278035],[-71.977071910054,41.0428236678813],[-71.9771301537677,41.0428577162187],[-71.9771583421294,41.0428992747971],[-71.9771593268892,41.0429325245382],[-71.9771443288937,41.0429862374578]]},"properties":{"FID":174052,"SOURCE_ID":"GC11249","SRC_DATE":"20140603","HOR_ACC":"1.1","INFORM":" ","ATTRIBUTE":"Natural.Mean High Water","VER_DATE":" ","SRC_RESOLU":0,"DATA_SOURC":"Lidar","EX_METH":"Derived","EXT_METH":"Derived","DAT_SET_CR":"NOAA","SRC_CITA":" ","FIPS_ALPHA":"NY","NOAA_Regio":"North Atlantic","Shape_Leng":0.00571498517741,"Shape__Length":0.0057149851774055439}},{"type":"Feature","id":174053,"geometry":{"type":"LineString","coordinates":[[-71.9777052290535,41.0432107136622],[-71.9781059491095,41.0433705825634],[-71.9784068147053,41.0434734749084],[-71.9788874413537,41.0437052913835],[-71.9792884572874,41.0438762300419],[-71.9794509684362,41.0439671461173],[-71.9796726612947,41.0441416802718],[-71.9800650563353,41.0445038768882],[-71.9801691250229,41.0446101578857],[-71.980270107237,41.0447323991549],[-71.9803517621159,41.0448731053084],[-71.9804159350734,41.0451114014136],[-71.9804595630049,41.0452212365345],[-71.9807669999715,41.0457228182056],[-71.980818904366,41.0458258994164],[-71.9808382514916,41.0458992984982],[-71.980844746402,41.0459795234361],[-71.9808125632657,41.0462068181357],[-71.9808142863718,41.0462863047302],[-71.980846303152,41.0463865701638],[-71.9809521920736,41.046591668687],[-71.9809786348523,41.0466625055996],[-71.9809861504928,41.0467301849926],[-71.9809731445049,41.046936498504],[-71.9809850038724,41.0470060547823],[-71.9810227367463,41.0471214144398],[-71.9810306004242,41.0471822850642],[-71.9810222978842,41.0472493682069],[-71.9809941365089,41.0473266235841],[-71.9808218596385,41.0475821030465],[-71.9808143565942,41.0476167368449],[-71.9808264767632,41.0476490665791],[-71.9808751022247,41.0476857939977],[-71.9814762011926,41.0478901100946],[-71.9820018479153,41.0480888450002],[-71.9823122580217,41.0482395291264],[-71.9824359166435,41.0482714802423],[-71.9827332200208,41.0483263038147],[-71.9832188028241,41.0483725181693],[-71.9838757362096,41.0484062454293],[-71.9843620375682,41.0483950227716],[-71.9852284411133,41.0484419556723],[-71.9854246264836,41.0484624746017],[-71.985759937921,41.0485211059032],[-71.9862331109745,41.0485513366044],[-71.9866966657782,41.0486282349346],[-71.9871994202399,41.0486328403473],[-71.9873634332509,41.0486161093514],[-71.9876687019195,41.0485543115157],[-71.9881290929008,41.048517976185],[-71.9882184594597,41.0484975192995],[-71.988472374124,41.0484204329877],[-71.9888270659512,41.0483639852183],[-71.9890692345667,41.048288847738],[-71.9894419838809,41.0481227465088],[-71.9896087110453,41.0480813363124],[-71.9897395696391,41.0480667007383],[-71.9901525501468,41.0480535238557],[-71.9905498203948,41.0480798577961],[-71.9906926732513,41.0480766103389],[-71.9908192816475,41.0480583477984],[-71.9917146316682,41.0478863083276],[-71.9918942137457,41.0478383636555],[-71.9921396702833,41.047758813201],[-71.9926883648155,41.0475434866649],[-71.9928153626158,41.0474820890333],[-71.9929255520812,41.0474118564608],[-71.9930088383191,41.0473455296455],[-71.9934282165849,41.0469608697324],[-71.9935272796324,41.0468568757046],[-71.9936614486227,41.046682825374],[-71.9939084196072,41.0463928263249],[-71.9940975938433,41.0461068202684],[-71.9943288617596,41.045801912256],[-71.9945275805024,41.0454936173971],[-71.9948807740184,41.0447263768195],[-71.9949773819021,41.0443759729996],[-71.995023616048,41.0441034351973],[-71.995056028517,41.0439737709182],[-71.995126677472,41.0438122886177],[-71.995242658566,41.0436145276572],[-71.9953868361136,41.0434222885343],[-71.9955857904846,41.0432157645754],[-71.9960245635297,41.0427206535036],[-71.9965068745689,41.0422466881937],[-71.9966452568858,41.0420989709169],[-71.9970727578231,41.0415758981189],[-71.9972567852372,41.0412858846827],[-71.9973734812964,41.0411586054034],[-71.9978345368583,41.0407917115994],[-71.9980938006853,41.0405980866172],[-71.9989196402636,41.0400675755121],[-71.9990790811154,41.039974024412],[-71.9995250343644,41.0397336643459],[-71.999911321177,41.0395527863528],[-72.000423799099,41.0393322050781],[-72.0006382083298,41.039222535424],[-72.0007426987896,41.0391518055265],[-72.0009551807692,41.0389809010225],[-72.0011967099561,41.0387241966809],[-72.0013216420109,41.038624622821],[-72.0014212275673,41.0385681148052],[-72.0018436527471,41.0383586113846],[-72.0021224174794,41.0381605203676],[-72.0027916220922,41.0377358469027],[-72.002931387571,41.0376599387067],[-72.0032958289449,41.0374831984958],[-72.003585063589,41.0373070689271],[-72.003897257933,41.0371402077726],[-72.0039865633356,41.0370791869582],[-72.0040498801214,41.0370200277417],[-72.0041155333455,41.0369413775146],[-72.0042663352993,41.036712700553],[-72.0043885864667,41.0364796870606],[-72.0044925589077,41.036249054974],[-72.0045494536309,41.0361570588054],[-72.0046686363165,41.0360324415198],[-72.0049151540481,41.0358419021125],[-72.0050020564593,41.0357431169595],[-72.0051581509228,41.0354721664574],[-72.005285053383,41.035199259031],[-72.0053794318591,41.0350706100847],[-72.0055594213227,41.0349011417992],[-72.0058837439234,41.0346583742514],[-72.0059738389301,41.0345815649361],[-72.0060505493219,41.0344948594796],[-72.0063199943665,41.034115557733],[-72.0065461766183,41.0338677746683],[-72.0067141151637,41.0337174529534],[-72.0071169207222,41.0334165963821],[-72.0072567239702,41.0333008347217],[-72.0073580146392,41.0331973398178],[-72.0075011822478,41.033005201419],[-72.0075839540718,41.0329123733765],[-72.0076906685539,41.0328126547264],[-72.0078958237546,41.0326431630578],[-72.0081577900419,41.0323924805771],[-72.0082972200711,41.0322752017602],[-72.0087152655449,41.031956646527],[-72.0094034197756,41.0314787376825],[-72.009754710354,41.0312138009417],[-72.0099859539949,41.031019505066],[-72.0101323016121,41.0309122500943],[-72.0111711924435,41.0302569049639],[-72.011716376915,41.0299413723487],[-72.0120366255896,41.0297716027857],[-72.0121415000604,41.0297085459054],[-72.0123576548713,41.0295177142194],[-72.0129397538188,41.0290637471345],[-72.013075778114,41.0289415894946],[-72.0131897240456,41.0288152994699],[-72.0132724086341,41.0286991520023],[-72.0134421700976,41.0284036086341],[-72.0137040779127,41.0278646520123],[-72.0138982487824,41.0275564129116],[-72.0142165486106,41.0271216112912],[-72.0144889371425,41.0268360809733],[-72.0145709949036,41.0267264967592],[-72.0146454515899,41.0265738440042],[-72.0147370889219,41.0262751539101],[-72.0149533534359,41.0258324814248],[-72.0150367340985,41.0256943482267],[-72.0151452544191,41.0255784085016],[-72.0152873932074,41.0254660300914],[-72.015683179556,41.0251831374817],[-72.0161846012026,41.0248453736224],[-72.0166988318985,41.0245317035044],[-72.0170358547327,41.0243493758054],[-72.0171406275795,41.0242774120378],[-72.0172038661246,41.0242236154797],[-72.0172496785007,41.0241694789784],[-72.0174089178935,41.0238846276525],[-72.0175192926154,41.0237442623358],[-72.0175944957441,41.0236795327171],[-72.0177482321934,41.0235668611275],[-72.0179720528301,41.0234161221252],[-72.0183608271656,41.0231884218198],[-72.0186547526739,41.0229927958445],[-72.018729852382,41.022951114955],[-72.0192338622832,41.0227016348603],[-72.0200973016359,41.0222935080186],[-72.0209239874859,41.021928633181],[-72.0214952855857,41.0217154308432],[-72.0226177432619,41.0213156317169],[-72.0229023535957,41.0212298561528],[-72.0237554453555,41.0209974568736],[-72.0248813843146,41.0207066591978],[-72.0251869947252,41.020636150527],[-72.0254376133748,41.0205887004798],[-72.0271477350376,41.0203108161528],[-72.0275929832284,41.0202576491079],[-72.0281274873633,41.0202175824869],[-72.0309257144175,41.0200694415429],[-72.0338866495688,41.0199534747456],[-72.0347727941346,41.0199348659414],[-72.035620523249,41.0199422358595],[-72.0365024086271,41.0199753794519],[-72.0371876292978,41.0200185432991],[-72.0377416523296,41.0200662487277],[-72.0382664042185,41.0201208321736],[-72.0388711013677,41.0201978519078],[-72.0396828441054,41.0203239836218],[-72.0403635609743,41.0204460396116],[-72.0417906245604,41.0207260669216],[-72.0425025524131,41.0208847244256],[-72.0430645704262,41.0210329992595],[-72.0446443587411,41.0215041837981],[-72.0453995997614,41.0217538608035],[-72.0462585695195,41.0220070523568],[-72.046592390783,41.022123841927],[-72.0470498805625,41.0223002556573],[-72.0478016322166,41.0226301791847],[-72.0481844044951,41.0227609271336],[-72.0483649794299,41.0228102936225],[-72.04854310461,41.0228456414766],[-72.0488133779542,41.022885586663],[-72.0490940798397,41.0229157894914],[-72.0493629223609,41.0229348191409],[-72.0495083211989,41.0229324782004],[-72.0496632537517,41.0229067557811],[-72.049851136574,41.0228525275443],[-72.0499579014214,41.0228073365992],[-72.0500492707691,41.0227541812569],[-72.0503895905135,41.0224749345012],[-72.0505078289132,41.0223948948196],[-72.0506419799226,41.0223196359344],[-72.0507761920867,41.022257720293],[-72.0509099437986,41.0222103224103],[-72.0510883288782,41.0221636682655],[-72.0512546045833,41.0221325616038],[-72.0514755995564,41.0221082016556],[-72.0517219221452,41.0220971633666],[-72.0527230747509,41.0221035916893],[-72.0534825965332,41.0221367235946],[-72.0541096328459,41.0221538133944],[-72.0545408030493,41.0221805987935],[-72.0547062226013,41.0221785699172],[-72.0551459714368,41.0221404125603],[-72.0553011495048,41.0221176983739],[-72.0554320107958,41.022089504618],[-72.055510339072,41.0220640735816],[-72.0555891673706,41.0220266105133],[-72.0558347093395,41.0218701653107],[-72.0559185576533,41.0217947202675],[-72.0559810632484,41.0217015990466],[-72.056033662806,41.021574112026],[-72.0560624842806,41.0214397352986],[-72.0560777718404,41.0210755439723],[-72.0560487542761,41.0205502948292],[-72.0560830247345,41.0202344016023],[-72.0560905682323,41.019917871656],[-72.0560764308741,41.019721872472],[-72.0560406711107,41.0195584368471],[-72.0559868097895,41.0194310748357],[-72.0558235683798,41.0191434994733],[-72.0557949735217,41.0190534035753],[-72.0557897772327,41.0189735410641],[-72.0558101486775,41.0188884885636],[-72.05586013031,41.018799620238],[-72.0559654562369,41.0186734615145],[-72.0560857945523,41.0185578095721],[-72.0562571262417,41.0184224094114],[-72.0564081656237,41.0183192976171],[-72.0569329327794,41.0179932132547],[-72.0571776033066,41.0178662334456],[-72.0575671438685,41.0177058510058],[-72.0583534393611,41.0174747638399],[-72.0586627594761,41.0174012316476],[-72.0589586653004,41.0173497139645],[-72.0592846327731,41.0173116744225],[-72.0596428094761,41.0172856138516],[-72.0602670057267,41.0172642522305],[-72.0603669213381,41.0172724270663],[-72.0605407873278,41.0173130683312],[-72.0606769501264,41.0173280501356],[-72.0608709249617,41.0173345324439],[-72.0610569686722,41.0173224743255],[-72.0611825707263,41.0172970900524],[-72.0612723078048,41.0172568408834],[-72.0613665477881,41.0171794155323],[-72.0614500255793,41.0170732784202],[-72.061514501588,41.0169490469456],[-72.0615850570079,41.0166900340494],[-72.0616340484787,41.0164626368265],[-72.0616524881707,41.016230308621],[-72.0616799372789,41.0160862686763],[-72.0619510757168,41.0151671379738],[-72.0619808819477,41.0150019459704],[-72.061999523985,41.0147304837584],[-72.0620078462883,41.0142776633279],[-72.0619916440777,41.0139355458666],[-72.0620179303493,41.0135659325262],[-72.06199728728,41.0131346292802],[-72.0619628009596,41.0130168324594],[-72.061885187635,41.0128698706202],[-72.0617511238447,41.0126790866097],[-72.0616758397692,41.0126076300657],[-72.0614686358958,41.0124851172047],[-72.0613600705997,41.0124332299133],[-72.0612705628446,41.012406533536],[-72.0611951960358,41.0124118521301],[-72.0611587518984,41.0124288969853],[-72.0611255624093,41.012460520753],[-72.0610551490757,41.0126032063198],[-72.0609979171057,41.0126780614069],[-72.0609377857191,41.012728012463],[-72.0607958510755,41.0128148528201],[-72.0607306385188,41.0128841545926],[-72.0607026579071,41.0129569286471],[-72.0606985983714,41.0130513745677],[-72.0607730496848,41.013304952855],[-72.0607867508705,41.0134815365716],[-72.0607766092194,41.0136008433559],[-72.0607416004051,41.0137005449166],[-72.0607064387238,41.0141150677111],[-72.0606631489567,41.014342875924],[-72.0605919316359,41.0146085267176],[-72.0603934620208,41.0151877028257],[-72.0602476881831,41.0155036626062],[-72.0601828659349,41.0156193145468],[-72.060128661084,41.015695604952],[-72.06008090797,41.0157433364805],[-72.0600288102289,41.0157768407316],[-72.0599784688634,41.0157946626017],[-72.0598248888918,41.0158272441515],[-72.059777955059,41.0158493378021],[-72.0597389010889,41.0158800280735],[-72.0596906911198,41.0159402925565],[-72.05958277335,41.0161406426654],[-72.0594902501766,41.0162810070822],[-72.0593774481836,41.0164179810549],[-72.0592778329514,41.0165085715843],[-72.0591705779745,41.0165719207444],[-72.0590324492606,41.0166165685],[-72.0588292545757,41.0166610184067],[-72.0585805298982,41.0166952178403],[-72.0582044368983,41.0167701170045],[-72.0579280157901,41.016790283415],[-72.0576749536816,41.0168351829845],[-72.0575608593553,41.0168473094491],[-72.0573467774715,41.0168453480342],[-72.0569483704801,41.0168176705065],[-72.056816036098,41.0168266295588],[-72.056656454948,41.0168524760846],[-72.0563249710347,41.0169370096863],[-72.0557396480029,41.0171481471808],[-72.0555647693828,41.0172240364923],[-72.0554677298085,41.0172914254075],[-72.0554457467752,41.0173247668803],[-72.0554419003757,41.0173623774351],[-72.0554995568398,41.0175345814509],[-72.0555021873632,41.017634095052],[-72.0554643582743,41.0177366708467],[-72.0553423769003,41.0179101698924],[-72.0553037609025,41.0179830770469],[-72.0552825081211,41.0180523761201],[-72.055252424899,41.0182195996924],[-72.0552073310856,41.0183479707465],[-72.0552049730652,41.0183960979754],[-72.0552406258064,41.0185098199672],[-72.0552516569001,41.0186144561074],[-72.0552405862482,41.0187212820979],[-72.0552106091434,41.0188381418271],[-72.0551697529351,41.0189355393245],[-72.0550209025134,41.0192107706002],[-72.0548737158352,41.0194368152456],[-72.0547301003671,41.0196808265502],[-72.0546945105912,41.0197917372631],[-72.0546575385634,41.0200180022388],[-72.0545807139653,41.020238889269],[-72.0545204216022,41.020327517476],[-72.0544320865695,41.02040765878],[-72.054255367938,41.0205200228022],[-72.0540745151201,41.0206046031638],[-72.0539101882479,41.0206600958468],[-72.0534566869805,41.0207923546842],[-72.0530933751524,41.0209147956179],[-72.0526991590112,41.0210310186388],[-72.0526140255636,41.0210688387384],[-72.0524899883341,41.0211604778782],[-72.0523689323568,41.0212269476869],[-72.0522495428224,41.0212722537457],[-72.0520951354748,41.0213134202254],[-72.0519408522326,41.0213376209915],[-72.0517807099047,41.0213487249282],[-72.0512590211102,41.0213377478181],[-72.0511397925522,41.0213399961275],[-72.0510423150032,41.0213247562163],[-72.0509290507504,41.021317608407],[-72.0508309104017,41.0213172190036],[-72.0507297995898,41.0212891412678],[-72.0506203997219,41.0212268659054],[-72.0505474439942,41.0211963240258],[-72.0504912282544,41.021199132611],[-72.050462288061,41.0211877705749],[-72.0504644940977,41.0211697724392],[-72.0505437828505,41.0211526880124],[-72.0505466310043,41.0211516978585],[-72.0506607001496,41.0211408133579],[-72.0506845115072,41.0211414230976],[-72.0507503419023,41.0211431093246],[-72.0507781192717,41.021149130286],[-72.0508036645226,41.0211477633154],[-72.0508208083037,41.0211366809671],[-72.0508299148407,41.0211196585958],[-72.0508196409815,41.0211063270435],[-72.0507625043328,41.0210586980412],[-72.0505302885068,41.0209393480973],[-72.0504325267692,41.0208758721393],[-72.0501506773367,41.0206391930226],[-72.0499270608228,41.0203782196135],[-72.0497594747945,41.0202240587029],[-72.0490814684614,41.0197185200261],[-72.048761204474,41.0194586267061],[-72.0483917097832,41.0191979626685],[-72.0481306670741,41.0189943956961],[-72.0478986670856,41.0188786241553],[-72.047661980726,41.018720195963],[-72.0475076534106,41.0186294435639],[-72.0469259609145,41.0183374714287],[-72.046696463739,41.018202339279],[-72.0463551124459,41.018020636631],[-72.0459892986843,41.0178124120722],[-72.0450810046806,41.0173340293366],[-72.0449369692096,41.0172372128075],[-72.0447566397885,41.0171665854419],[-72.0446648765309,41.0171039161758],[-72.0444461244605,41.0169988564616],[-72.0438094788705,41.0166620621086],[-72.0431351552689,41.016271700528],[-72.0426559954117,41.015976422481],[-72.042384083494,41.0157925821418],[-72.0421753642622,41.0156657399437],[-72.0419723431378,41.0155566000041],[-72.0418592173792,41.0155239456178],[-72.0418123312089,41.0155201774593],[-72.0417692644612,41.0155267173318],[-72.041732605386,41.0155489638669],[-72.041549547435,41.0157255952539],[-72.04154958431,41.0157752108609],[-72.0415774093441,41.0157923429483],[-72.0415765432988,41.0158289399669],[-72.0415375756626,41.0158416267067],[-72.0414807870547,41.0158487223609],[-72.0414405585674,41.0158391337886],[-72.0414350906859,41.0158099085146],[-72.041445210759,41.015789017259],[-72.0414680220665,41.0157264082438],[-72.041517350791,41.0156375138378],[-72.0415544451382,41.0156162268796],[-72.041609970197,41.0155868568127],[-72.0416395695899,41.0155311590885],[-72.0416549821709,41.0154391683172],[-72.0416340675257,41.0153513773818],[-72.0416065473588,41.0152804874092],[-72.0413640585677,41.0150545992586],[-72.0411986596945,41.0149559966762],[-72.0407564574853,41.0146016259634],[-72.0406092563973,41.0144613577818],[-72.0404233781499,41.0142565425476],[-72.0402477548791,41.0141243394887],[-72.0401926587926,41.0140738947083],[-72.0399535460553,41.0138101711724],[-72.0397348074687,41.0136005202837],[-72.0395567991905,41.0133872613129],[-72.0394877672044,41.0133245111071],[-72.0393857327858,41.0132501047869],[-72.0393198475281,41.0131805727922],[-72.0391478116471,41.012924396366],[-72.0388278579198,41.012556292999],[-72.0384270649973,41.0120175486387],[-72.0382832480526,41.011760647358],[-72.0381929794598,41.0115401236594],[-72.0380940476914,41.0112561455838],[-72.037984833976,41.0110649487835],[-72.0379028373574,41.0109726369573],[-72.0377616167652,41.0108744435658],[-72.0376671267614,41.010795269039],[-72.0376120693454,41.010737680043],[-72.0375717095543,41.0106800415837],[-72.0375199157761,41.0105717838742],[-72.0374293396128,41.0103108788093],[-72.0374188930809,41.0102464567615],[-72.037418746484,41.0101151988845],[-72.0374056766285,41.0100461489247],[-72.0373358181596,41.0098844957575],[-72.0371583081017,41.0095956838274],[-72.0369592844567,41.0093392394042],[-72.0368053627264,41.0090856548241],[-72.0366172406694,41.0088745641196],[-72.0364746405098,41.0086534513667],[-72.0362493089869,41.0083681845664],[-72.0361495075819,41.0082288939466],[-72.0359749248238,41.0080374147612],[-72.0357745099324,41.0078736356005],[-72.0357000316497,41.0078026988647],[-72.0356205108659,41.0077174197382],[-72.0355899734738,41.007668783494],[-72.0355518466964,41.0075465323303],[-72.0355439893126,41.0074645303317],[-72.0355557884182,41.0074039690735],[-72.0356121579332,41.0072428689854],[-72.0356216205971,41.0071427276569],[-72.0356055326144,41.0070464291332],[-72.0355375816066,41.0068585724143],[-72.0355322378296,41.0067930199184],[-72.0355405556586,41.0067356206773],[-72.0355827806357,41.0066420129237],[-72.0357543821128,41.0063469237132],[-72.0357967725621,41.0062000131316],[-72.0358615471455,41.0060712068048],[-72.0359631507763,41.005925741432],[-72.0361217957228,41.0057434371212],[-72.0367563143589,41.005082390301],[-72.0374321865293,41.0043360292768],[-72.0377935648016,41.0039881930132],[-72.038276751779,41.0034840077785],[-72.0385568870757,41.0032370044244],[-72.038681975613,41.0031452609632],[-72.0390515026509,41.0029008476542],[-72.0391794051688,41.0028281968036],[-72.0393951741758,41.0027325376904],[-72.0395649635281,41.0026094609421],[-72.0398369509701,41.0024621699398],[-72.0400620936099,41.0022965903221],[-72.0401946078523,41.002214823042],[-72.0403633845696,41.0021276760152],[-72.0404859532079,41.0020743174251],[-72.0406079103079,41.0020351384486],[-72.0408151267621,41.0019861190855],[-72.0408754245248,41.001963010999],[-72.040904012182,41.0019417528193],[-72.0409093613503,41.0019230702993],[-72.0408948777624,41.0018952938336],[-72.0408724162867,41.0018763657996],[-72.0406711371554,41.0018692890395],[-72.0406134384322,41.0018582750421],[-72.040620468434,41.0018417742777],[-72.0406565474476,41.0018438930797],[-72.0407042052368,41.0018524618204],[-72.0408025964959,41.0018445972443],[-72.0409271706241,41.0018110003607],[-72.0412564395023,41.0016509632626],[-72.041472408159,41.0015577610977],[-72.0416004995362,41.0015123561131],[-72.0417190562994,41.0014917283555],[-72.0418851440493,41.0015155145235],[-72.0419314420622,41.0015107454163],[-72.0421418861796,41.0013784712983],[-72.0422605904296,41.0013215388018],[-72.0423682222242,41.0012863213402],[-72.0425516543016,41.0012555789033],[-72.0426401763965,41.0012306946546],[-72.0431043733005,41.0010292113881],[-72.0435392217211,41.0008569560948],[-72.0436701081922,41.0008129981196],[-72.0438052106877,41.0007915636694],[-72.0439976153061,41.000797128669],[-72.0442409152682,41.0007101147395],[-72.0445904449839,41.0006304653562],[-72.0446784499691,41.0006182948257],[-72.0448249378868,41.0006209783985],[-72.0449138071208,41.0006094104139],[-72.0451533389231,41.0005340660896],[-72.0454446842839,41.0004840134025],[-72.0460591498584,41.0003150271396],[-72.0462629659752,41.0002724622123],[-72.0463788337651,41.0002608798376],[-72.0464692965992,41.0002654960556],[-72.0465560650183,41.0002897777528],[-72.046671136013,41.000355804188],[-72.0467176939307,41.0003604599777],[-72.0467672501881,41.0003488092566],[-72.0468234875101,41.0003183591037],[-72.0468610782819,41.0002720332161]]},"properties":{"FID":174053,"SOURCE_ID":"GC11249","SRC_DATE":"20140603","HOR_ACC":"1.1","INFORM":" ","ATTRIBUTE":"Natural.Mean High Water","VER_DATE":" ","SRC_RESOLU":0,"DATA_SOURC":"Lidar","EX_METH":"Derived","EXT_METH":"Derived","DAT_SET_CR":"NOAA","SRC_CITA":" ","FIPS_ALPHA":"NY","NOAA_Regio":"North Atlantic","Shape_Leng":0.161669882875,"Shape__Length":0.16166988287489895}},{"type":"Feature","id":174071,"geometry":{"type":"LineString","coordinates":[[-71.9387129162468,41.0692293056122],[-71.9387105672108,41.0691233861389]]},"properties":{"FID":174071,"SOURCE_ID":"GC11249","SRC_DATE":"20140603","HOR_ACC":"1.1","INFORM":" ","ATTRIBUTE":"Man-made.Ramp","VER_DATE":" ","SRC_RESOLU":0,"DATA_SOURC":"Lidar","EX_METH":"Derived","EXT_METH":"Derived","DAT_SET_CR":"NOAA","SRC_CITA":" ","FIPS_ALPHA":"NY","NOAA_Regio":"North Atlantic","Shape_Leng":0.00010594549721,"Shape__Length":0.00010594549720968055}},{"type":"Feature","id":174072,"geometry":{"type":"LineString","coordinates":[[-71.9323480173586,41.0709173237368],[-71.9323220044568,41.070859450554]]},"properties":{"FID":174072,"SOURCE_ID":"GC11249","SRC_DATE":"20140603","HOR_ACC":"1.1","INFORM":" ","ATTRIBUTE":"Man-made.Ramp","VER_DATE":" ","SRC_RESOLU":0,"DATA_SOURC":"Lidar","EX_METH":"Derived","EXT_METH":"Derived","DAT_SET_CR":"NOAA","SRC_CITA":" ","FIPS_ALPHA":"NY","NOAA_Regio":"North Atlantic","Shape_Leng":6.3450567572E-05,"Shape__Length":6.34505675724717E-05}},{"type":"Feature","id":174073,"geometry":{"type":"LineString","coordinates":[[-71.927328693547,41.0726455181388],[-71.9273905093685,41.0726704302616]]},"properties":{"FID":174073,"SOURCE_ID":"GC11249","SRC_DATE":"20140603","HOR_ACC":"1.1","INFORM":" ","ATTRIBUTE":"Man-made.Ramp","VER_DATE":" ","SRC_RESOLU":0,"DATA_SOURC":"Lidar","EX_METH":"Derived","EXT_METH":"Derived","DAT_SET_CR":"NOAA","SRC_CITA":" ","FIPS_ALPHA":"NY","NOAA_Regio":"North Atlantic","Shape_Leng":6.664688195E-05,"Shape__Length":6.6646881949482411E-05}},{"type":"Feature","id":174176,"geometry":{"type":"LineString","coordinates":[[-71.9121187600468,41.0623926193687],[-71.9121961305507,41.0624722660402],[-71.9122807307058,41.0625360927342],[-71.9123612083664,41.0625813322366],[-71.9124308941578,41.0626078973135],[-71.9125088033522,41.0626249097895],[-71.9128004877616,41.0626451885968],[-71.9128816120332,41.0626604941591],[-71.9129367234068,41.0626854593422],[-71.913139579057,41.0628130183003],[-71.9134113236961,41.062914455543],[-71.9134815239003,41.0629473644388],[-71.9135553025093,41.0630035531895],[-71.913686998381,41.0631445669097],[-71.9139605974294,41.0633626345533],[-71.9140257740214,41.0634382027989],[-71.9140501888275,41.063495437463],[-71.9140838531705,41.0636718691934],[-71.9141943736021,41.0638777510262],[-71.9142720894549,41.0641198611564],[-71.9143269094515,41.0642079012029],[-71.914419939856,41.064301542227],[-71.9144601521583,41.0643599765864],[-71.9144911850784,41.0644349908506],[-71.9145093289121,41.0645334837205]]},"properties":{"FID":174176,"SOURCE_ID":"GC11249","SRC_DATE":"20140603","HOR_ACC":"1.1","INFORM":" ","ATTRIBUTE":"Natural.Mean High Water","VER_DATE":" ","SRC_RESOLU":0,"DATA_SOURC":"Lidar","EX_METH":"Derived","EXT_METH":"Derived","DAT_SET_CR":"NOAA","SRC_CITA":" ","FIPS_ALPHA":"NY","NOAA_Regio":"North Atlantic","Shape_Leng":0.00345943578105,"Shape__Length":0.0034594357810473928}},{"type":"Feature","id":174177,"geometry":{"type":"LineString","coordinates":[[-71.9145842316762,41.0646257919496],[-71.9145957421052,41.0646691257906],[-71.9146170686396,41.0647494217745],[-71.9146456985697,41.0648114201482],[-71.9148346758838,41.0650476172312],[-71.9148846584252,41.0651289132606],[-71.9149546697828,41.065356833885],[-71.9150426019362,41.0655805016141]]},"properties":{"FID":174177,"SOURCE_ID":"GC11249","SRC_DATE":"20140603","HOR_ACC":"1.1","INFORM":" ","ATTRIBUTE":"Natural.Mean High Water","VER_DATE":" ","SRC_RESOLU":0,"DATA_SOURC":"Lidar","EX_METH":"Derived","EXT_METH":"Derived","DAT_SET_CR":"NOAA","SRC_CITA":" ","FIPS_ALPHA":"NY","NOAA_Regio":"North Atlantic","Shape_Leng":0.00107289284499,"Shape__Length":0.0010728928449899656}},{"type":"Feature","id":174178,"geometry":{"type":"LineString","coordinates":[[-71.9151067919829,41.0658552724299],[-71.9151335944893,41.0659045786692]]},"properties":{"FID":174178,"SOURCE_ID":"GC11249","SRC_DATE":"20140603","HOR_ACC":"1.1","INFORM":" ","ATTRIBUTE":"Natural.Mean High Water","VER_DATE":" ","SRC_RESOLU":0,"DATA_SOURC":"Lidar","EX_METH":"Derived","EXT_METH":"Derived","DAT_SET_CR":"NOAA","SRC_CITA":" ","FIPS_ALPHA":"NY","NOAA_Regio":"North Atlantic","Shape_Leng":5.6120211174E-05,"Shape__Length":5.61202111743131E-05}},{"type":"Feature","id":174179,"geometry":{"type":"LineString","coordinates":[[-71.9152479235505,41.0661021786435],[-71.9152679865372,41.0661850592796],[-71.9152660287155,41.0662388315539],[-71.9151725567625,41.0664772769516],[-71.915143742479,41.0665507821551],[-71.9151173320886,41.0667045015048],[-71.9151311375922,41.0668178673656]]},"properties":{"FID":174179,"SOURCE_ID":"GC11249","SRC_DATE":"20140603","HOR_ACC":"1.1","INFORM":" ","ATTRIBUTE":"Natural.Mean High Water","VER_DATE":" ","SRC_RESOLU":0,"DATA_SOURC":"Lidar","EX_METH":"Derived","EXT_METH":"Derived","DAT_SET_CR":"NOAA","SRC_CITA":" ","FIPS_ALPHA":"NY","NOAA_Regio":"North Atlantic","Shape_Leng":0.000744319981226,"Shape__Length":0.00074431998122621932}},{"type":"Feature","id":174183,"geometry":{"type":"LineString","coordinates":[[-71.9381537818625,41.0761845207048],[-71.9381637166755,41.0761708959727],[-71.9382011653558,41.0761494003718],[-71.9382366049497,41.0761230646187]]},"properties":{"FID":174183,"SOURCE_ID":"GC11249","SRC_DATE":"20140607","HOR_ACC":"0.6","INFORM":" ","ATTRIBUTE":"Natural.Mean High Water","VER_DATE":" ","SRC_RESOLU":0,"DATA_SOURC":"Aerial Photography","EX_METH":"Stereo","EXT_METH":"Stereo","DAT_SET_CR":"NOAA","SRC_CITA":" ","FIPS_ALPHA":"NY","NOAA_Regio":"North Atlantic","Shape_Leng":0.000104195177255,"Shape__Length":0.00010419517725531674}},{"type":"Feature","id":174278,"geometry":{"type":"LineString","coordinates":[[-71.9151843657908,41.0669504211642],[-71.9151743824225,41.0671086407218],[-71.9151827272443,41.067282535465],[-71.9151937961088,41.0673731142996],[-71.9152136639416,41.0674407748063],[-71.91528402693,41.0675947486611],[-71.9153513115357,41.06770780965],[-71.9153986995307,41.0677623904135],[-71.9154860722969,41.0678306417727],[-71.9155729081695,41.0679312975103],[-71.9155978104085,41.0679925467488],[-71.9156559713998,41.0682948026505],[-71.9156884810083,41.0683898556125],[-71.9157438630819,41.0684859571834],[-71.9159812257419,41.0688213683917],[-71.9162134424737,41.0690529348632],[-71.9165755501325,41.0693414041455],[-71.9171784459574,41.069740455879],[-71.9172122514862,41.0697787283337],[-71.917335588153,41.0698523126726],[-71.917497257538,41.069976474892],[-71.9175926981237,41.0700243970722],[-71.917747960735,41.0701254188318],[-71.9179279583105,41.0702727430944],[-71.9180482156956,41.0703099165745],[-71.9185027494061,41.0705477063487],[-71.9188548808745,41.0707012242379],[-71.9192715782899,41.0708368662973],[-71.9194852914548,41.0708957970769],[-71.9196602663086,41.0709283246567],[-71.9198192242321,41.070972646848],[-71.9202214299675,41.0711105767835],[-71.9203636919732,41.0711779297181]]},"properties":{"FID":174278,"SOURCE_ID":"GC11249","SRC_DATE":"20140603","HOR_ACC":"1.1","INFORM":" ","ATTRIBUTE":"Natural.Mean High Water","VER_DATE":" ","SRC_RESOLU":0,"DATA_SOURC":"Lidar","EX_METH":"Derived","EXT_METH":"Derived","DAT_SET_CR":"NOAA","SRC_CITA":" ","FIPS_ALPHA":"NY","NOAA_Regio":"North Atlantic","Shape_Leng":0.0071531015197,"Shape__Length":0.0071531015197017255}},{"type":"Feature","id":174279,"geometry":{"type":"LineString","coordinates":[[-71.9347202334503,41.0676978877007],[-71.9347103436039,41.0677220488919],[-71.9347339580132,41.0677811613407],[-71.934973468249,41.0680121585411],[-71.9353445151782,41.0684122418047],[-71.9354344941869,41.0685933563041],[-71.9354606869564,41.0687072437715],[-71.9354300560421,41.068786738461],[-71.935387296869,41.0689051099513],[-71.935334519243,41.0689900788159],[-71.9351581090849,41.0692054323195],[-71.9351025669425,41.0692978331831],[-71.9350676651467,41.069381841571],[-71.9350480023681,41.0694702125704],[-71.9350422988725,41.06958789338],[-71.935053698688,41.0696868179248],[-71.935080051535,41.069767425074],[-71.9351495071045,41.0698753329465],[-71.9353836879576,41.0701306217396],[-71.935472973582,41.0701893321893],[-71.9359122035233,41.0704116320379],[-71.935998170649,41.0704844789338],[-71.9360439488582,41.0705584643729]]},"properties":{"FID":174279,"SOURCE_ID":"GC11249","SRC_DATE":"20140603","HOR_ACC":"1.1","INFORM":" ","ATTRIBUTE":"Natural.Mean High Water","VER_DATE":" ","SRC_RESOLU":0,"DATA_SOURC":"Lidar","EX_METH":"Derived","EXT_METH":"Derived","DAT_SET_CR":"NOAA","SRC_CITA":" ","FIPS_ALPHA":"NY","NOAA_Regio":"North Atlantic","Shape_Leng":0.00374182237907,"Shape__Length":0.0037418223790712294}},{"type":"Feature","id":174280,"geometry":{"type":"LineString","coordinates":[[-71.9384730183475,41.0680171379749],[-71.9383472921853,41.0680137951983],[-71.938223075084,41.0679779302321],[-71.9382186917865,41.067969372282],[-71.9382123003007,41.0679354354588],[-71.9382480708439,41.0678857380124],[-71.9383366388026,41.0678314135513],[-71.9384202631866,41.0677805757627],[-71.938551018357,41.0677442566305],[-71.9388138390111,41.0676776824959],[-71.9390467257212,41.0676105453865]]},"properties":{"FID":174280,"SOURCE_ID":"GC11249","SRC_DATE":"20140603","HOR_ACC":"1.1","INFORM":" ","ATTRIBUTE":"Natural.Mean High Water","VER_DATE":" ","SRC_RESOLU":0,"DATA_SOURC":"Lidar","EX_METH":"Derived","EXT_METH":"Derived","DAT_SET_CR":"NOAA","SRC_CITA":" ","FIPS_ALPHA":"NY","NOAA_Regio":"North Atlantic","Shape_Leng":0.00121140563859,"Shape__Length":0.0012114056385947244}},{"type":"Feature","id":174281,"geometry":{"type":"LineString","coordinates":[[-71.9387105672108,41.0691233861389],[-71.9386828303096,41.0690923918987],[-71.9386548559881,41.0690771771663],[-71.9386444418345,41.0690612222911],[-71.938648463603,41.0690432403431],[-71.9386909044215,41.0690214560596]]},"properties":{"FID":174281,"SOURCE_ID":"GC11249","SRC_DATE":"20140603","HOR_ACC":"1.1","INFORM":" ","ATTRIBUTE":"Natural.Mean High Water","VER_DATE":" ","SRC_RESOLU":0,"DATA_SOURC":"Lidar","EX_METH":"Derived","EXT_METH":"Derived","DAT_SET_CR":"NOAA","SRC_CITA":" ","FIPS_ALPHA":"NY","NOAA_Regio":"North Atlantic","Shape_Leng":0.000158621345028,"Shape__Length":0.00015862134502804992}},{"type":"Feature","id":174282,"geometry":{"type":"LineString","coordinates":[[-71.9321710279138,41.0689547931116],[-71.9322410671301,41.0688257619541],[-71.9322977280269,41.0686880973038],[-71.9323376318511,41.068559444762],[-71.9323625169923,41.0684335036772],[-71.9323731181975,41.0683167194917],[-71.9323709238441,41.0681955025474],[-71.93235288703,41.0681006834088],[-71.9323132646802,41.0679897915841],[-71.9322613935611,41.0678967396148],[-71.9321945793025,41.0678097211987],[-71.9321221424817,41.0677426299647],[-71.9320386377013,41.0676817746313],[-71.9319285849254,41.0676188922264],[-71.931672327515,41.0674946949364],[-71.9314400568272,41.0673226582001],[-71.9313703539455,41.0672408423632],[-71.93127487378,41.067022981558],[-71.9312557982498,41.0669507093268],[-71.9312603982798,41.0668840110941],[-71.9314010279888,41.0664797450662],[-71.9314643025035,41.0663682695781],[-71.9315694045005,41.0662635003345],[-71.9316725999363,41.0661977068167],[-71.9318062743065,41.0661485678461],[-71.9319550456015,41.0661136876289],[-71.9321230156309,41.0660984576017],[-71.9322771810636,41.0661053589954],[-71.9325973038467,41.0661754647495],[-71.932882151607,41.0661839552415],[-71.9329613135571,41.0661959611906],[-71.933027790566,41.0662147633181],[-71.9330740678961,41.0662366456249],[-71.9331149349035,41.0662671047679],[-71.9331898907275,41.0663593500445],[-71.9332694717709,41.0665321844846],[-71.9333018428877,41.0666973540028],[-71.9333266372086,41.0667681315603],[-71.9333819590268,41.0668507954585],[-71.9334675466389,41.066931464659],[-71.9336061187261,41.0670164577991],[-71.933956836459,41.0671550847111],[-71.9341447912356,41.0672507968711],[-71.9342703618171,41.0672895684467],[-71.9343895876781,41.0673033352674],[-71.9344848034303,41.0672988377539],[-71.9345957887989,41.0672809106612],[-71.934838856737,41.0672112428587],[-71.9351319090075,41.0670873009585],[-71.9353873660061,41.0669463438831],[-71.9356006447863,41.0667938233239],[-71.9358061615132,41.0665996713407],[-71.9358804239496,41.0665119640392],[-71.935929284128,41.0664378176184],[-71.9359499118813,41.0663828546408],[-71.9359487184778,41.0663342948381],[-71.935826550022,41.0661053471893],[-71.9357920978766,41.066000543776],[-71.9357059050139,41.0658012827526],[-71.9356484320086,41.0655758397605],[-71.9356041763438,41.0653542845379],[-71.9355677393932,41.0652338068376],[-71.9354392495943,41.0648919259017],[-71.9353213142489,41.0646662679734],[-71.9351807744383,41.0644718686878],[-71.9351292045913,41.064362072238],[-71.9350100030046,41.0642171140901],[-71.9349328114628,41.064082806614],[-71.9348050860998,41.0639519183626],[-71.934459529554,41.0633934509649],[-71.9342818117554,41.0631528076325],[-71.9339883052923,41.0626600644998],[-71.933934589661,41.0625287643564],[-71.9338297979139,41.0623448700524],[-71.9337590814904,41.0621640208524],[-71.9337121296681,41.0621332289604],[-71.9336785912388,41.0621096981955],[-71.9336075735488,41.0620458508167],[-71.933575175457,41.0619639684287],[-71.9335748202232,41.0619377459913],[-71.9335656174536,41.061864820852],[-71.933588490815,41.0618130064014],[-71.9336512221418,41.0617503371303],[-71.9336722141231,41.0617389822872],[-71.9337444018262,41.0617099260832],[-71.9337945012715,41.061648112068],[-71.9337817650649,41.0615834346128],[-71.9337436544788,41.0615228463766],[-71.9337398782231,41.0615024902182],[-71.9337081888003,41.0614730509063],[-71.9336853262269,41.0614569530393],[-71.9336240967628,41.0614195790083],[-71.9335266524875,41.0613824307084],[-71.9334791304949,41.0613549528188],[-71.9334813985831,41.0613061627895],[-71.9334818410492,41.0612966425645],[-71.933481266381,41.0612751811389],[-71.933456498144,41.0612661816223],[-71.9334404991999,41.0612717115552],[-71.9334065974468,41.0612898724692],[-71.9333192417726,41.061306609758],[-71.9332791616748,41.0613222228923],[-71.9332670262186,41.0613123672205],[-71.9332689858416,41.0613040790668],[-71.9332713321726,41.0612874613907],[-71.9332815178945,41.0612376902007],[-71.9332902638032,41.0612188601917],[-71.9333344052376,41.0611497391836],[-71.9333599801639,41.0611075276956],[-71.9333725904597,41.0610733111826],[-71.9333488735292,41.0610417018059],[-71.9333119158768,41.0610240364207],[-71.9332764744819,41.0610076031068],[-71.9331235707933,41.0609105950223],[-71.933080853878,41.0608475012745],[-71.933066072615,41.0608268528368],[-71.9330049007074,41.0607882872039],[-71.9330050113239,41.0607859075973],[-71.933006173247,41.0607609172314],[-71.9330791901242,41.0607140121792],[-71.9330834960781,41.0606891063494],[-71.9330536026017,41.0606549482938],[-71.9330107103226,41.0606633380721],[-71.9329587960433,41.0606965077754],[-71.9329136680497,41.0607191347239],[-71.9328645758404,41.0606916145662],[-71.9328560277804,41.0606723241048],[-71.9328404425216,41.060624356956],[-71.9328476559837,41.0605815492179],[-71.9328623356196,41.0605366640453],[-71.9328821746673,41.060482385452],[-71.9328766609211,41.060465558234]]},"properties":{"FID":174282,"SOURCE_ID":"GC11249","SRC_DATE":"20140603","HOR_ACC":"1.1","INFORM":" ","ATTRIBUTE":"Natural.Mean High Water","VER_DATE":" ","SRC_RESOLU":0,"DATA_SOURC":"Lidar","EX_METH":"Derived","EXT_METH":"Derived","DAT_SET_CR":"NOAA","SRC_CITA":" ","FIPS_ALPHA":"NY","NOAA_Regio":"North Atlantic","Shape_Leng":0.0162298752817,"Shape__Length":0.016229875281748712}},{"type":"Feature","id":174283,"geometry":{"type":"LineString","coordinates":[[-71.9384907179861,41.0693549499271],[-71.9386263870521,41.0692887786929],[-71.938687608419,41.0692657515454],[-71.9387129162468,41.0692293056122]]},"properties":{"FID":174283,"SOURCE_ID":"GC11249","SRC_DATE":"20140603","HOR_ACC":"1.1","INFORM":" ","ATTRIBUTE":"Natural.Mean High Water","VER_DATE":" ","SRC_RESOLU":0,"DATA_SOURC":"Lidar","EX_METH":"Derived","EXT_METH":"Derived","DAT_SET_CR":"NOAA","SRC_CITA":" ","FIPS_ALPHA":"NY","NOAA_Regio":"North Atlantic","Shape_Leng":0.000260725864502,"Shape__Length":0.00026072586450233577}},{"type":"Feature","id":174377,"geometry":{"type":"LineString","coordinates":[[-71.9579871681816,41.0512690982686],[-71.9579191632215,41.0512061798895],[-71.9577503640089,41.0510787333456],[-71.957659289631,41.0509947510421],[-71.9573824593119,41.0506779009464],[-71.9571662127464,41.0504478390404],[-71.957090505988,41.050353534316],[-71.9570195152746,41.050233500882],[-71.9569664057861,41.0500937291232],[-71.9569447384054,41.0499591734324],[-71.9569479921458,41.0498202371422],[-71.9569881127041,41.0496481041695],[-71.9571214722938,41.0492858328924],[-71.9572608141771,41.0489506725827],[-71.9574430357412,41.0484700172246],[-71.9575658831581,41.048216911075],[-71.9576488159589,41.0480892217059],[-71.957757399231,41.0479538764059],[-71.9581107249704,41.0475929945745],[-71.958294617487,41.0473169287266],[-71.9586771514125,41.0468715789537],[-71.9587397352483,41.0467716183874],[-71.9587864775214,41.0466755482895],[-71.9588473796166,41.0464370705172],[-71.9589175231529,41.0462823897907],[-71.9591027052963,41.0459817814394],[-71.9593911269422,41.0456129064341],[-71.9597965792014,41.0452231941291],[-71.9601834325787,41.0448935025899],[-71.9603753470577,41.0447451135176],[-71.9607107789873,41.0445032821639],[-71.9608785466623,41.044366694898],[-71.9611891869751,41.0441621962092],[-71.961326276068,41.0440395655258],[-71.9613875145212,41.0440028704792],[-71.9614487754576,41.0439703986497],[-71.9615535662911,41.0439011517345],[-71.9615612734834,41.0438980823475],[-71.9616088269485,41.0438623198985],[-71.9616814337345,41.0438097329285],[-71.9620771742195,41.0435592042276],[-71.9628961753538,41.0430799481942],[-71.9630052244798,41.0430339433624],[-71.9630872480715,41.043008989866],[-71.9631536594251,41.0429431513833],[-71.9632835017809,41.0428617977916],[-71.9632865945503,41.0428603516813],[-71.9634266774906,41.0427975987708],[-71.9635778131035,41.0427527486673],[-71.9637421642559,41.0426700685741],[-71.9638155759367,41.0426413918841],[-71.9645823723151,41.0422785000541],[-71.9650257076399,41.0420924734394],[-71.9657024269992,41.0418265807085],[-71.9662505549592,41.0416248510251],[-71.9668475574906,41.0414193270996],[-71.9673251264213,41.0412660412087],[-71.9679753589432,41.0410739549541],[-71.9687806247443,41.0408949952018],[-71.9691177833828,41.0408285496678],[-71.9694768809903,41.0407738330935],[-71.9698687660925,41.040735613685],[-71.970048146724,41.0407269954743],[-71.970176790288,41.040731538846],[-71.9702679950637,41.0407476439054]]},"properties":{"FID":174377,"SOURCE_ID":"GC11249","SRC_DATE":"20140603","HOR_ACC":"1.1","INFORM":" ","ATTRIBUTE":"Natural.Mean High Water","VER_DATE":" ","SRC_RESOLU":0,"DATA_SOURC":"Lidar","EX_METH":"Derived","EXT_METH":"Derived","DAT_SET_CR":"NOAA","SRC_CITA":" ","FIPS_ALPHA":"NY","NOAA_Regio":"North Atlantic","Shape_Leng":0.0189284198432,"Shape__Length":0.018928419843227788}},{"type":"Feature","id":174378,"geometry":{"type":"LineString","coordinates":[[-71.9554249155199,41.0727323135148],[-71.9554784350905,41.0727139754336],[-71.9556361933152,41.0727075524692],[-71.9558745551008,41.0726615341434],[-71.9560065531366,41.0726569080256],[-71.9562825398742,41.0726700255305],[-71.9564169498927,41.0726694238796],[-71.9566293203652,41.0726537477871],[-71.9567635622092,41.0726317170863],[-71.9568534350863,41.0726074227928],[-71.9569444626926,41.0725717098052],[-71.9570393205119,41.0725217290702],[-71.957111472241,41.0724727897512],[-71.9572150040219,41.0723814410932],[-71.9575428879332,41.0720339007077],[-71.9576064493351,41.0719818308483],[-71.9576766189579,41.0719380509409],[-71.9579402777771,41.0718129147418],[-71.9581316238884,41.0717338472251],[-71.958758536082,41.0715261262545],[-71.9589293578584,41.0714382085086],[-71.9591882196906,41.071286134911],[-71.9593407456516,41.0711656338222],[-71.9596563151437,41.0708457988569],[-71.9599021925564,41.0706301332862],[-71.9599776124206,41.0705411579403],[-71.9600827162115,41.0703536006902],[-71.9601243116627,41.0702541014768],[-71.9601391198979,41.0701422536709],[-71.9601273621512,41.0700276503425],[-71.960089934145,41.0698666249012],[-71.9600487541692,41.0697594355862],[-71.9597767082358,41.0692806463364],[-71.9597038514253,41.069105768636],[-71.9596412298012,41.0689095841933],[-71.9595639501234,41.0687316227172],[-71.9595440634037,41.0686451070207],[-71.9595278495131,41.0685004393506],[-71.959530502509,41.0684120314795],[-71.9595463431675,41.0683214634359],[-71.959582794494,41.0682069032735],[-71.9596351269539,41.0680974998241],[-71.9599258310723,41.067594138375],[-71.9600363245029,41.0674211051786],[-71.9601853871644,41.0671414402443],[-71.9602144640494,41.06705489307],[-71.9603051867674,41.0667013910853],[-71.9603529965286,41.0664731197214],[-71.9604460116204,41.0661385044025],[-71.9605092105878,41.06595249129],[-71.9605848013187,41.0657835814871],[-71.9606893259458,41.0655919314215],[-71.9608325439149,41.0653716595256],[-71.9613725734483,41.0646594097979],[-71.9614232223783,41.0645760003582],[-71.9615571026809,41.0643098117679],[-71.961591382145,41.0642141103925],[-71.9616100835472,41.0641118214824],[-71.961599774601,41.0638603413117],[-71.9615439617444,41.063628625547],[-71.961488862954,41.0634746274102],[-71.9613762731794,41.0632294730753],[-71.9611632048099,41.0628394208466],[-71.9610655500868,41.062689558694],[-71.960750796239,41.0622832799978],[-71.9603110527632,41.0616822755614],[-71.9601070765441,41.0613214890762],[-71.9599973277298,41.0610927698548],[-71.9597231054253,41.0604192953305],[-71.9596309050817,41.0600847042993],[-71.9595537144277,41.0597451705928],[-71.9594780679036,41.0592915938351],[-71.9593287030257,41.0587914762555],[-71.959220447085,41.0585374420129],[-71.9590608218429,41.0581169180476],[-71.958854430038,41.0576488091464],[-71.9588140405652,41.0575196799665],[-71.9587798456203,41.0573117036098],[-71.9587493217147,41.0572031149491],[-71.9584720282301,41.056629441809],[-71.9583663029792,41.0563193177387],[-71.9582879791831,41.0560515886163],[-71.9580764954157,41.0555926887748],[-71.9580038445493,41.0554029731571],[-71.9579475640459,41.0551871601073],[-71.9579153880758,41.0549130574869],[-71.9579177451916,41.0547699699253],[-71.9579737450671,41.0542907498895],[-71.9579983001579,41.0541797339563],[-71.9580329285589,41.0540806978941],[-71.958086271858,41.0539858310891],[-71.958234172599,41.053775573146],[-71.9582671714288,41.0536904154244],[-71.9582779444064,41.0536082479499],[-71.9582510807381,41.0534183695534],[-71.9581673448241,41.053221391909],[-71.9581482099384,41.0531437516236],[-71.9581523612022,41.0530007827725],[-71.9581831081205,41.052768310675],[-71.958178987422,41.052706051497],[-71.958146166648,41.052612086715],[-71.9580212741449,41.0523841948706],[-71.9579925039182,41.0522818564993],[-71.9579710739588,41.0521512389404],[-71.9579644072638,41.0518227947739]]},"properties":{"FID":174378,"SOURCE_ID":"GC11249","SRC_DATE":"20140603","HOR_ACC":"1.1","INFORM":" ","ATTRIBUTE":"Natural.Mean High Water","VER_DATE":" ","SRC_RESOLU":0,"DATA_SOURC":"Lidar","EX_METH":"Derived","EXT_METH":"Derived","DAT_SET_CR":"NOAA","SRC_CITA":" ","FIPS_ALPHA":"NY","NOAA_Regio":"North Atlantic","Shape_Leng":0.0256411183107,"Shape__Length":0.025641118310689187}},{"type":"Feature","id":174379,"geometry":{"type":"LineString","coordinates":[[-71.9491277553083,41.0729941657729],[-71.9491464468228,41.0729757602437],[-71.9493614118378,41.0729180039649],[-71.9498097285167,41.072867781301],[-71.9507416692728,41.0728251533974],[-71.9509980966478,41.0728191342255],[-71.952054431673,41.0728395964698],[-71.9522757135323,41.0728552833401]]},"properties":{"FID":174379,"SOURCE_ID":"GC11249","SRC_DATE":"20140603","HOR_ACC":"1.1","INFORM":" ","ATTRIBUTE":"Natural.Mean High Water","VER_DATE":" ","SRC_RESOLU":0,"DATA_SOURC":"Lidar","EX_METH":"Derived","EXT_METH":"Derived","DAT_SET_CR":"NOAA","SRC_CITA":" ","FIPS_ALPHA":"NY","NOAA_Regio":"North Atlantic","Shape_Leng":0.00316772463538,"Shape__Length":0.0031677246353816208}},{"type":"Feature","id":174556,"geometry":{"type":"LineString","coordinates":[[-71.9384473428159,41.0701602812873],[-71.9383265988966,41.0701067680217],[-71.9382291851967,41.0700426733301],[-71.9381630984917,41.069990266229],[-71.9380651865641,41.0698682740721],[-71.9380292010754,41.0697853124976],[-71.9380147147874,41.0697198058674],[-71.9380149387184,41.0697149872989],[-71.9380259419255,41.0696839265077],[-71.9380399911355,41.0696215908866],[-71.9380570557736,41.0695629532786],[-71.9380607420952,41.0695521973847],[-71.9380854284905,41.0695009980704],[-71.9380955926308,41.069488002864]]},"properties":{"FID":174556,"SOURCE_ID":"GC11249","SRC_DATE":"20140603","HOR_ACC":"1.1","INFORM":" ","ATTRIBUTE":"Natural.Mean High Water","VER_DATE":" ","SRC_RESOLU":0,"DATA_SOURC":"Lidar","EX_METH":"Derived","EXT_METH":"Derived","DAT_SET_CR":"NOAA","SRC_CITA":" ","FIPS_ALPHA":"NY","NOAA_Regio":"North Atlantic","Shape_Leng":0.000894421528584,"Shape__Length":0.00089442152858448115}},{"type":"Feature","id":174557,"geometry":{"type":"LineString","coordinates":[[-71.9206178917323,41.0712698134613],[-71.920708111749,41.0712671784443],[-71.9211995869126,41.0713172517904],[-71.9216564237739,41.0713129871896],[-71.9225554034734,41.0713823779639],[-71.9233199677561,41.0714130888937],[-71.9236301593226,41.0714823852582],[-71.9240186908569,41.0715333120645],[-71.9245361879123,41.0715836390186],[-71.9251406377499,41.0716931980294],[-71.9255978829067,41.0717443415701]]},"properties":{"FID":174557,"SOURCE_ID":"GC11249","SRC_DATE":"20140603","HOR_ACC":"1.1","INFORM":" ","ATTRIBUTE":"Natural.Mean High Water","VER_DATE":" ","SRC_RESOLU":0,"DATA_SOURC":"Lidar","EX_METH":"Derived","EXT_METH":"Derived","DAT_SET_CR":"NOAA","SRC_CITA":" ","FIPS_ALPHA":"NY","NOAA_Regio":"North Atlantic","Shape_Leng":0.00501199387317,"Shape__Length":0.0050119938731658072}},{"type":"Feature","id":174558,"geometry":{"type":"LineString","coordinates":[[-71.9358956272992,41.0719185930113],[-71.9358791759981,41.071961940343],[-71.9358479749111,41.0719991354118]]},"properties":{"FID":174558,"SOURCE_ID":"GC11249","SRC_DATE":"20140603","HOR_ACC":"1.1","INFORM":" ","ATTRIBUTE":"Natural.Mean High Water","VER_DATE":" ","SRC_RESOLU":0,"DATA_SOURC":"Lidar","EX_METH":"Derived","EXT_METH":"Derived","DAT_SET_CR":"NOAA","SRC_CITA":" ","FIPS_ALPHA":"NY","NOAA_Regio":"North Atlantic","Shape_Leng":9.491289973E-05,"Shape__Length":9.4912899730282467E-05}},{"type":"Feature","id":174559,"geometry":{"type":"LineString","coordinates":[[-71.9343696122569,41.0730824536126],[-71.9342797097027,41.0731146952165],[-71.9339262994158,41.0732789510359]]},"properties":{"FID":174559,"SOURCE_ID":"GC11249","SRC_DATE":"20140603","HOR_ACC":"1.1","INFORM":" ","ATTRIBUTE":"Natural.Mean High Water","VER_DATE":" ","SRC_RESOLU":0,"DATA_SOURC":"Lidar","EX_METH":"Derived","EXT_METH":"Derived","DAT_SET_CR":"NOAA","SRC_CITA":" ","FIPS_ALPHA":"NY","NOAA_Regio":"North Atlantic","Shape_Leng":0.000485225282034,"Shape__Length":0.00048522528203420013}},{"type":"Feature","id":174560,"geometry":{"type":"LineString","coordinates":[[-71.9280049542875,41.0730089962801],[-71.9281368264266,41.073153762872],[-71.9282627720291,41.073254923128],[-71.9283444619761,41.0732994269849],[-71.9285226716946,41.0733727235389],[-71.928735398307,41.0735043510304],[-71.9289059008329,41.0735741744022],[-71.9290621598904,41.0736224976781],[-71.9292862116646,41.0736750261825],[-71.9297867025364,41.0737576828718],[-71.9298298727072,41.0737703830988],[-71.9298472898837,41.0737827622687],[-71.9298530887161,41.0738192279859],[-71.9298882333366,41.073869525278],[-71.9299412349007,41.0739066834718],[-71.9300481490403,41.0739452778816],[-71.9301383879436,41.0739575104595],[-71.9302873813748,41.0739852563439],[-71.9304604388721,41.0739967676627],[-71.9306632180724,41.0739913735215],[-71.9310206600287,41.0739557207797],[-71.9314236526594,41.0738884928333],[-71.9314960031415,41.073889143041],[-71.9315805097645,41.0739056096281],[-71.93168697784,41.0739402587112],[-71.9319844242131,41.0740577875255],[-71.9324152634699,41.0741529843661],[-71.9325592018111,41.0741966869249],[-71.9327066897783,41.0742521751012],[-71.932764947881,41.0742829642949],[-71.9328141093388,41.0743231352183],[-71.9329519511809,41.0744897850176],[-71.9330239491327,41.0745620446565],[-71.9331162762659,41.0746348735657],[-71.9332000175677,41.0746886620251],[-71.933316939367,41.074740568202],[-71.933599817615,41.0748123610858]]},"properties":{"FID":174560,"SOURCE_ID":"GC11249","SRC_DATE":"20140603","HOR_ACC":"1.1","INFORM":" ","ATTRIBUTE":"Natural.Mean High Water","VER_DATE":" ","SRC_RESOLU":0,"DATA_SOURC":"Lidar","EX_METH":"Derived","EXT_METH":"Derived","DAT_SET_CR":"NOAA","SRC_CITA":" ","FIPS_ALPHA":"NY","NOAA_Regio":"North Atlantic","Shape_Leng":0.00613220574366,"Shape__Length":0.0061322057436570153}},{"type":"Feature","id":174561,"geometry":{"type":"LineString","coordinates":[[-71.9339833138529,41.0750290203873],[-71.9340544754342,41.0750889143457],[-71.9342429212421,41.0752071716145],[-71.9344137682091,41.0752895162496],[-71.9345874687243,41.07534260953],[-71.9347609722865,41.0753710856632],[-71.9349118821718,41.0753692528397]]},"properties":{"FID":174561,"SOURCE_ID":"GC11249","SRC_DATE":"20140603","HOR_ACC":"1.1","INFORM":" ","ATTRIBUTE":"Natural.Mean High Water","VER_DATE":" ","SRC_RESOLU":0,"DATA_SOURC":"Lidar","EX_METH":"Derived","EXT_METH":"Derived","DAT_SET_CR":"NOAA","SRC_CITA":" ","FIPS_ALPHA":"NY","NOAA_Regio":"North Atlantic","Shape_Leng":0.00101352540988,"Shape__Length":0.0010135254098788942}},{"type":"Feature","id":174562,"geometry":{"type":"LineString","coordinates":[[-71.9358139843201,41.0754693275887],[-71.9358635073024,41.0754539653649],[-71.9358887000171,41.0754200825],[-71.9358923629545,41.075375968047],[-71.9359326094197,41.075232921853],[-71.9359755052939,41.0751870860959],[-71.9360241919065,41.0751725044838],[-71.9360778778531,41.0751782241714],[-71.9361297031028,41.0752025238562],[-71.9361650212917,41.0752403457504],[-71.9361841777608,41.0753098570623],[-71.9361678523665,41.0753830519992],[-71.9359850651167,41.075654041173],[-71.9359034138534,41.0758359893497],[-71.9358739700482,41.0759794591241],[-71.9358838203332,41.0761107547723],[-71.93591222903,41.0761737415011],[-71.9359714655972,41.0762348081761],[-71.9361685332104,41.0763904340816],[-71.9363413658847,41.0765330503927]]},"properties":{"FID":174562,"SOURCE_ID":"GC11249","SRC_DATE":"20140603","HOR_ACC":"1.1","INFORM":" ","ATTRIBUTE":"Natural.Mean High Water","VER_DATE":" ","SRC_RESOLU":0,"DATA_SOURC":"Lidar","EX_METH":"Derived","EXT_METH":"Derived","DAT_SET_CR":"NOAA","SRC_CITA":" ","FIPS_ALPHA":"NY","NOAA_Regio":"North Atlantic","Shape_Leng":0.00214439908896,"Shape__Length":0.0021443990889597922}},{"type":"Feature","id":174563,"geometry":{"type":"LineString","coordinates":[[-71.9413360824845,41.075620136552],[-71.9414711418109,41.0755691108034],[-71.9418952118572,41.0754630087539],[-71.9421879691538,41.0754077238101],[-71.9423833649165,41.0753801334974]]},"properties":{"FID":174563,"SOURCE_ID":"GC11249","SRC_DATE":"20140603","HOR_ACC":"1.1","INFORM":" ","ATTRIBUTE":"Natural.Mean High Water","VER_DATE":" ","SRC_RESOLU":0,"DATA_SOURC":"Lidar","EX_METH":"Derived","EXT_METH":"Derived","DAT_SET_CR":"NOAA","SRC_CITA":" ","FIPS_ALPHA":"NY","NOAA_Regio":"North Atlantic","Shape_Leng":0.00107678402468,"Shape__Length":0.0010767840246785102}},{"type":"Feature","id":174564,"geometry":{"type":"LineString","coordinates":[[-71.9381869911475,41.076344133311],[-71.9381520416777,41.0762546633415],[-71.9381513303106,41.0761982029931],[-71.9381537818625,41.0761845207048]]},"properties":{"FID":174564,"SOURCE_ID":"GC11249","SRC_DATE":"20140603","HOR_ACC":"1.1","INFORM":" ","ATTRIBUTE":"Natural.Mean High Water","VER_DATE":" ","SRC_RESOLU":0,"DATA_SOURC":"Lidar","EX_METH":"Derived","EXT_METH":"Derived","DAT_SET_CR":"NOAA","SRC_CITA":" ","FIPS_ALPHA":"NY","NOAA_Regio":"North Atlantic","Shape_Leng":0.000166418822455,"Shape__Length":0.00016641882245538292}},{"type":"Feature","id":174646,"geometry":{"type":"LineString","coordinates":[[-71.9210227034898,41.051684967644],[-71.920784883081,41.0514614492072],[-71.92071587178,41.051410905502],[-71.9207010797249,41.0513880357383],[-71.920666775074,41.051381160421],[-71.9206212136058,41.0513822315153],[-71.9205578671393,41.0513877785368],[-71.9204728146287,41.0513890780601],[-71.9203989334999,41.0513871022516],[-71.9203168415567,41.0513586944639],[-71.9202308123793,41.051313500827],[-71.9201992452642,41.0512816783113],[-71.9201863867512,41.0512430065567],[-71.9201014889174,41.0511263995408],[-71.9200404294238,41.051064216807],[-71.9199892912554,41.0510232481849]]},"properties":{"FID":174646,"SOURCE_ID":"GC11249","SRC_DATE":"20140603","HOR_ACC":"1.1","INFORM":" ","ATTRIBUTE":"Natural.Apparent.Marsh Or Swamp","VER_DATE":" ","SRC_RESOLU":0,"DATA_SOURC":"Lidar","EX_METH":"Derived","EXT_METH":"Derived","DAT_SET_CR":"NOAA","SRC_CITA":" ","FIPS_ALPHA":"NY","NOAA_Regio":"North Atlantic","Shape_Leng":0.00130880514725,"Shape__Length":0.0013088051472539175}},{"type":"Feature","id":174647,"geometry":{"type":"LineString","coordinates":[[-71.9273018171284,41.0536985723798],[-71.9272464989006,41.0534950197898],[-71.927138763673,41.0533363137027],[-71.9270756357339,41.0532030602318],[-71.9270604524688,41.0530949347215],[-71.9270141598485,41.0530412748639],[-71.9269826790662,41.052973713283],[-71.9269885390473,41.0529154866656],[-71.9269796969075,41.0528687839635],[-71.9270040334664,41.0528193913876],[-71.9270815190748,41.0527440137937],[-71.927144414078,41.0526777796093],[-71.9271969893585,41.0526303322665],[-71.9272930073026,41.0525625980116],[-71.9273455475115,41.0525497026285],[-71.9273694604921,41.0525431915349],[-71.9274233856557,41.0525005465727],[-71.9274496809382,41.0524428658431],[-71.9274787677158,41.0523590481117],[-71.9274916900743,41.0522843306225],[-71.927461172467,41.0522299000453],[-71.9274120883516,41.0522023780889],[-71.9273715486988,41.0521941474932],[-71.9272912131339,41.0521955774181],[-71.9272220660398,41.0522270941676],[-71.9271197960048,41.0522601082897],[-71.9270572139635,41.0522858414978],[-71.9270358361733,41.0523055258633],[-71.9269556094261,41.0523045761816],[-71.9268889021906,41.0522837316934],[-71.9267874037675,41.0521988122965],[-71.9267414996539,41.0521368220171],[-71.9267116313604,41.0521360243193],[-71.9266882948467,41.0521639968385],[-71.9266357537385,41.0521768913222],[-71.9265514215842,41.0521627261006],[-71.926487061579,41.0521252639362],[-71.926478311168,41.0520428185718],[-71.9264642889301,41.051972147134],[-71.9264577598483,41.0519433778163],[-71.9264285021939,41.0519294904835],[-71.9264009829295,41.0519120751096],[-71.9263974863627,41.0518857699347],[-71.9264181240096,41.0518481944529],[-71.9264146076559,41.0517885271216],[-71.9264007724787,41.0517476466317],[-71.926349100113,41.0517081412068],[-71.9263093176868,41.0516498885105],[-71.9262960931487,41.0515959201844],[-71.9263012525584,41.0515488820347],[-71.9262485981321,41.0515005254805],[-71.9261914893636,41.0514763624929],[-71.9261334372073,41.051472430658],[-71.9261101546528,41.0514992124745],[-71.9260944542853,41.051532154648],[-71.926071505379,41.0515517967454],[-71.926038438196,41.051552105214],[-71.9260019302041,41.0515249178051],[-71.9259786098744,41.0514849771073],[-71.9259664015713,41.0514429490823],[-71.9258928325051,41.0514004749954],[-71.9258181914461,41.0513472495114],[-71.9257177884001,41.0513064409702],[-71.9256485477728,41.0512724223107],[-71.9255986335838,41.0512627501018],[-71.9255609061124,41.0512617428622],[-71.9255248621722,41.0512583973847],[-71.9255146350777,41.0512414433625],[-71.925493403875,41.0512241952622],[-71.9254661813884,41.0512341930283],[-71.9254556413319,41.0512577399824],[-71.925434096268,41.0512809937578],[-71.9253730871415,41.0513067683346],[-71.9252408211074,41.051308002209],[-71.9251441556481,41.0513221017859],[-71.9250535750059,41.0513744900063],[-71.9249385642716,41.0514107371921],[-71.9248243854094,41.0514291337312],[-71.924764650621,41.0514275383356],[-71.9247319728441,41.0514195163824],[-71.9246965575314,41.0514364425271],[-71.9245057231343,41.0515123651139],[-71.9244217066456,41.0515589715915],[-71.9243763052583,41.0515875448585],[-71.9242988906926,41.0515938167343],[-71.9242684693165,41.0516049188681],[-71.9242488290169,41.0516210751924],[-71.924200818693,41.0516043028346],[-71.9241488702356,41.0515707455268],[-71.9241236451415,41.0515379031794],[-71.9240759684657,41.0515139911024],[-71.9240413517503,41.051513222183],[-71.9239261008955,41.0515257245642],[-71.9238055737186,41.051574680972],[-71.923770620659,41.0516154481488],[-71.9237164715644,41.0516628514249],[-71.9236314370421,41.0516975149033],[-71.9236092075928,41.0517016868598],[-71.9235645463488,41.0517481521426],[-71.9235298693808,41.0517829694035],[-71.9234956384761,41.0518082673387],[-71.9234717434838,41.0518481378909],[-71.923451548303,41.0518761940469],[-71.9234283538832,41.0519218148653],[-71.9234355511633,41.0519829984538],[-71.9234704304824,41.0520113342973],[-71.9234900519001,41.0520630920893],[-71.9234766061348,41.0521151574504],[-71.9234813410687,41.0521486446125],[-71.9235018501165,41.0521813628536],[-71.9235192160327,41.0522139965586],[-71.9234897542343,41.0522382296961],[-71.9234827089459,41.0522880836237],[-71.9234920475111,41.0523240771967],[-71.9235084511516,41.0523435789986],[-71.9235142032198,41.0523890082605],[-71.9235084511573,41.0524448534727],[-71.9235174201034,41.0525225387246],[-71.9235537419395,41.0526212096597],[-71.9235474161081,41.0526555934464],[-71.9234822548162,41.0527858234002],[-71.9234585765664,41.0529270052987],[-71.9234592861399,41.0530731775354],[-71.9234878576216,41.0532678061519],[-71.9235072083432,41.0533195972187],[-71.9235366593537,41.0533652980752],[-71.9237167621529,41.0535655636384],[-71.9238123394417,41.0537203891504],[-71.9239324691336,41.0539465641889],[-71.9239318674898,41.0539968812672],[-71.9238893295473,41.0540685086863],[-71.9238788992087,41.0541022800347],[-71.9238821259798,41.0541474556878],[-71.9238994055614,41.0541867120016],[-71.9239255821384,41.0542167115914],[-71.9239503809532,41.0542414807233],[-71.9239981142862,41.0542642020977],[-71.9240768607496,41.054279755873],[-71.9241069358882,41.0542989977703],[-71.9244278671797,41.0546800684645],[-71.924465988557,41.0547282676378],[-71.9244930095975,41.05475639304],[-71.9244932506175,41.054784995084],[-71.9244787688303,41.0547917570883],[-71.9244539502313,41.0547839446769],[-71.9244083051261,41.0547839167994],[-71.9243418083339,41.0547976539485],[-71.92409983307,41.0548230031518],[-71.9239756825207,41.0548241093222],[-71.9239171690116,41.0548134091883],[-71.9238503349703,41.0547705097218],[-71.9237621573097,41.0546848825579],[-71.9236027011527,41.0544855801681],[-71.9234555243452,41.0543249909015],[-71.9233889771843,41.0542196433992],[-71.9233316165975,41.0540513406431],[-71.9232210377067,41.053788370735],[-71.9231346361965,41.053506170619],[-71.9231212245984,41.0534331582455],[-71.9231262805859,41.053386726239],[-71.92314327238,41.0533479906317],[-71.9232590745133,41.0532283331083],[-71.92331028462,41.0531357667696],[-71.9233577472469,41.0529810815472],[-71.9233467107568,41.0528686006192],[-71.9233190664835,41.0527968311095],[-71.9232083446037,41.0525916885196],[-71.9231388512634,41.0524977282354],[-71.9230372008542,41.0524013919429],[-71.9228162778168,41.052247418093],[-71.9227288834679,41.0521989815003],[-71.9226302053225,41.0521638899504],[-71.9225590959045,41.0521503137844],[-71.9224173564088,41.0521488047263],[-71.9223279215,41.0521428395249],[-71.9222605316777,41.0521029114191],[-71.9222311454186,41.0520580415363],[-71.9221723333277,41.0519284932728],[-71.9221291604569,41.0518822573201],[-71.9220504067969,41.0518301874653]]},"properties":{"FID":174647,"SOURCE_ID":"GC11249","SRC_DATE":"20140603","HOR_ACC":"1.1","INFORM":" ","ATTRIBUTE":"Natural.Apparent.Marsh Or Swamp","VER_DATE":" ","SRC_RESOLU":0,"DATA_SOURC":"Lidar","EX_METH":"Derived","EXT_METH":"Derived","DAT_SET_CR":"NOAA","SRC_CITA":" ","FIPS_ALPHA":"NY","NOAA_Regio":"North Atlantic","Shape_Leng":0.0149109225496,"Shape__Length":0.014910922549583344}},{"type":"Feature","id":174648,"geometry":{"type":"LineString","coordinates":[[-71.9279745095383,41.0572596239576],[-71.9278468111608,41.0572326478924],[-71.9277174283545,41.0572385231687],[-71.927590752507,41.0572208451958],[-71.9275249266063,41.0571809611567],[-71.9274905221269,41.0571085549271],[-71.9274902595213,41.057046591626],[-71.9275143199886,41.0570031498652],[-71.9275804372656,41.0569691698723],[-71.9276293190299,41.0569335387242],[-71.927649264197,41.0568671417639],[-71.9276420965873,41.0566789244149],[-71.9276614212196,41.0565716163874],[-71.9276605920368,41.056436212635],[-71.9276480527819,41.0563746720157],[-71.9276092542134,41.0562987791139],[-71.9276116437112,41.0562685564913],[-71.9276318937507,41.0562417198162],[-71.9277383825033,41.0561471371953],[-71.9278179644259,41.0559631511545],[-71.9279480927618,41.0558031689215],[-71.9280143827076,41.055751126941],[-71.9281429723089,41.0556961100006],[-71.9281932570157,41.0556526790309],[-71.9282280490953,41.0555886445896],[-71.928237239266,41.055512262455],[-71.9282239283908,41.0554197914465]]},"properties":{"FID":174648,"SOURCE_ID":"GC11249","SRC_DATE":"20140603","HOR_ACC":"1.1","INFORM":" ","ATTRIBUTE":"Natural.Apparent.Marsh Or Swamp","VER_DATE":" ","SRC_RESOLU":0,"DATA_SOURC":"Lidar","EX_METH":"Derived","EXT_METH":"Derived","DAT_SET_CR":"NOAA","SRC_CITA":" ","FIPS_ALPHA":"NY","NOAA_Regio":"North Atlantic","Shape_Leng":0.00258854614465,"Shape__Length":0.0025885461446493526}},{"type":"Feature","id":174649,"geometry":{"type":"LineString","coordinates":[[-71.9313295952831,41.0588349144252],[-71.9313428701774,41.0587864184739],[-71.9313461688858,41.0586816573275],[-71.9313799483255,41.058564601546],[-71.9313487895017,41.0585159059466],[-71.9311802214189,41.058459195592],[-71.9311198822829,41.058402778413],[-71.9310705823266,41.0583121042515],[-71.9310404685164,41.0582827063084],[-71.9309802633811,41.0582572725786],[-71.9308912610459,41.0582417943467],[-71.9308064765329,41.0582371511488],[-71.9306819797427,41.0582064285071],[-71.9305919593739,41.0581790081754],[-71.9305262413917,41.058136745429],[-71.9304722244897,41.0580459453626],[-71.9304610441088,41.0579479471197],[-71.9304941391632,41.0578118104186]]},"properties":{"FID":174649,"SOURCE_ID":"GC11249","SRC_DATE":"20140603","HOR_ACC":"1.1","INFORM":" ","ATTRIBUTE":"Natural.Apparent.Marsh Or Swamp","VER_DATE":" ","SRC_RESOLU":0,"DATA_SOURC":"Lidar","EX_METH":"Derived","EXT_METH":"Derived","DAT_SET_CR":"NOAA","SRC_CITA":" ","FIPS_ALPHA":"NY","NOAA_Regio":"North Atlantic","Shape_Leng":0.00162595271544,"Shape__Length":0.0016259527154374996}},{"type":"Feature","id":174650,"geometry":{"type":"LineString","coordinates":[[-71.9386730033895,41.0686519605319],[-71.938639921813,41.0685751062545],[-71.9386375952496,41.0682819991559],[-71.9386146517311,41.0681583828206],[-71.9386153783826,41.0681427247214],[-71.9386172237898,41.0681029773771],[-71.9386116407958,41.068085946013],[-71.9385668293607,41.0680558115254],[-71.9384730183475,41.0680171379749]]},"properties":{"FID":174650,"SOURCE_ID":"GC11249","SRC_DATE":"20140603","HOR_ACC":"1.1","INFORM":" ","ATTRIBUTE":"Natural.Apparent.Marsh Or Swamp","VER_DATE":" ","SRC_RESOLU":0,"DATA_SOURC":"Lidar","EX_METH":"Derived","EXT_METH":"Derived","DAT_SET_CR":"NOAA","SRC_CITA":" ","FIPS_ALPHA":"NY","NOAA_Regio":"North Atlantic","Shape_Leng":0.000731375023155,"Shape__Length":0.00073137502315509875}},{"type":"Feature","id":174651,"geometry":{"type":"LineString","coordinates":[[-71.9380955926308,41.069488002864],[-71.9381821245242,41.0694432732718],[-71.9383258928887,41.0694012704228],[-71.9384907179861,41.0693549499271]]},"properties":{"FID":174651,"SOURCE_ID":"GC11249","SRC_DATE":"20140603","HOR_ACC":"1.1","INFORM":" ","ATTRIBUTE":"Natural.Apparent.Marsh Or Swamp","VER_DATE":" ","SRC_RESOLU":0,"DATA_SOURC":"Lidar","EX_METH":"Derived","EXT_METH":"Derived","DAT_SET_CR":"NOAA","SRC_CITA":" ","FIPS_ALPHA":"NY","NOAA_Regio":"North Atlantic","Shape_Leng":0.000418397381507,"Shape__Length":0.00041839738150705862}},{"type":"Feature","id":174656,"geometry":{"type":"LineString","coordinates":[[-71.9386909044215,41.0690214560596],[-71.9387222179234,41.068976145507]]},"properties":{"FID":174656,"SOURCE_ID":"GC11249","SRC_DATE":"20140607","HOR_ACC":"0.6","INFORM":" ","ATTRIBUTE":"Natural.Mean High Water","VER_DATE":" ","SRC_RESOLU":0,"DATA_SOURC":"Aerial Photography","EX_METH":"Stereo","EXT_METH":"Stereo","DAT_SET_CR":"NOAA","SRC_CITA":" ","FIPS_ALPHA":"NY","NOAA_Regio":"North Atlantic","Shape_Leng":5.5077946605E-05,"Shape__Length":5.5077946604639923E-05}},{"type":"Feature","id":174657,"geometry":{"type":"LineString","coordinates":[[-71.9203636919732,41.0711779297181],[-71.9204501312425,41.0712406556416],[-71.9204753077723,41.0712585152809],[-71.9205114974033,41.0712716103106],[-71.920551922842,41.0712769199077],[-71.9206178917323,41.0712698134613]]},"properties":{"FID":174657,"SOURCE_ID":"GC11249","SRC_DATE":"20140428","HOR_ACC":"0.6","INFORM":" ","ATTRIBUTE":"Natural.Mean High Water","VER_DATE":" ","SRC_RESOLU":0,"DATA_SOURC":"Aerial Photography","EX_METH":"Stereo","EXT_METH":"Stereo","DAT_SET_CR":"NOAA","SRC_CITA":" ","FIPS_ALPHA":"NY","NOAA_Regio":"North Atlantic","Shape_Leng":0.000283277147034,"Shape__Length":0.00028327714703354345}},{"type":"Feature","id":174658,"geometry":{"type":"LineString","coordinates":[[-71.9255978829067,41.0717443415701],[-71.9256715652858,41.0717562593858]]},"properties":{"FID":174658,"SOURCE_ID":"GC11249","SRC_DATE":"20140428","HOR_ACC":"0.6","INFORM":" ","ATTRIBUTE":"Natural.Mean High Water","VER_DATE":" ","SRC_RESOLU":0,"DATA_SOURC":"Aerial Photography","EX_METH":"Stereo","EXT_METH":"Stereo","DAT_SET_CR":"NOAA","SRC_CITA":" ","FIPS_ALPHA":"NY","NOAA_Regio":"North Atlantic","Shape_Leng":7.4639960538E-05,"Shape__Length":7.4639960538136512E-05}},{"type":"Feature","id":174659,"geometry":{"type":"LineString","coordinates":[[-71.9385081091321,41.0702517729323],[-71.9384473428159,41.0701602812873]]},"properties":{"FID":174659,"SOURCE_ID":"GC11249","SRC_DATE":"20140607","HOR_ACC":"0.6","INFORM":" ","ATTRIBUTE":"Natural.Mean High Water","VER_DATE":" ","SRC_RESOLU":0,"DATA_SOURC":"Aerial Photography","EX_METH":"Stereo","EXT_METH":"Stereo","DAT_SET_CR":"NOAA","SRC_CITA":" ","FIPS_ALPHA":"NY","NOAA_Regio":"North Atlantic","Shape_Leng":0.000109832874579,"Shape__Length":0.00010983287457888833}},{"type":"Feature","id":174660,"geometry":{"type":"LineString","coordinates":[[-71.9360439488582,41.0705584643729],[-71.9360420342022,41.070581802684],[-71.9360447825325,41.0706050843376]]},"properties":{"FID":174660,"SOURCE_ID":"GC11249","SRC_DATE":"20140607","HOR_ACC":"0.6","INFORM":" ","ATTRIBUTE":"Natural.Mean High Water","VER_DATE":" ","SRC_RESOLU":0,"DATA_SOURC":"Aerial Photography","EX_METH":"Stereo","EXT_METH":"Stereo","DAT_SET_CR":"NOAA","SRC_CITA":" ","FIPS_ALPHA":"NY","NOAA_Regio":"North Atlantic","Shape_Leng":4.6860017039E-05,"Shape__Length":4.6860017039015376E-05}},{"type":"Feature","id":174661,"geometry":{"type":"LineString","coordinates":[[-71.9358952810571,41.0718667983466],[-71.9358956272992,41.0719185930113]]},"properties":{"FID":174661,"SOURCE_ID":"GC11249","SRC_DATE":"20140607","HOR_ACC":"0.6","INFORM":" ","ATTRIBUTE":"Natural.Mean High Water","VER_DATE":" ","SRC_RESOLU":0,"DATA_SOURC":"Aerial Photography","EX_METH":"Stereo","EXT_METH":"Stereo","DAT_SET_CR":"NOAA","SRC_CITA":" ","FIPS_ALPHA":"NY","NOAA_Regio":"North Atlantic","Shape_Leng":5.1795811873E-05,"Shape__Length":5.1795811873030523E-05}},{"type":"Feature","id":174662,"geometry":{"type":"LineString","coordinates":[[-71.9358479749111,41.0719991354118],[-71.9356205354013,41.0721525427031],[-71.9355740899006,41.0721777875787]]},"properties":{"FID":174662,"SOURCE_ID":"GC11249","SRC_DATE":"20140607","HOR_ACC":"0.6","INFORM":" ","ATTRIBUTE":"Natural.Mean High Water","VER_DATE":" ","SRC_RESOLU":0,"DATA_SOURC":"Aerial Photography","EX_METH":"Stereo","EXT_METH":"Stereo","DAT_SET_CR":"NOAA","SRC_CITA":" ","FIPS_ALPHA":"NY","NOAA_Regio":"North Atlantic","Shape_Leng":0.00032720299762,"Shape__Length":0.000327202997620275}},{"type":"Feature","id":174663,"geometry":{"type":"LineString","coordinates":[[-71.9344811767914,41.0731050238988],[-71.9343696122569,41.0730824536126]]},"properties":{"FID":174663,"SOURCE_ID":"GC11249","SRC_DATE":"20140607","HOR_ACC":"0.6","INFORM":" ","ATTRIBUTE":"Natural.Mean High Water","VER_DATE":" ","SRC_RESOLU":0,"DATA_SOURC":"Aerial Photography","EX_METH":"Stereo","EXT_METH":"Stereo","DAT_SET_CR":"NOAA","SRC_CITA":" ","FIPS_ALPHA":"NY","NOAA_Regio":"North Atlantic","Shape_Leng":0.0001138246669,"Shape__Length":0.00011382466690003151}},{"type":"Feature","id":174664,"geometry":{"type":"LineString","coordinates":[[-71.927984903895,41.0729906078393],[-71.9280049542875,41.0730089962801]]},"properties":{"FID":174664,"SOURCE_ID":"GC11249","SRC_DATE":"20140607","HOR_ACC":"0.6","INFORM":" ","ATTRIBUTE":"Natural.Mean High Water","VER_DATE":" ","SRC_RESOLU":0,"DATA_SOURC":"Aerial Photography","EX_METH":"Stereo","EXT_METH":"Stereo","DAT_SET_CR":"NOAA","SRC_CITA":" ","FIPS_ALPHA":"NY","NOAA_Regio":"North Atlantic","Shape_Leng":2.720574549E-05,"Shape__Length":2.720574548976807E-05}},{"type":"Feature","id":174665,"geometry":{"type":"LineString","coordinates":[[-71.9339262994158,41.0732789510359],[-71.933893080248,41.0732933968498]]},"properties":{"FID":174665,"SOURCE_ID":"GC11249","SRC_DATE":"20140607","HOR_ACC":"0.6","INFORM":" ","ATTRIBUTE":"Natural.Mean High Water","VER_DATE":" ","SRC_RESOLU":0,"DATA_SOURC":"Aerial Photography","EX_METH":"Stereo","EXT_METH":"Stereo","DAT_SET_CR":"NOAA","SRC_CITA":" ","FIPS_ALPHA":"NY","NOAA_Regio":"North Atlantic","Shape_Leng":3.6224216629E-05,"Shape__Length":3.622421662912671E-05}},{"type":"Feature","id":174666,"geometry":{"type":"LineString","coordinates":[[-71.933599817615,41.0748123610858],[-71.9336346061017,41.0748249758775],[-71.9336592583272,41.0748532343796]]},"properties":{"FID":174666,"SOURCE_ID":"GC11249","SRC_DATE":"20140607","HOR_ACC":"0.6","INFORM":" ","ATTRIBUTE":"Natural.Mean High Water","VER_DATE":" ","SRC_RESOLU":0,"DATA_SOURC":"Aerial Photography","EX_METH":"Stereo","EXT_METH":"Stereo","DAT_SET_CR":"NOAA","SRC_CITA":" ","FIPS_ALPHA":"NY","NOAA_Regio":"North Atlantic","Shape_Leng":7.4505337549E-05,"Shape__Length":7.4505337548761883E-05}},{"type":"Feature","id":174667,"geometry":{"type":"LineString","coordinates":[[-71.9339562973093,41.0750076327071],[-71.9339833138529,41.0750290203873]]},"properties":{"FID":174667,"SOURCE_ID":"GC11249","SRC_DATE":"20140607","HOR_ACC":"0.6","INFORM":" ","ATTRIBUTE":"Natural.Mean High Water","VER_DATE":" ","SRC_RESOLU":0,"DATA_SOURC":"Aerial Photography","EX_METH":"Stereo","EXT_METH":"Stereo","DAT_SET_CR":"NOAA","SRC_CITA":" ","FIPS_ALPHA":"NY","NOAA_Regio":"North Atlantic","Shape_Leng":3.4457594368E-05,"Shape__Length":3.4457594367748885E-05}},{"type":"Feature","id":174668,"geometry":{"type":"LineString","coordinates":[[-71.9423833649165,41.0753801334974],[-71.9424509552853,41.0753781747714]]},"properties":{"FID":174668,"SOURCE_ID":"GC11249","SRC_DATE":"20140607","HOR_ACC":"0.6","INFORM":" ","ATTRIBUTE":"Natural.Mean High Water","VER_DATE":" ","SRC_RESOLU":0,"DATA_SOURC":"Aerial Photography","EX_METH":"Stereo","EXT_METH":"Stereo","DAT_SET_CR":"NOAA","SRC_CITA":" ","FIPS_ALPHA":"NY","NOAA_Regio":"North Atlantic","Shape_Leng":6.7618722341E-05,"Shape__Length":6.7618722340559982E-05}},{"type":"Feature","id":174669,"geometry":{"type":"LineString","coordinates":[[-71.9349118821718,41.0753692528397],[-71.9349483263103,41.0753702915557]]},"properties":{"FID":174669,"SOURCE_ID":"GC11249","SRC_DATE":"20140607","HOR_ACC":"0.6","INFORM":" ","ATTRIBUTE":"Natural.Mean High Water","VER_DATE":" ","SRC_RESOLU":0,"DATA_SOURC":"Aerial Photography","EX_METH":"Stereo","EXT_METH":"Stereo","DAT_SET_CR":"NOAA","SRC_CITA":" ","FIPS_ALPHA":"NY","NOAA_Regio":"North Atlantic","Shape_Leng":3.6458926193E-05,"Shape__Length":3.6458926193112577E-05}},{"type":"Feature","id":174670,"geometry":{"type":"LineString","coordinates":[[-71.9357848372836,41.0754774826436],[-71.9358139843201,41.0754693275887]]},"properties":{"FID":174670,"SOURCE_ID":"GC11249","SRC_DATE":"20140607","HOR_ACC":"0.6","INFORM":" ","ATTRIBUTE":"Natural.Mean High Water","VER_DATE":" ","SRC_RESOLU":0,"DATA_SOURC":"Aerial Photography","EX_METH":"Stereo","EXT_METH":"Stereo","DAT_SET_CR":"NOAA","SRC_CITA":" ","FIPS_ALPHA":"NY","NOAA_Regio":"North Atlantic","Shape_Leng":3.0266385524E-05,"Shape__Length":3.0266385524216807E-05}},{"type":"Feature","id":174671,"geometry":{"type":"LineString","coordinates":[[-71.9355075222523,41.0755578739653],[-71.9355225814064,41.0755871010377],[-71.9355119181433,41.075618912763],[-71.9354752410836,41.0756755268967],[-71.9354441883845,41.0757082406429],[-71.9354252891263,41.07572131499],[-71.9354037170817,41.0757257513472],[-71.9353868871634,41.0757255301145],[-71.9353693171028,41.0757239625964],[-71.9353544863777,41.0757159990986],[-71.935340988448,41.0757028734912],[-71.9353337893715,41.0756822295499],[-71.9353304546829,41.0756582293378]]},"properties":{"FID":174671,"SOURCE_ID":"GC11249","SRC_DATE":"20140607","HOR_ACC":"0.6","INFORM":" ","ATTRIBUTE":"Natural.Mean High Water","VER_DATE":" ","SRC_RESOLU":0,"DATA_SOURC":"Aerial Photography","EX_METH":"Stereo","EXT_METH":"Stereo","DAT_SET_CR":"NOAA","SRC_CITA":" ","FIPS_ALPHA":"NY","NOAA_Regio":"North Atlantic","Shape_Leng":0.000340221786458,"Shape__Length":0.00034022178645761863}},{"type":"Feature","id":174816,"geometry":{"type":"LineString","coordinates":[[-71.9553524652144,41.0727552911999],[-71.9553822354817,41.0727545915262],[-71.9554025421794,41.0727429794771],[-71.9554249155199,41.0727323135148]]},"properties":{"FID":174816,"SOURCE_ID":"GC11249","SRC_DATE":"20140607","HOR_ACC":"0.6","INFORM":" ","ATTRIBUTE":"Natural.Mean High Water","VER_DATE":" ","SRC_RESOLU":0,"DATA_SOURC":"Aerial Photography","EX_METH":"Stereo","EXT_METH":"Stereo","DAT_SET_CR":"NOAA","SRC_CITA":" ","FIPS_ALPHA":"NY","NOAA_Regio":"North Atlantic","Shape_Leng":7.7956470165E-05,"Shape__Length":7.7956470165098772E-05}},{"type":"Feature","id":174817,"geometry":{"type":"LineString","coordinates":[[-71.9522757135323,41.0728552833401],[-71.9523237148615,41.0728450832259]]},"properties":{"FID":174817,"SOURCE_ID":"GC11249","SRC_DATE":"20140607","HOR_ACC":"0.6","INFORM":" ","ATTRIBUTE":"Natural.Mean High Water","VER_DATE":" ","SRC_RESOLU":0,"DATA_SOURC":"Aerial Photography","EX_METH":"Stereo","EXT_METH":"Stereo","DAT_SET_CR":"NOAA","SRC_CITA":" ","FIPS_ALPHA":"NY","NOAA_Regio":"North Atlantic","Shape_Leng":4.9073092659E-05,"Shape__Length":4.9073092659006033E-05}},{"type":"Feature","id":175168,"geometry":{"type":"LineString","coordinates":[[-71.9121703596631,41.0481833750192],[-71.9120586737256,41.0482585412734],[-71.911839290344,41.0483872684648],[-71.9116342367649,41.0485232325016],[-71.9115842146601,41.0485650356981],[-71.9115436597224,41.0486199743946],[-71.911509604188,41.0486888741691],[-71.9114670437681,41.0488602750935],[-71.911412692327,41.0489262628634],[-71.911304037105,41.0489877216482],[-71.9110573188179,41.0490632917026],[-71.910884979884,41.0491379390498],[-71.9107013661473,41.0492363941547],[-71.910366886598,41.0494421321103],[-71.9100901588283,41.0495987400911],[-71.9096745154379,41.0498034339362],[-71.9095199345229,41.0498779221029],[-71.9095066308489,41.0499027559872],[-71.9095083863273,41.0499228864158],[-71.9095074789121,41.0499422668097],[-71.9094983786705,41.0499603081131],[-71.9094538793048,41.0500127314055],[-71.9093560348378,41.0500956111461],[-71.9086045719167,41.0506640610559],[-71.9084834691767,41.0507698123599],[-71.9084492229849,41.0508183649692],[-71.9084046175021,41.0509223374114],[-71.9083478342939,41.050996518906],[-71.908236153755,41.0511181360524],[-71.9079698491358,41.0513542926807],[-71.9078891313641,41.0514513781145],[-71.9077956432209,41.0516467028103],[-71.9077555343518,41.0517856552895],[-71.9077353706518,41.0518936764796],[-71.9077318021452,41.051972565025],[-71.9077409068879,41.0520311288878],[-71.907761897973,41.0520742639783],[-71.9077962341015,41.0521034325941]]},"properties":{"FID":175168,"SOURCE_ID":"GC11249","SRC_DATE":"20140603","HOR_ACC":"1.1","INFORM":" ","ATTRIBUTE":"Natural.Mean High Water","VER_DATE":" ","SRC_RESOLU":0,"DATA_SOURC":"Lidar","EX_METH":"Derived","EXT_METH":"Derived","DAT_SET_CR":"NOAA","SRC_CITA":" ","FIPS_ALPHA":"NY","NOAA_Regio":"North Atlantic","Shape_Leng":0.00623563153967,"Shape__Length":0.0062356315396669042}},{"type":"Feature","id":175341,"geometry":{"type":"LineString","coordinates":[[-71.9487696230898,41.0326571431388],[-71.9484432554293,41.0328848767171],[-71.9483044000685,41.033028589312],[-71.9482669657861,41.0332027988196],[-71.948315238715,41.0332708226516],[-71.9483281871646,41.0333879656659],[-71.9483558080582,41.0335054989856],[-71.9483316900388,41.0336300038528],[-71.9483422543833,41.0337192759722],[-71.9484236880336,41.0339439122715],[-71.9484728782792,41.0341510081913],[-71.9484381410611,41.0342668885588],[-71.9484007625321,41.0343604522454],[-71.9483879058267,41.0344796924799],[-71.948380514301,41.0345601458462],[-71.9484238355627,41.0346558463197],[-71.9484817555195,41.0346740674854],[-71.9485593022855,41.0346649987176],[-71.9487551827784,41.0345589506348],[-71.9488507393695,41.0344780530005],[-71.9489188198667,41.0344353612731],[-71.9490220431847,41.0344269732914],[-71.9492131195081,41.0345043410767],[-71.9492871993907,41.0345702658898],[-71.9493661032369,41.0346112902691],[-71.9494338734728,41.0346548003753],[-71.9494593692657,41.0347389049887],[-71.9493722519187,41.0348756460361],[-71.9492722571728,41.0349731118838],[-71.9490979262378,41.0350102080319],[-71.9487798925871,41.0350573999757],[-71.9485050506959,41.0352030712989],[-71.9482686323539,41.0353914748155],[-71.9480925027764,41.0354674540592],[-71.9479729360755,41.0355115622208],[-71.9478448761759,41.0355804727902],[-71.9476027156543,41.0356547028543],[-71.9474281967656,41.0357752201316],[-71.947231026646,41.0359090419827],[-71.947092932111,41.0360360856402],[-71.946946529633,41.0361045105762],[-71.9468696960332,41.0361775598249],[-71.9468414483217,41.0362324292732],[-71.9468487292399,41.0363132711462],[-71.9467974444886,41.0363897791873],[-71.9466998842053,41.0364344683104]]},"properties":{"FID":175341,"SOURCE_ID":"GC11249","SRC_DATE":"20140603","HOR_ACC":"1.1","INFORM":" ","ATTRIBUTE":"Natural.Great Lake Or Lake Or Pond","VER_DATE":" ","SRC_RESOLU":0,"DATA_SOURC":"Lidar","EX_METH":"Derived","EXT_METH":"Derived","DAT_SET_CR":"NOAA","SRC_CITA":" ","FIPS_ALPHA":"NY","NOAA_Regio":"North Atlantic","Shape_Leng":0.00690813122255,"Shape__Length":0.0069081312225476362}},{"type":"Feature","id":175342,"geometry":{"type":"LineString","coordinates":[[-71.9463821698182,41.0365539684589],[-71.9462615724951,41.036620294376],[-71.9462071329205,41.0366855941643],[-71.9461596442086,41.0367594204264],[-71.9461020498105,41.0368135128613],[-71.9460887317488,41.0368632175016],[-71.9460382159172,41.0369230593033],[-71.9459330626558,41.0369731092863],[-71.945867616275,41.0370381167953],[-71.945823795899,41.0371120410834]]},"properties":{"FID":175342,"SOURCE_ID":"GC11249","SRC_DATE":"20140603","HOR_ACC":"1.1","INFORM":" ","ATTRIBUTE":"Natural.Great Lake Or Lake Or Pond","VER_DATE":" ","SRC_RESOLU":0,"DATA_SOURC":"Lidar","EX_METH":"Derived","EXT_METH":"Derived","DAT_SET_CR":"NOAA","SRC_CITA":" ","FIPS_ALPHA":"NY","NOAA_Regio":"North Atlantic","Shape_Leng":0.000813852285106,"Shape__Length":0.0008138522851061892}},{"type":"Feature","id":175343,"geometry":{"type":"LineString","coordinates":[[-71.9458442411263,41.0377021502447],[-71.945795723591,41.0377981969603],[-71.9457897422009,41.037848095854],[-71.94580679875,41.0378763579536],[-71.9458539736031,41.0378887335252],[-71.9459259265865,41.0379212332293],[-71.9459559864393,41.0379859925222],[-71.9459592689663,41.0379944227687],[-71.9459938973755,41.0380398367411],[-71.9460468674637,41.0380857372463],[-71.9461297094511,41.0382798217711],[-71.9462306512091,41.0386384642755],[-71.9462817066514,41.038884544015],[-71.9462714148102,41.0389482331158],[-71.9462053371148,41.0391856451914],[-71.946191260035,41.0394105315054],[-71.9462391624525,41.0396454038914],[-71.9462079568735,41.0397641584925],[-71.9462230870764,41.0398340834928],[-71.946285135826,41.039921939178],[-71.9463525238503,41.0399737842026],[-71.9464222258282,41.0399756323075],[-71.9465076290735,41.039955649365],[-71.9466557240831,41.0400096347739],[-71.9468385779035,41.0401062561489],[-71.9469990350007,41.0402106251856],[-71.9471883981217,41.0404047528744],[-71.9473091456403,41.0404941643851],[-71.9474266816828,41.0406530152628],[-71.9475214369921,41.0408279478211],[-71.9475423633294,41.0409313986543],[-71.9475272475246,41.0410199890882],[-71.9475495866955,41.0410928863482],[-71.947595937775,41.0412025739802],[-71.9476177643329,41.0412865814669],[-71.9476433878295,41.0413679089733],[-71.9476798886299,41.0414523058661],[-71.9477228276802,41.0415563403587],[-71.94778970489,41.0416192947108],[-71.9478470618762,41.0417292737228],[-71.9478839475861,41.0418053374958],[-71.9478790669698,41.04191088465],[-71.9478820931902,41.0419248700098],[-71.9479229062406,41.0419954766955],[-71.94797395358,41.0420830401013],[-71.9479865728735,41.0421278704143],[-71.9479997065789,41.0421615896013],[-71.9480109130388,41.0422369734876],[-71.947998493399,41.0422672356808],[-71.9479643200509,41.0422913582019],[-71.9479154724602,41.0423150922162],[-71.9479499758637,41.0423632832957],[-71.9479542305614,41.0424301398089],[-71.9479684623425,41.0425195081557],[-71.9480163557578,41.0425958642081],[-71.9481011924352,41.0426676364139],[-71.9482289528654,41.0426849276782],[-71.948353815678,41.0426854555763],[-71.9484954796325,41.0427198015867],[-71.9486379880541,41.0428153509709],[-71.9488301885336,41.0429483679159],[-71.9488716445986,41.0430050863685],[-71.9488879331273,41.0430500147076],[-71.9488676633034,41.0430911910755],[-71.9488261523843,41.0431151202425],[-71.9487444147769,41.0431352012111],[-71.9486472870626,41.0430909140914],[-71.948560137331,41.0430691370066],[-71.9484928176596,41.0430951624946],[-71.948498613794,41.0431286874282],[-71.9484973295632,41.0431564638944],[-71.9484486096761,41.0431774208017],[-71.9484219016026,41.0431989604692],[-71.948463742577,41.043247345802],[-71.9487768821261,41.0433863504305],[-71.9493318458596,41.0436179717502],[-71.949570256216,41.0437049362014],[-71.9496677706385,41.043740892],[-71.9497572316257,41.0437126703664],[-71.9498613677548,41.0436848381389],[-71.9500153254441,41.0436916972646],[-71.9501480402395,41.0436813082899],[-71.9502763159807,41.0436874866295],[-71.9503940993276,41.0436822642615],[-71.9505326129553,41.0437053984218],[-71.9506212492694,41.043774489748],[-71.9506753300239,41.0438760376143],[-71.9507351304659,41.043933240801],[-71.9508122491595,41.0440131500746],[-71.9508192027203,41.0440216774477]]},"properties":{"FID":175343,"SOURCE_ID":"GC11249","SRC_DATE":"20140603","HOR_ACC":"1.1","INFORM":" ","ATTRIBUTE":"Natural.Great Lake Or Lake Or Pond","VER_DATE":" ","SRC_RESOLU":0,"DATA_SOURC":"Lidar","EX_METH":"Derived","EXT_METH":"Derived","DAT_SET_CR":"NOAA","SRC_CITA":" ","FIPS_ALPHA":"NY","NOAA_Regio":"North Atlantic","Shape_Leng":0.010324066004,"Shape__Length":0.01032406600401106}},{"type":"Feature","id":175344,"geometry":{"type":"LineString","coordinates":[[-71.9556386927021,41.0438968666557],[-71.9556577826175,41.0438991878057],[-71.9557068586346,41.0438496180625],[-71.9557578043421,41.0437855647349],[-71.9558386794955,41.0436968681788],[-71.9558587730534,41.0436774167378],[-71.9558634567228,41.0436539237432],[-71.955852047916,41.0435891293761],[-71.9558489434517,41.0435263719736],[-71.9558509102673,41.043483732409],[-71.9558538240695,41.0434465670188],[-71.9558689992337,41.0434297101225],[-71.9559484102922,41.0433727668355],[-71.955994545526,41.0433349278515],[-71.9560342308205,41.0433069103657],[-71.9560542551291,41.0432629308104],[-71.956114200356,41.0432118322191],[-71.9561608652915,41.043188539772],[-71.9561979704318,41.0431904292468],[-71.9562332490493,41.0432058948899],[-71.956251487309,41.0432527028124],[-71.9563016596061,41.0433094383518],[-71.9563853019827,41.0433688745547],[-71.9564421085784,41.0433858177836],[-71.9565318132839,41.0433918225551],[-71.9566199594628,41.0433796187497],[-71.9567066280539,41.0433473924344],[-71.956779501939,41.0433020845785],[-71.9568480015197,41.0432475784551],[-71.9569809735177,41.0431738834912],[-71.9570836941112,41.043105747239],[-71.957147427285,41.043076548043],[-71.9572540365479,41.0430021561054],[-71.9572868645092,41.0429666895338],[-71.9573017878634,41.042955276235],[-71.9573372076729,41.0429416784819],[-71.9574193059062,41.0428784471338],[-71.9574747068569,41.0428217772414],[-71.9575029087038,41.0427825551004],[-71.9575318794689,41.0427006619187],[-71.9575504675587,41.0426357524373],[-71.9575598321995,41.0425887655489],[-71.9575600974978,41.0425569808035],[-71.9575525458871,41.0425386148453],[-71.9575290402986,41.0425280019446],[-71.957503917729,41.0425264299301],[-71.9574850391541,41.0425195725988],[-71.9574736411421,41.0425065540107],[-71.9574708838188,41.0424883148568],[-71.9574717201876,41.0424701701316],[-71.9574632620595,41.0424454207843],[-71.9574390190261,41.0424247975279],[-71.9574386565982,41.0424066204272],[-71.957448131857,41.0423832542369],[-71.9574669160003,41.0423401497222],[-71.9575118929068,41.0423013718458],[-71.9575660959602,41.0422446704772],[-71.9576076320607,41.0422285087562],[-71.9576769365369,41.0422085402034],[-71.9577929626042,41.0421380297401],[-71.9578662537744,41.0420836486223],[-71.9579697100141,41.0420255227257],[-71.9580081110764,41.0419992876966],[-71.9580399767639,41.0419846871993],[-71.9581070113504,41.0419619325463],[-71.958175438089,41.0419610161346],[-71.9582177952713,41.0419530517357],[-71.9582777926617,41.0419528197086],[-71.9583274937115,41.0419677574492],[-71.9583620627646,41.0419986464684],[-71.958391989517,41.0420521210661],[-71.9584723439738,41.0421568858071],[-71.9585224479209,41.0421890932322],[-71.9585654193411,41.0421938614372],[-71.9586333586462,41.042177489274],[-71.9587467362095,41.0421123576571],[-71.9587944866257,41.0420654768873],[-71.9588284693169,41.0420309501075],[-71.9588554309984,41.041992603007],[-71.9589078902665,41.0419476629746],[-71.9589812641741,41.0418914670245],[-71.9590041708118,41.0418630052741],[-71.9589934832635,41.0418345642092],[-71.9589846914873,41.0418170732915],[-71.9589432255309,41.0417796444013],[-71.9589032092818,41.0417368042892],[-71.9589021912472,41.0417068020006],[-71.9589442561457,41.0416270707889],[-71.9589734184677,41.0415669816744],[-71.9589865854431,41.0415155530334],[-71.9590505677289,41.0414809093407],[-71.9591497449952,41.041463545224],[-71.959243251136,41.0414651073437],[-71.9593114971125,41.0414941590465],[-71.9593943166088,41.0415453970281],[-71.959476077601,41.0415675392379],[-71.959579086881,41.0415711679997],[-71.9597155788297,41.0415511544786],[-71.9598305562885,41.0415033240225],[-71.9598808958549,41.0414783111719],[-71.9599473287924,41.0414164809683],[-71.9599695249663,41.0414034416946],[-71.9600697877134,41.0413624883561],[-71.9601362215502,41.0413006581525],[-71.9602043254266,41.0412025384985],[-71.9602467797342,41.0411664172201],[-71.9602803028723,41.0411418684203],[-71.9603636511664,41.0411295351126],[-71.9604225459861,41.0411011147299],[-71.960497186141,41.0410694765716],[-71.9605800452029,41.0410416884116],[-71.9606593807214,41.0410383321385],[-71.9607234745244,41.0410273073453],[-71.960874494123,41.0409522687935],[-71.96095856547,41.0408981691632],[-71.9609840765448,41.0408652341839],[-71.9610004055396,41.0408493152808],[-71.9610356140086,41.0408402528096],[-71.9610668654583,41.040812918809],[-71.9610931148773,41.0407899950846],[-71.9610937551926,41.0407500444935],[-71.9610622914987,41.0407037968492],[-71.9609746921028,41.0406260927141],[-71.9608902682144,41.0405575553703],[-71.960797457246,41.0404887967935],[-71.9607593772385,41.0404559994126],[-71.9607015957756,41.0404081482777],[-71.9606339775253,41.0403654880309],[-71.9605732975471,41.0403284611383],[-71.9605272333568,41.040312712209],[-71.9604439839865,41.0402968895365],[-71.9604038004636,41.0402576781897],[-71.9602999539111,41.0401940781254],[-71.9601748770557,41.040122649462],[-71.9599891606917,41.0400132873891],[-71.9599494655017,41.0399895308946],[-71.9599019677904,41.0399528520393],[-71.9598096325659,41.0399258885634],[-71.9597256160716,41.0398746191056],[-71.9596708869094,41.0398386570103],[-71.9595973484215,41.039820365698],[-71.95949880068,41.0398241212708],[-71.959395125003,41.039835008469],[-71.9593089357486,41.0398309165557],[-71.9592112099882,41.0398428694505],[-71.9591541398928,41.0398577118663],[-71.9591145984882,41.0398566677545],[-71.9590557180563,41.03985874609],[-71.9590136963208,41.0398594529587],[-71.9589470259566,41.0398222668863],[-71.9588885079481,41.0397644044963],[-71.9587907408145,41.0396991469811],[-71.9587761672948,41.0396769607024],[-71.9587371825686,41.0396377808317],[-71.9586889051443,41.0395919972382],[-71.9586142236162,41.0395464249864],[-71.9585463148852,41.0395101139545],[-71.9585064533207,41.0394899853258],[-71.9584683607241,41.0394835290928],[-71.9584384879339,41.0394809237573],[-71.9583968016452,41.0394743730956],[-71.9583618575752,41.0394516490228],[-71.9583253810603,41.0394361528028],[-71.9582919982149,41.0394316364077],[-71.9582520808941,41.0394387572423],[-71.9582219158244,41.039442502021],[-71.9581874178192,41.0394361411161],[-71.958174084465,41.0394130797967],[-71.9581546348196,41.0393925824453],[-71.9581260867311,41.0393872863376],[-71.9580957957565,41.0393937524654],[-71.9580693511832,41.0393948721224],[-71.9580157650612,41.0393861891681],[-71.9579735904397,41.0393641827546],[-71.9579673212625,41.0393440334405],[-71.9579139024143,41.0393317226203],[-71.9578720488519,41.0393287998244],[-71.9578272967742,41.0393367003716],[-71.9577943590943,41.0393485471443],[-71.9577730685384,41.0393679689077],[-71.957753060416,41.0393856064158],[-71.9577058289067,41.0393952588427],[-71.9576424752465,41.0394162930922],[-71.9575886247256,41.0394393957825],[-71.9575227907345,41.0394621819118],[-71.9574829426629,41.0394938290621],[-71.9574491272454,41.0395247270768],[-71.9574219299403,41.0395421757275],[-71.9573903988002,41.0395495168958],[-71.9573279246762,41.0395514999033],[-71.9572522682854,41.0395531348736],[-71.9571901547907,41.0395732931832],[-71.9571539147988,41.0395786936143],[-71.9571227191055,41.0395787772523],[-71.9570838467959,41.0395632171805],[-71.957051578211,41.0395605470938],[-71.9570251759059,41.0395607584354],[-71.9569955819067,41.0395781432342],[-71.9569695402308,41.0395965298779],[-71.9569227116189,41.0396234510902],[-71.9569092235843,41.039655794315],[-71.9568878493915,41.0396770300113],[-71.9568595782953,41.0396917249373],[-71.956821554948,41.03970979502],[-71.9567639155808,41.0397109965164],[-71.956700869487,41.0396993386044],[-71.956638644475,41.0396958771152],[-71.95659298588,41.0396973960719],[-71.956503758717,41.0397331873006],[-71.9564404734067,41.0397787487651],[-71.9563975163786,41.0398257554397],[-71.9563912597949,41.0398573819045],[-71.9563917319415,41.0398991779048],[-71.9563869925156,41.0399499194633],[-71.9563673459219,41.0399857340722],[-71.9563472802444,41.0400306210436],[-71.956345355697,41.0400723531921],[-71.9563246793789,41.0401045075595],[-71.9562867378698,41.0401207637092],[-71.9562022339463,41.0401321545272],[-71.9561425998832,41.0401505618563],[-71.9561138269657,41.0401761430779],[-71.9560796913885,41.0401879574751],[-71.9559718347626,41.040211447775],[-71.9558820347305,41.0402335998829],[-71.9557970280865,41.0402558760971],[-71.955690426913,41.0402521502085],[-71.9555811520531,41.0402283685353],[-71.9554512845076,41.0401568094702],[-71.9553540227926,41.0400806620621],[-71.9553108598155,41.0400540870919],[-71.955276780894,41.040038652925],[-71.9552411263602,41.040031351329],[-71.955211394762,41.039999681698],[-71.9551896905139,41.0399500579977],[-71.9551657820279,41.039922174513],[-71.9551326509925,41.0399122154198],[-71.955079525323,41.0398935517874],[-71.9550500878028,41.0398555311428],[-71.9550478314014,41.0398264047941],[-71.9550149242955,41.0397855674723],[-71.9549812797446,41.0397347188956],[-71.9549412239253,41.0396927835017],[-71.9549138899205,41.0396611777224],[-71.9548951111688,41.0396261644109],[-71.9548674821865,41.0396009078465],[-71.9548355499477,41.0395909802296],[-71.9547707618672,41.0395910836537],[-71.954691510885,41.0395926214973],[-71.9546273927988,41.0395782080621],[-71.9545761197341,41.0395714019931],[-71.9545191503612,41.0395580875295],[-71.9544640308951,41.03955662973],[-71.9544182050263,41.0395617747539],[-71.954353627387,41.039557342896],[-71.9542941345158,41.0395466850304],[-71.9542428362685,41.0395144443303],[-71.9541983494892,41.0394905592328],[-71.9541694821401,41.0394661786084],[-71.9541644953965,41.0394442468375],[-71.9541745992809,41.0394072721033],[-71.9541836302735,41.0393675436445],[-71.9541717475259,41.0393390711034],[-71.95413689069,41.0393145321983],[-71.9541170381473,41.0392767642629],[-71.9540773195735,41.039227572238],[-71.9540338544215,41.0391555716029],[-71.9540120980099,41.0390550786405],[-71.9540126223083,41.0389397333709],[-71.9540688497323,41.0388131438738],[-71.954141057216,41.0387042368496],[-71.9541770346031,41.0386525042369],[-71.9542229746828,41.0385928602863],[-71.9543137351899,41.0385498439029],[-71.9544391600767,41.0385095614578],[-71.9545039355637,41.0384576822547],[-71.9545459456051,41.0384052014057],[-71.9545766961329,41.0383887554992],[-71.9545873288196,41.0383663282013],[-71.9545730071098,41.0383387001238],[-71.9545361978461,41.0383304587361],[-71.9545134737692,41.0383289496742],[-71.9544914187873,41.0383129255515],[-71.954462997503,41.0383049062961],[-71.9544375583709,41.0382842497648],[-71.9543943549244,41.0382585822107],[-71.9543753513438,41.0382544462284],[-71.9543463437021,41.0382591281008],[-71.9543164133568,41.0382837713294],[-71.9542872384413,41.0382920819669],[-71.9542655872561,41.0382933257303],[-71.9542214629046,41.0382876177336],[-71.9541858515382,41.0382794087215],[-71.9541511448905,41.0382775830985],[-71.9541210652564,41.0382795112463],[-71.9540818431124,41.0382975498527],[-71.9540607629976,41.0383124336362],[-71.9540391531812,41.0383127708827],[-71.9540009355789,41.0383090342001],[-71.9539718029316,41.0383164383209],[-71.9539608096156,41.0383206894175],[-71.9539225344582,41.0383442021982],[-71.9537302044873,41.0384045143499],[-71.9536966543681,41.0384036267199],[-71.9536688868918,41.0384074344512],[-71.9536252904434,41.038416272092],[-71.9535980095014,41.0384355337763],[-71.9535175624204,41.0384370392443],[-71.9534833414076,41.038450666675],[-71.9534623026616,41.0384646439417],[-71.9534046210264,41.0384667510556],[-71.953374666398,41.0384659587536],[-71.9533271156281,41.038456524865],[-71.9532825047424,41.0384353611166],[-71.9532487450814,41.038439009668],[-71.9532100265572,41.0384461610796],[-71.9531730077516,41.0384424558732],[-71.9531352757843,41.038454174043],[-71.9531050288765,41.0384597327546],[-71.9530646663901,41.0384504895221],[-71.9530235664589,41.0384312350346],[-71.9529877455507,41.0384275613045],[-71.9529539031521,41.0384330246881],[-71.9529110441486,41.038451873584],[-71.9528760029533,41.0384573054914],[-71.952838942779,41.0384545077011],[-71.9528022594203,41.0384435449644],[-71.9527788392672,41.0384311172314],[-71.9527421136404,41.0384210610114],[-71.9527071983501,41.0384237706704],[-71.9526795567788,41.0384248561533],[-71.9526334386306,41.0384363521907],[-71.9525971986387,41.0384417517225],[-71.952569639805,41.0384410223731],[-71.9525243175562,41.0384352811015],[-71.9524996581371,41.038423728409],[-71.952472644292,41.038411205348],[-71.9524345957621,41.0384038399002],[-71.9523831140548,41.0384015682139],[-71.9523151927348,41.038391595632],[-71.952268295773,41.0383939878306],[-71.952247257027,41.038407964198],[-71.9521910664678,41.0384037526738],[-71.9521327319238,41.0383940328011],[-71.9520091074781,41.0383953017488],[-71.9519289113078,41.03839136272],[-71.9518403280574,41.0383872006597],[-71.9518000501073,41.0383761425949],[-71.9516826849433,41.0383457859771],[-71.9515587430357,41.0383279713072],[-71.9514585962981,41.0383144194239],[-71.9513733144603,41.0383167037051],[-71.9512860640083,41.0383616275509],[-71.9511925956435,41.0384372695461],[-71.9511634441118,41.0384710148147],[-71.9511009538014,41.0384993353729],[-71.951035118911,41.0385221170055],[-71.9509434096185,41.0385596556174],[-71.9508584533394,41.0386327983958],[-71.9508013832441,41.0386476372143],[-71.9507107891113,41.0386870212353],[-71.950607097248,41.0387242423868],[-71.9505222416914,41.0387692291851],[-71.9504495953331,41.0387836552152],[-71.9503694225466,41.0388051490189],[-71.9502778562447,41.0388136242345],[-71.9501374819218,41.0388398808506],[-71.9500430575741,41.0388582719931],[-71.9499143699454,41.0388911970832],[-71.9498474630627,41.0389112249913],[-71.9497766000599,41.0389129804705],[-71.9497130530441,41.0389122061561],[-71.9496237746169,41.0388971236261],[-71.9495741625999,41.0388803683553],[-71.949517276864,41.0388652363615],[-71.9494606861054,41.0388437524547],[-71.9494313771881,41.0388030095617],[-71.949396873784,41.0387448692804],[-71.9493561290832,41.0386920143161],[-71.9493320083545,41.0386168921331],[-71.9493499911996,41.0385392500477],[-71.9493572172516,41.038486758408],[-71.9493455044757,41.0384546562024],[-71.9493476241773,41.0384347290205],[-71.9493544958982,41.0384158351597],[-71.9493543870789,41.0383922153608],[-71.9493390976965,41.0383336766792],[-71.9493265638389,41.0382933780508],[-71.9493416319823,41.0382529022551],[-71.9493410788968,41.0382129201877],[-71.949350198023,41.038171377796],[-71.94936745152,41.0381355011341],[-71.9494421941961,41.0380757141903],[-71.9495913261164,41.037989738981],[-71.9497260958575,41.037877042211],[-71.9497659412283,41.0377936210804],[-71.9497582106469,41.0376753323294],[-71.9497739640716,41.0375939985264],[-71.9497962303867,41.0374755964598],[-71.9498305692076,41.0374074719011],[-71.9498655186692,41.0373520808456],[-71.9499057894218,41.0373113640307],[-71.9499322681664,41.0372575638765],[-71.9499667733618,41.0371858105526],[-71.9499908976804,41.0371310409291],[-71.9500481440382,41.0370344564186],[-71.9501156957329,41.0369744788187],[-71.9501367110951,41.0369350687196],[-71.9501732109864,41.0368461095628],[-71.9502027807025,41.0368032919316],[-71.9502554755941,41.0367792539462],[-71.9503425156049,41.036738867181],[-71.9504109711189,41.036685272071],[-71.9505280664807,41.0366175225269],[-71.950597066084,41.0365521319065],[-71.9506409718975,41.0365106030035],[-71.9506861844276,41.0364927244762],[-71.9507190123889,41.0364572606027],[-71.9508054570461,41.0363777991863],[-71.9509302353151,41.0362475773245],[-71.9509671776739,41.0361749795368],[-71.950976143914,41.0361107247624],[-71.951030723783,41.0360458611454],[-71.9510974939661,41.0359767779081],[-71.9511530370081,41.0358910482167],[-71.9513298284803,41.0356995276512],[-71.9514938828511,41.035524018619],[-71.9516023698968,41.0354088064456],[-71.9516935539798,41.0352786025712],[-71.9517539047976,41.035166657637],[-71.9517756144372,41.0351381653097],[-71.9517891033712,41.0351058220848],[-71.9517854997836,41.0350539509778],[-71.9517773555173,41.0349965094691],[-71.9517763833481,41.0349655997643],[-71.9517945820332,41.0349351990753],[-71.9518031103053,41.0349063578114],[-71.9517953689363,41.0348661859873],[-71.9517810921926,41.0348376495943],[-71.9517759804434,41.0348184382731],[-71.951772026122,41.0348001667437],[-71.9517764993502,41.0347812099304],[-71.9517834538087,41.0347605021367],[-71.9517823143658,41.0347332211971],[-71.951770266143,41.0347083774211],[-71.9517374049025,41.0346666326833],[-71.9517091266088,41.0346295500317],[-71.9516782429786,41.0345969406089],[-71.9516567779514,41.0345682135598],[-71.9516175746917,41.0345599092197],[-71.9515751122873,41.0345442511219],[-71.9515114177814,41.034520765324],[-71.9514076170958,41.0344825908977],[-71.9513336586219,41.0344215907731],[-71.9513037642466,41.0343935490078],[-71.9512516080454,41.0343540184019],[-71.9512203898677,41.0343286665095],[-71.9511875133401,41.0343132620202],[-71.9511774840965,41.0342966461432],[-71.9511779607353,41.0342603252165],[-71.9511710575337,41.0342020086673],[-71.9511570739687,41.0341671212607],[-71.9511298280973,41.0341336997498],[-71.9510748983865,41.0341022702386],[-71.9510256667824,41.0340773491221],[-71.9510120177649,41.0340352041853],[-71.9509976070194,41.0339576133623],[-71.9510195846553,41.0338973362897],[-71.951071044773,41.033796056418],[-71.9511069807914,41.03374523302],[-71.9511306581459,41.0336741002288],[-71.9511511770783,41.0335674594983],[-71.9511712445544,41.0335225743255],[-71.9512610265971,41.033448650036],[-71.9513130721772,41.0334086337927],[-71.9515748945769,41.0332264589809],[-71.9517342643768,41.0330360086094],[-71.9517754848061,41.0328591173228],[-71.9517549109938,41.0325888179357],[-71.951712405412,41.0323958045023],[-71.9516390180022,41.0322353456352],[-71.9516367598021,41.0322046949353],[-71.9514959367086,41.0320730422604],[-71.9513770705744,41.0320226181665],[-71.9512743661647,41.0320198995188],[-71.9511617584205,41.0320725368521],[-71.9510463807625,41.0321056346116],[-71.9508341469852,41.0320888910373],[-71.9506845258275,41.0320682435032],[-71.9504928883322,41.0320826344636],[-71.9502956588529,41.0321385929967],[-71.9500645177279,41.0322131198367],[-71.9499632990014,41.032257714531],[-71.9498232709168,41.0322679110509],[-71.9496288626083,41.0322627606389],[-71.9494686986987,41.0323113564196],[-71.9493923849066,41.0323732972402]]},"properties":{"FID":175344,"SOURCE_ID":"GC11249","SRC_DATE":"20140603","HOR_ACC":"1.1","INFORM":" ","ATTRIBUTE":"Natural.Great Lake Or Lake Or Pond","VER_DATE":" ","SRC_RESOLU":0,"DATA_SOURC":"Lidar","EX_METH":"Derived","EXT_METH":"Derived","DAT_SET_CR":"NOAA","SRC_CITA":" ","FIPS_ALPHA":"NY","NOAA_Regio":"North Atlantic","Shape_Leng":0.0336146402125,"Shape__Length":0.033614640212456824}},{"type":"Feature","id":175525,"geometry":{"type":"LineString","coordinates":[[-71.9486740642865,41.0731737685293],[-71.9488620064653,41.0731415592978],[-71.9490242037438,41.073111574091],[-71.949111226668,41.0730814800686],[-71.9491326988859,41.0730415474633],[-71.9491277553083,41.0729941657729]]},"properties":{"FID":175525,"SOURCE_ID":"GC11249","SRC_DATE":"20140603","HOR_ACC":"1.1","INFORM":" ","ATTRIBUTE":"Man-made.Rip Rap","VER_DATE":" ","SRC_RESOLU":0,"DATA_SOURC":"Lidar","EX_METH":"Derived","EXT_METH":"Derived","DAT_SET_CR":"NOAA","SRC_CITA":" ","FIPS_ALPHA":"NY","NOAA_Regio":"North Atlantic","Shape_Leng":0.000540685589032,"Shape__Length":0.00054068558903184972}},{"type":"Feature","id":175526,"geometry":{"type":"LineString","coordinates":[[-71.9465440967035,41.0737247500489],[-71.9467055691272,41.0736778728728],[-71.9468504229734,41.0736317628192],[-71.9469068743323,41.0735684586268]]},"properties":{"FID":175526,"SOURCE_ID":"GC11249","SRC_DATE":"20140603","HOR_ACC":"1.1","INFORM":" ","ATTRIBUTE":"Man-made.Rip Rap","VER_DATE":" ","SRC_RESOLU":0,"DATA_SOURC":"Lidar","EX_METH":"Derived","EXT_METH":"Derived","DAT_SET_CR":"NOAA","SRC_CITA":" ","FIPS_ALPHA":"NY","NOAA_Regio":"North Atlantic","Shape_Leng":0.000404973344077,"Shape__Length":0.0004049733440766735}},{"type":"Feature","id":175527,"geometry":{"type":"LineString","coordinates":[[-71.9318647070586,41.0693805925161],[-71.9318699824816,41.0693485289807],[-71.9319062890207,41.0692949950256],[-71.9319752841252,41.0691914911295],[-71.9321131826063,41.06903460886],[-71.9321710279138,41.0689547931116]]},"properties":{"FID":175527,"SOURCE_ID":"GC11249","SRC_DATE":"20140603","HOR_ACC":"1.1","INFORM":" ","ATTRIBUTE":"Man-made.Rip Rap","VER_DATE":" ","SRC_RESOLU":0,"DATA_SOURC":"Lidar","EX_METH":"Derived","EXT_METH":"Derived","DAT_SET_CR":"NOAA","SRC_CITA":" ","FIPS_ALPHA":"NY","NOAA_Regio":"North Atlantic","Shape_Leng":0.000529017013019,"Shape__Length":0.0005290170130186736}},{"type":"Feature","id":175528,"geometry":{"type":"LineString","coordinates":[[-71.9402595729834,41.0759912437005],[-71.9407434344747,41.0758764793774],[-71.9410742366989,41.075741122379],[-71.9413360824845,41.075620136552]]},"properties":{"FID":175528,"SOURCE_ID":"GC11249","SRC_DATE":"20140603","HOR_ACC":"1.1","INFORM":" ","ATTRIBUTE":"Man-made.Rip Rap","VER_DATE":" ","SRC_RESOLU":0,"DATA_SOURC":"Lidar","EX_METH":"Derived","EXT_METH":"Derived","DAT_SET_CR":"NOAA","SRC_CITA":" ","FIPS_ALPHA":"NY","NOAA_Regio":"North Atlantic","Shape_Leng":0.00114315414075,"Shape__Length":0.0011431541407453877}},{"type":"Feature","id":175529,"geometry":{"type":"LineString","coordinates":[[-71.9363413658847,41.0765330503927],[-71.9363682367372,41.0765407602812],[-71.9363944528824,41.0765362798571],[-71.936418655444,41.0765162069843],[-71.9364673429574,41.0765288964192],[-71.9364892378607,41.076558482321],[-71.936497221147,41.0765928759998]]},"properties":{"FID":175529,"SOURCE_ID":"GC11249","SRC_DATE":"20140603","HOR_ACC":"1.1","INFORM":" ","ATTRIBUTE":"Man-made.Rip Rap","VER_DATE":" ","SRC_RESOLU":0,"DATA_SOURC":"Lidar","EX_METH":"Derived","EXT_METH":"Derived","DAT_SET_CR":"NOAA","SRC_CITA":" ","FIPS_ALPHA":"NY","NOAA_Regio":"North Atlantic","Shape_Leng":0.000208423028443,"Shape__Length":0.00020842302844255772}},{"type":"Feature","id":175574,"geometry":{"type":"LineString","coordinates":[[-71.9395070497441,41.0762567272421],[-71.9395969091308,41.0762220143008],[-71.9398994627422,41.0761051374757],[-71.9402595729834,41.0759912437005]]},"properties":{"FID":175574,"SOURCE_ID":"GC11249","SRC_DATE":"20140603","HOR_ACC":"1.1","INFORM":" ","ATTRIBUTE":"Natural.Mean High Water","VER_DATE":" ","SRC_RESOLU":0,"DATA_SOURC":"Lidar","EX_METH":"Derived","EXT_METH":"Derived","DAT_SET_CR":"NOAA","SRC_CITA":" ","FIPS_ALPHA":"NY","NOAA_Regio":"North Atlantic","Shape_Leng":0.00079836662316,"Shape__Length":0.00079836662316025951}}]}