{"type":"FeatureCollection","features":[{"type":"Feature","id":249,"geometry":{"type":"LineString","coordinates":[[-72.05575706952817,41.020185786224346],[-72.0556144361389,41.0205975590692],[-72.05555098643428,41.02091544658183],[-72.05551908740848,41.02106300140815],[-72.05544642136049,41.02117338946102],[-72.05533841825441,41.0212407700811],[-72.05509595478631,41.0213545865206],[-72.05490317685933,41.021420838175004],[-72.05476652777718,41.0214336243116],[-72.05463563852086,41.02144591092842],[-72.05434116679838,41.02149455204221],[-72.05393699044313,41.02153208280503],[-72.05331175810532,41.02160461428169],[-72.05289094359581,41.021656663159575],[-72.0527162201765,41.02169131209358],[-72.0526381053714,41.02170647021342],[-72.05229559924827,41.02180019701422],[-72.05220459677285,41.02182878494265],[-72.05203157460134,41.02188225517272],[-72.05179668489389,41.02204857164609],[-72.05170236371943,41.022107368049134],[-72.05153234648633,41.02221214517835],[-72.05127802196687,41.022362385618806],[-72.05098020472104,41.022579940970076],[-72.05055847779026,41.022700467611116],[-72.05047545851285,41.02270516574277],[-72.05032928672324,41.02270658795767],[-72.0502526060911,41.02272245679356],[-72.05012217414121,41.02274390692155],[-72.04986929176226,41.02284022218956],[-72.04965464960924,41.0229271148947],[-72.04958458568312,41.02296611726561],[-72.04946874372192,41.02301755151605],[-72.0493202295793,41.023115338568715],[-72.04912523989492,41.02320954570747],[-72.04905626188467,41.023253658552115],[-72.04900570119551,41.023285268935766],[-72.04889494138231,41.02333237050751],[-72.04875779864479,41.02335799766064],[-72.04856431519065,41.02337350769942],[-72.04841446646978,41.0233945904562],[-72.04825528357127,41.023389018262385],[-72.04811475575052,41.02334872950247],[-72.04797175887772,41.02329741775056],[-72.04780591022279,41.02319499082268],[-72.04756299723888,41.02305506409379],[-72.04720062670505,41.022911413822484],[-72.04651449587017,41.02265380547494],[-72.04605658823756,41.022383814428956],[-72.04603108378954,41.02236886085618],[-72.04586814039219,41.02230972831418],[-72.04523739425301,41.02201033394334],[-72.04445756394263,41.021679371573676],[-72.04388216967702,41.02141592871943],[-72.04327615690806,41.02119638935477],[-72.04245711496633,41.021009977124095],[-72.042112401109,41.02088027636486],[-72.0417440837338,41.020786055489545],[-72.0413804031784,41.02068764000074],[-72.04102411624937,41.02056799242284],[-72.04065424654144,41.02048826528736],[-72.03992477244729,41.02036314986306],[-72.03833675653951,41.02012951212779],[-72.03740097084788,41.02003932831025],[-72.03595831266036,41.01996360120457],[-72.03552810883203,41.01994092352287],[-72.03472153706267,41.0199058742664],[-72.03381729297055,41.01993152416972],[-72.03291375720404,41.0199332576818],[-72.03215268891594,41.01996132728831],[-72.03077974524808,41.01993114284806],[-72.0299515652711,41.01994011610081],[-72.02921783255182,41.01995923341424],[-72.02854502784061,41.01997767620543],[-72.02786977590762,41.02004049536115],[-72.0263522370168,41.020169254493325],[-72.02567156632306,41.02030031005182],[-72.02562611515037,41.02031149521607],[-72.02498450976354,41.02041843936535],[-72.0243880068121,41.02056373993656],[-72.02433478990054,41.02057051995499],[-72.02373807265204,41.02079867706603],[-72.02324619785297,41.020915003071146],[-72.02161785566885,41.021392062554746],[-72.02096197966799,41.02159869107321],[-72.02017474752859,41.0218978964092],[-72.01944068620998,41.02226720181511],[-72.0187078479733,41.02263310640392],[-72.01812747261256,41.0229170436023],[-72.01773269475838,41.02329385475777],[-72.01760451385805,41.02339331946608],[-72.0173781631772,41.023644872472424],[-72.01711061154724,41.023916221955545],[-72.0168351647717,41.024187436351916],[-72.01678274155685,41.024205332086765],[-72.0164931404902,41.024421628302356],[-72.0157159076131,41.02479956894724],[-72.01555198257381,41.02496248882817],[-72.01549077122857,41.02501013344356],[-72.01539847665202,41.02504101326341],[-72.01519009692204,41.025256991482934],[-72.01484618118941,41.02566712873117],[-72.0146186947941,41.02603142178526],[-72.01456053264499,41.02609022379579],[-72.01442861996928,41.02642711082437],[-72.0142522977409,41.0267401702875],[-72.01418602445963,41.02695687534816],[-72.01417598172236,41.02699087333324],[-72.01405446087266,41.027206630564415],[-72.01389483641364,41.02745163356967],[-72.01356486651281,41.02784748297982],[-72.01329221662996,41.028250295829515],[-72.0130413188491,41.02864237623928],[-72.01278820790554,41.02891994294498],[-72.01272620519919,41.02910682031357],[-72.01267224796963,41.02928871096106],[-72.012195599145,41.029571836532426],[-72.01174041810803,41.029778443538405],[-72.0112809808422,41.03005161055268],[-72.01072547186102,41.03040598973588],[-72.0104915336754,41.030532674178126],[-72.01025370233512,41.03071396585456],[-72.00982936176639,41.03102019196647],[-72.00930166571935,41.03134941480877],[-72.00894548547377,41.03163972389243],[-72.00882911525801,41.03172058867759],[-72.00864585930596,41.031887438282425],[-72.00836660249784,41.03209534894387],[-72.00793281374463,41.032490252532824],[-72.00749558290367,41.03296197918876],[-72.00709622683311,41.033336968665154],[-72.00675919028433,41.03374036677487],[-72.0064454780738,41.033968184315945],[-72.00613837065708,41.034276416052606],[-72.00583023719473,41.034581212987874],[-72.00543629755593,41.03488794762457],[-72.00534618504392,41.03499574304464],[-72.00525594264766,41.035107807236955],[-72.00519942703013,41.03522387024909],[-72.00508749781588,41.0354568681531],[-72.00482699436124,41.03579067472526],[-72.00466651758664,41.03606213289008],[-72.00460595521031,41.03612515973802],[-72.00450609662978,41.036294295526545],[-72.00428052589534,41.03651679172519],[-72.00406186542746,41.03684704569317],[-72.00390365207602,41.03696818853828],[-72.00381032929246,41.03706994771097],[-72.0037483541714,41.03714234666015],[-72.00366217192055,41.03738176816085],[-72.00230882385873,41.03811275393459],[-72.00227212101416,41.038132623401964],[-72.00219753547992,41.038174051438105],[-72.00124676628526,41.038686440683136],[-72.00068400738317,41.039239694450224],[-72.00010369869626,41.03947655962364],[-71.99975011557174,41.03964045336034],[-71.99786142455433,41.04083369094092],[-71.99718292402419,41.041481457482966],[-71.99705241938747,41.041730357707046],[-71.99546259173952,41.043372954988804],[-71.99511915145503,41.04402138502247],[-71.99475983681373,41.04515733482037],[-71.99401738323279,41.0464993595567],[-71.99311033147922,41.04742505366267],[-71.99213627489523,41.0478421362046],[-71.99092913996269,41.048092852218794],[-71.99072016542924,41.04813706501504],[-71.98944577624017,41.048149107501246],[-71.98842978485183,41.0485338234543],[-71.9875786372969,41.04865485975183],[-71.98678577350105,41.048714541003264],[-71.9850820323512,41.04852087469134],[-71.98245529281117,41.04839908988368],[-71.98088474467697,41.047760037944066],[-71.98070894895686,41.04582458157768],[-71.9800470664022,41.04458542614823],[-71.98000102482315,41.044541054646466]]},"properties":{"Zone":2,"Object_ID":249}},{"type":"Feature","id":251,"geometry":{"type":"LineString","coordinates":[[-71.96480801733846,41.02502006773577],[-71.96530461689446,41.024828041916045],[-71.96547393742901,41.02467724646257],[-71.9660452059071,41.02447798885945],[-71.96642056369802,41.02441368028755],[-71.96677856041472,41.02429011967084],[-71.96759788376701,41.024057622779075],[-71.96830623297228,41.02376508067092],[-71.96862840931281,41.02366907621594],[-71.96995510432563,41.023112296995976],[-71.97000431551781,41.02308924089588],[-71.97016170220827,41.02303305615757],[-71.97038311375479,41.02294894724819],[-71.97045615713797,41.02292118242878],[-71.97070824328917,41.022829923748596],[-71.97075467673658,41.022823903115174],[-71.97079465775751,41.022807519249284],[-71.97087464827973,41.02277389630943],[-71.97100652210062,41.022703593722746],[-71.97113218327823,41.0226519769489],[-71.97120873830518,41.02262000214225],[-71.97127465074485,41.02260407213957],[-71.97131694101189,41.02258601907506],[-71.97140807363849,41.022556861464764],[-71.97145146452519,41.02253968332606],[-71.97154139183817,41.022513067868154],[-71.97158693313908,41.02249934286221],[-71.97162922084952,41.022481290541634],[-71.9716758367291,41.02246929298146],[-71.97171922632808,41.02245211382095],[-71.97176471533162,41.02244009646103],[-71.97180807876599,41.02242377157532],[-71.97188890919526,41.022399558804054],[-71.97195080753984,41.02236732646995],[-71.97199996411217,41.02234597631216],[-71.97204099544881,41.02233217294097],[-71.97208346570676,41.022308142095895],[-71.97214381933709,41.02228955252917],[-71.97218054855574,41.02226883824077],[-71.97221287360487,41.02224463035094],[-71.97226166010786,41.02219849978319],[-71.97231094816851,41.022172879771766],[-71.97235992175607,41.02215750691829],[-71.97240110953497,41.02213857936869],[-71.97244226995997,41.02212050699216],[-71.97259792059066,41.02204720224605],[-71.97265958339688,41.02202265380537],[-71.97274607561923,41.02199768673977],[-71.97278720978055,41.02198046764826],[-71.97282721711666,41.02196322788873],[-71.97286502174347,41.02194424177245],[-71.97290510730708,41.02192444086061],[-71.97294178505899,41.021905434966754],[-71.97310021010249,41.02181509277521],[-71.97314627121173,41.02178429086177],[-71.97322900985333,41.02173448294408],[-71.973278296007,41.02170886249698],[-71.97333974950931,41.02169114546084],[-71.97346561683955,41.02163269529187],[-71.97360365021251,41.021582146568456],[-71.97370626329,41.0215463547298],[-71.97387843063603,41.02148615199386],[-71.97404952297853,41.0214242224423],[-71.9741245832882,41.021404179079056],[-71.97421497735502,41.02136219297646],[-71.97425823520214,41.02134928170348],[-71.97430151909487,41.02133551700544],[-71.97434472597239,41.02132431253837],[-71.97438903353985,41.02131398300227],[-71.97447151678769,41.021309447121986],[-71.9745169251139,41.02129998978249],[-71.97456327769638,41.02129653052436],[-71.97460645841828,41.02128618026852],[-71.97465286550712,41.02128101329817],[-71.97480801522669,41.02122392841409],[-71.97488328363032,41.021197053685285],[-71.97495590611689,41.02118294775821],[-71.97503179998957,41.02113558121473],[-71.9750911280122,41.02111355401619],[-71.97512675489394,41.021091965646654],[-71.9752035668408,41.02105144959327],[-71.97524252313455,41.02103162901683],[-71.97528037988243,41.02101093350934],[-71.97531713343568,41.020989365710065],[-71.97535936825973,41.02097301885851],[-71.9754363102205,41.02092823380349],[-71.97550622705005,41.020891867965275],[-71.9758737466052,41.02071377205722],[-71.97602411847039,41.02062840998707],[-71.97610960986066,41.02059915180864],[-71.97615186911824,41.020581950335874],[-71.97619297666857,41.02056558345776],[-71.97623518496967,41.02055008969425],[-71.97632098995389,41.020510585065885],[-71.97646122030679,41.020461780976696],[-71.97652044309041,41.020443167579614],[-71.97658048008832,41.020434820183645],[-71.97662483999422,41.02042278209057],[-71.9766659212975,41.02040726845329],[-71.97670482349764,41.02038915507984],[-71.97683068542041,41.0203307003315],[-71.97689470281635,41.020302774513155],[-71.97697104523928,41.0202776258737],[-71.97704554824064,41.02023877686284],[-71.97713114405192,41.02020610160835],[-71.97725828703659,41.02014254472446],[-71.97749456974738,41.02005099511155],[-71.97758556837267,41.02002610240834],[-71.97787566884524,41.01990815515711],[-71.9779209455678,41.01990296622819],[-71.97796525284521,41.01989263443939],[-71.97800743304657,41.01987799521626],[-71.97805276298169,41.01987109853648],[-71.97809497037919,41.01985560499201],[-71.978216743442,41.019820143331884],[-71.9782603389734,41.01979613174769],[-71.97853222716414,41.019720579320605],[-71.97871878187577,41.01966916326816],[-71.97881405254935,41.019652032670635],[-71.97890297626878,41.01962112292602],[-71.9789515834136,41.01961770133717],[-71.97899596718311,41.01960480800131],[-71.97903486949257,41.01958669296149],[-71.9790803031781,41.01957638043731],[-71.97912245693249,41.01956259421674],[-71.97916138639798,41.01954362484445],[-71.97920461725903,41.01953156604741],[-71.97950506781305,41.01940696113488],[-71.97980491914592,41.01930199378049],[-71.97991887716698,41.01926383223442],[-71.98000087954998,41.01923792664],[-71.98004096132124,41.01921812414326],[-71.98013216466303,41.0191863985261],[-71.98017473513676,41.01915895017145],[-71.98022496266107,41.01913932392623],[-71.98028848471276,41.019127619145124],[-71.98033176712087,41.01911385130408],[-71.98037394752089,41.01909921033589],[-71.9804670933455,41.01907777016206],[-71.98050927369269,41.019063129144364],[-71.98057520518488,41.01904633949737],[-71.9806162586769,41.01903167966318],[-71.9806573641927,41.01901531029246],[-71.98069852043078,41.01899723496512],[-71.98074651892908,41.01897671480826],[-71.98078431956029,41.018957726991054],[-71.98082977854808,41.01894655946723],[-71.98146664864552,41.018738120810696],[-71.9820389984903,41.018277390625535],[-71.98236790840076,41.0181438780664],[-71.98269828131045,41.017999284476375],[-71.98349518580613,41.01768342053266],[-71.98661718814364,41.01649821920859],[-71.98864305837472,41.015712486308004],[-71.98992637702057,41.01527347459226],[-71.9925390114443,41.014252685900495],[-71.99465011487797,41.01332907882082],[-71.99633468833112,41.012709008736245],[-71.99678202129468,41.012498912240346],[-71.9977308623739,41.01207708984841],[-71.99848600677103,41.0118321619155],[-71.99919446626403,41.01160179980655],[-71.99963897526843,41.01148476047119],[-71.99997858893629,41.01140520069702],[-72.00051677708603,41.01128550281147],[-72.00105847845064,41.011124002369456],[-72.00161786188868,41.01089958868771],[-72.0037056804885,41.01014113555861],[-72.00382934132853,41.01011678558968],[-72.00394214314173,41.010078579944874],[-72.00423793710092,41.00999312638452],[-72.00453562854966,41.00988207729539],[-72.0048341888748,41.009779584657664],[-72.00497729527589,41.00970858327447],[-72.00542413554302,41.00955055354574],[-72.00592215885027,41.00937802727851],[-72.00668461172194,41.00907507602676],[-72.00720240523997,41.00884479386156],[-72.00840577964073,41.00831705781012],[-72.00903750848013,41.00812289985952],[-72.00947746330975,41.00793056468028],[-72.00953812407369,41.00790085385016],[-72.00992051245116,41.00774767898797],[-72.00998337720381,41.00771971448632],[-72.01037211817122,41.00758031556483],[-72.01044061794079,41.00755244779099],[-72.01083353293119,41.00742422475584],[-72.01128728661818,41.00729789986305],[-72.01145850865196,41.00722908286244],[-72.01154345359022,41.007179285232134],[-72.0121609722679,41.007007077273705],[-72.01257025072766,41.0068970689345],[-72.0129995063723,41.00676006638845],[-72.01305565696241,41.00673027623793],[-72.01320712617785,41.00668076590219],[-72.01336307669706,41.00659459750447],[-72.01381707360595,41.00642213609879],[-72.01431105400962,41.00623241961639],[-72.0146070462325,41.006139255053974],[-72.0146951128458,41.00609805096295],[-72.01518839864987,41.00593138478215],[-72.0156758181434,41.00577230328189],[-72.01614265875368,41.00558467668691],[-72.01665076824881,41.00541227812582],[-72.0176256846529,41.0050530981832],[-72.0181169561176,41.004877841199914],[-72.01852136572403,41.00474124644864],[-72.01862807434412,41.00467985641194],[-72.01892192913341,41.00458237326947],[-72.01920365202575,41.00440010810839],[-72.01949081837185,41.00429994557842],[-72.01969234798854,41.00419746345255],[-72.02034031392188,41.00394799332426],[-72.02088518011165,41.00375228615102],[-72.02101204479602,41.0036955092035],[-72.021410849723,41.00351951220377],[-72.0219269220056,41.00334380992846],[-72.0224846506949,41.003094493552226],[-72.02308496950158,41.002816002500346],[-72.02365212301137,41.00259076331072],[-72.02442314507239,41.00225965214346],[-72.02483907637159,41.0021138356629],[-72.02587157479626,41.00171114638906],[-72.02603998083984,41.00166020014754],[-72.02726849535239,41.001263406049475]]},"properties":{"Zone":1,"Object_ID":251}},{"type":"Feature","id":252,"geometry":{"type":"LineString","coordinates":[[-71.9738823406896,41.04167647336553],[-71.97393707864198,41.041694517439986],[-71.97400191492633,41.04171444607623],[-71.9740655706908,41.04173606352424],[-71.97413266136313,41.041756032468996],[-71.97419631721009,41.04177764984487],[-71.9742611536536,41.041797578335405],[-71.97432601501731,41.04181665336396],[-71.9743908503214,41.04183658266108],[-71.97445345742082,41.04185561814252],[-71.97461977827678,41.04195164626508],[-71.97482570010467,41.042044095433546],[-71.97490950695881,41.04210792420051],[-71.97491721941327,41.042114038946934],[-71.97492265024097,41.04212096851196],[-71.97492926039715,41.042126210099326],[-71.97493694557663,41.04213317912862],[-71.97494240130884,41.042139254366845],[-71.9749512670073,41.04214453543841],[-71.97495787835713,41.042149777044884],[-71.97496443639464,41.04215672543992],[-71.97497327481864,41.042162860794036],[-71.97497988501048,41.042168101478225],[-71.97498872462644,41.04217423685196],[-71.97499536207147,41.04217862415119],[-71.97500309944225,41.04218388456587],[-71.97501196515151,41.0421891656327],[-71.9750197285863,41.0421935726414],[-71.97502746593334,41.04219883395462],[-71.97504409627368,41.04220852204744],[-71.97505744701115,41.042214735482624],[-71.97507410223172,41.04222357014541],[-71.97508852919177,41.04223151103885],[-71.9751041093923,41.04223861825636],[-71.97512079074026,41.04224659770707],[-71.97513747325368,41.04225457807635],[-71.97515415458211,41.042262558422436],[-71.97516860643087,41.04226964588012],[-71.9751853150152,41.042276772837624],[-71.97520425189882,41.04228479265718],[-71.97521760147762,41.042291006052956],[-71.97523323506752,41.04229640466359],[-71.97524991639051,41.04230438589599],[-71.97526664988916,41.04231065851576],[-71.97528561403938,41.0423178249378],[-71.97564033228953,41.042452172513265],[-71.97602866790402,41.04255720672412],[-71.97641376144114,41.04269464491075]]},"properties":{"Zone":2,"Object_ID":252}},{"type":"Feature","id":253,"geometry":{"type":"LineString","coordinates":[[-71.97868550407337,41.04360912865214],[-71.97863425012926,41.04358773142037]]},"properties":{"Zone":4,"Object_ID":253}},{"type":"Feature","id":254,"geometry":{"type":"LineString","coordinates":[[-71.97731543875157,41.04313498585965],[-71.97725060127185,41.043115059107706]]},"properties":{"Zone":4,"Object_ID":254}},{"type":"Feature","id":255,"geometry":{"type":"LineString","coordinates":[[-71.97725060127185,41.043115059107706],[-71.9771577165117,41.04305278199314]]},"properties":{"Zone":4,"Object_ID":255}},{"type":"Feature","id":256,"geometry":{"type":"LineString","coordinates":[[-71.97863425012926,41.04358773142037],[-71.97787325092808,41.043307047095716],[-71.97731543875157,41.04313498585965]]},"properties":{"Zone":2,"Object_ID":256}},{"type":"Feature","id":257,"geometry":{"type":"LineString","coordinates":[[-71.97641376144114,41.04269464491075],[-71.97689485347412,41.04286622455015],[-71.9771577165117,41.04305278199314]]},"properties":{"Zone":2,"Object_ID":257}},{"type":"Feature","id":258,"geometry":{"type":"LineString","coordinates":[[-71.9800102033881,41.04453608905985],[-71.97949223079259,41.044018748197374],[-71.97871139071833,41.04361128959408]]},"properties":{"Zone":2,"Object_ID":258}},{"type":"Feature","id":308,"geometry":{"type":"LineString","coordinates":[[-71.93850540403214,41.07027793858808],[-71.93790700771908,41.070462915934776]]},"properties":{"Zone":4,"Object_ID":308}},{"type":"Feature","id":309,"geometry":{"type":"LineString","coordinates":[[-71.95532291718163,41.07298299114347],[-71.95495112995289,41.072973623592205],[-71.95455140031957,41.0729721680871],[-71.95418930871378,41.07298781964182],[-71.95375417604026,41.07299840564336],[-71.95339273724947,41.073022273395765],[-71.95303165922681,41.073051637948545],[-71.95263589579237,41.07309545822894],[-71.95221973568353,41.07312181564774],[-71.95220580746877,41.07305399446683],[-71.95193154264071,41.073068275618034],[-71.95166004696006,41.073096931608355],[-71.95111691287985,41.073153868977656],[-71.95084796490369,41.07319294960667],[-71.95057581956635,41.07321933262064],[-71.95030525876543,41.07325189211753],[-71.9500342677161,41.07328249876128],[-71.9492176404226,41.07336281040912],[-71.94894581541021,41.07339102550591],[-71.94867156956954,41.07341196266168],[-71.94840101590843,41.07344423144145],[-71.94813325517867,41.0734851570723],[-71.94790814236104,41.07365483906998],[-71.9476434558976,41.073680661164815],[-71.9473633982885,41.073735437662144],[-71.94702927071945,41.07384490394705],[-71.94675583798974,41.07393225403973],[-71.94650011113411,41.07403355782083],[-71.94625289271046,41.07415171276569],[-71.94600571176854,41.074269896682395],[-71.9457584927718,41.07438805058572],[-71.94551127081122,41.074506232743026],[-71.94526238649688,41.07459392868477],[-71.94501007473824,41.0746763301905],[-71.94476759723537,41.07477063017488],[-71.94451074504941,41.07483973854882],[-71.94425385547875,41.07490884479646],[-71.94401137604962,41.075003143191445],[-71.943281008026,41.07527011753265],[-71.94253892505841,41.07553561091236],[-71.94238503641199,41.075610032504],[-71.94221248213088,41.07565749738953],[-71.94167097339478,41.07583641577903],[-71.94140774399982,41.075906232607025],[-71.94105685127043,41.0760145272004],[-71.9407980489953,41.07609994945911],[-71.9404534604457,41.07622179463901],[-71.9403006121934,41.07627352542503],[-71.93986849014428,41.076400105169185],[-71.93919804308531,41.076649587128124],[-71.9387408461588,41.07690286247543],[-71.93879889700469,41.0771055077927]]},"properties":{"Zone":4,"Object_ID":309}},{"type":"Feature","id":310,"geometry":{"type":"LineString","coordinates":[[-71.93879889700469,41.0771055077927],[-71.93841668296255,41.07716192123113],[-71.93834802714615,41.07697360966512],[-71.93831740386288,41.07690557571549],[-71.93830070368801,41.07686170963089],[-71.93830300010558,41.07682416257835],[-71.9383154920421,41.07674920647966],[-71.93829074669495,41.07667358885762],[-71.93827726068153,41.076599025661274],[-71.93825851639279,41.076548289550324],[-71.93822391128094,41.076463098374994],[-71.93820356122056,41.07642771037727],[-71.9381680929126,41.0763339615749],[-71.93814819448836,41.07628405874192],[-71.93813606225298,41.07623856537367],[-71.93814526160088,41.07619686927805],[-71.93807664306266,41.07620034937122],[-71.9379702221239,41.07622650474412],[-71.9378222644077,41.07568223589935],[-71.93755391105431,41.075209575081466],[-71.9375636775424,41.074872936220004],[-71.93761628113572,41.07465656639188],[-71.93762816235385,41.074601248195584],[-71.93768958214459,41.07447761652195],[-71.93771226808362,41.0744378693907],[-71.93773823207734,41.07440159701952],[-71.93776107736787,41.074356726838104],[-71.9377962802871,41.07431378457316],[-71.93782549684735,41.07428184215608],[-71.93786051373388,41.074244876300845],[-71.93819964958031,41.07390322062977],[-71.93831837193765,41.073643068166824],[-71.93845937895615,41.07335597451128],[-71.93865555090785,41.07311001464387],[-71.93922083191161,41.073446414055404],[-71.9394557379174,41.073407025323256],[-71.93958281797096,41.07331360746133],[-71.9393708748201,41.073195361406974],[-71.93963410169339,41.072971096466944],[-71.93973129272715,41.073040314305565],[-71.93996245061328,41.072830854478454],[-71.93973277314925,41.072702042523346],[-71.93989753251489,41.07244954166931],[-71.94021918706338,41.072306617335606],[-71.94040523778435,41.072095500865515],[-71.94041610548399,41.07200001298895],[-71.94029446722197,41.07199101638986],[-71.93979218814899,41.07220675814863],[-71.93949126559784,41.072336381414274],[-71.93908687658653,41.07158168210385],[-71.93883165527107,41.07165744231254],[-71.93876567681636,41.07137545422761],[-71.93879229219573,41.0713677778358],[-71.93881389146375,41.0710668126845],[-71.93871026768147,41.071095722338264],[-71.93858947630521,41.070551099023724],[-71.93850540403214,41.07027793858808]]},"properties":{"Zone":4,"Object_ID":310}},{"type":"Feature","id":311,"geometry":{"type":"LineString","coordinates":[[-71.93790272188359,41.07041926999517],[-71.93790184550757,41.07037483184367],[-71.93790201828624,41.07033297487837],[-71.93790452724586,41.070288596147385],[-71.93790923951839,41.070245966205015],[-71.93791505290366,41.07020420884551],[-71.93792315049099,41.07016163832271],[-71.9380273593081,41.06967825814214],[-71.93809174863469,41.06938638414554]]},"properties":{"Zone":4,"Object_ID":311}},{"type":"Feature","id":312,"geometry":{"type":"LineString","coordinates":[[-71.9390813193079,41.06840050965559],[-71.9384344815918,41.06780265474667]]},"properties":{"Zone":2,"Object_ID":312}},{"type":"Feature","id":313,"geometry":{"type":"LineString","coordinates":[[-71.93809064639366,41.06938550974195],[-71.93818901320832,41.069017354571564],[-71.93907657447197,41.06900752689327],[-71.93907897218224,41.06867610558244],[-71.9390796454829,41.068400181714594]]},"properties":{"Zone":4,"Object_ID":313}},{"type":"Feature","id":314,"geometry":{"type":"LineString","coordinates":[[-71.9384344815918,41.06780265474667],[-71.93778830335323,41.06741953208164],[-71.93758513915678,41.06752782442346],[-71.9372660661489,41.0674068116551],[-71.93718240920776,41.06737456690725],[-71.93719968616176,41.06733475044829],[-71.93712930753766,41.06730356919545],[-71.93714849991555,41.067267177126794],[-71.93733778163937,41.06716974284384],[-71.93694800841695,41.066867788952834],[-71.93632484385603,41.06719905218984],[-71.93613514884834,41.06696720266805],[-71.936043680235,41.067026487542144],[-71.93527673317449,41.067434197447376],[-71.93519494094046,41.06735618024051],[-71.93501975323495,41.067436391671485],[-71.93491012009262,41.067520297368155],[-71.93478852812788,41.06768664242516],[-71.93482652552434,41.06784609259814],[-71.93493592802393,41.067968324611755],[-71.93504219383232,41.06805178028618],[-71.9351097922134,41.068150159563984],[-71.93513016909527,41.06817045567651],[-71.93545930833226,41.0680971672684]]},"properties":{"Zone":4,"Object_ID":314}},{"type":"Feature","id":315,"geometry":{"type":"LineString","coordinates":[[-71.93545930833226,41.0680971672684],[-71.93573037730516,41.068387340569146],[-71.93585902625176,41.06852808210562],[-71.93592970249225,41.06861997396995],[-71.9359716285311,41.06868337002603],[-71.93600927644759,41.0687482849039],[-71.93604255017252,41.068814554768295],[-71.93607136450888,41.06888201057334],[-71.93538130494247,41.069035688004604],[-71.93533060736908,41.069072527390226],[-71.93530591004057,41.069119815811604],[-71.93527454447022,41.06914830291222],[-71.93524540872362,41.06917768365369],[-71.93522073262578,41.06920885258792],[-71.93519605653283,41.069240020616434],[-71.93517584006635,41.06927297774164],[-71.93515562476927,41.0693059348843],[-71.93513876693214,41.06933980579473],[-71.9351241377439,41.06937457033306],[-71.93510950970177,41.069409335790695],[-71.93510162438956,41.06944507542248],[-71.93509258366542,41.06948164830205],[-71.93508582477438,41.0695174080314],[-71.93508358117792,41.069553247426974],[-71.93508130855768,41.06958994197042],[-71.93508355005231,41.06962671615919],[-71.93508804797263,41.06966353151004],[-71.93509370136123,41.06969951181139],[-71.93510279082454,41.069733845692824],[-71.93511405815548,41.069770780927094],[-71.93512766055127,41.06980519532932],[-71.93514354722154,41.06983879572162],[-71.93516161055396,41.06987499834329],[-71.9351798057268,41.069906931289],[-71.93520364382502,41.069938965813634],[-71.93522973724654,41.0699710396712],[-71.9352547562814,41.07000138482293],[-71.9352832113905,41.07003008444461],[-71.93531392420657,41.07005882343801],[-71.93534581785373,41.07008587576058],[-71.93538002240463,41.07011125977116],[-71.9354142524026,41.070135789459805],[-71.93545302310585,41.0701595471797],[-71.9354918978392,41.07017988948269],[-71.93553187606278,41.07020110442121],[-71.93557193405285,41.07021975917506],[-71.9356154028132,41.0702376190917],[-71.93565897910318,41.07025206545213],[-71.93573390435482,41.07027475846556],[-71.93577401565778,41.07029170456825],[-71.93581404716548,41.070311213528406],[-71.93585405217608,41.0703315740645],[-71.93588951641112,41.070352710163235],[-71.93592487552696,41.07037726073357],[-71.93595792504136,41.070403477828265],[-71.93598987229518,41.070428822290395],[-71.93602063759012,41.07045585339149],[-71.93606604826235,41.07050484715914]]},"properties":{"Zone":2,"Object_ID":315}},{"type":"Feature","id":317,"geometry":{"type":"LineString","coordinates":[[-71.93606604826235,41.07050484715914],[-71.93606947188185,41.07063691400302],[-71.93607628008047,41.07067206186879],[-71.9360819328739,41.07070804299218],[-71.93608871451258,41.07074404424691],[-71.9360932385073,41.07078000433691],[-71.93609663601758,41.07081594523717],[-71.93609887811694,41.07085271939543],[-71.93601582603993,41.071272403982306],[-71.93593159090369,41.07169377511367],[-71.93584356821461,41.07187417007399],[-71.93581963342113,41.071954046916574],[-71.93572812095506,41.07206518143604],[-71.93457955601085,41.0731322099891],[-71.9345402109896,41.07316311788976],[-71.93449643265967,41.073191382360726]]},"properties":{"Zone":4,"Object_ID":317}},{"type":"Feature","id":318,"geometry":{"type":"LineString","coordinates":[[-71.93449643265967,41.073191382360726],[-71.9342481138787,41.073298864111536],[-71.93402462113211,41.07333417404484],[-71.93384780107603,41.07332076836167],[-71.93370746017361,41.073296052410875],[-71.93360988543094,41.073275516241004],[-71.93355859647026,41.0732549534843],[-71.9335074152756,41.07323097356871],[-71.93345964496007,41.07320620157174],[-71.9334153654616,41.07317807372934],[-71.93337003819659,41.0731473637649],[-71.9333315326797,41.07311506877263],[-71.9332953648728,41.07308025121771],[-71.93323108528823,41.07300563495081],[-71.9332004756927,41.07291177750811],[-71.93313940915937,41.072794057878205],[-71.93283574506268,41.072109935364665],[-71.93277052285771,41.07200231918677],[-71.93268284048627,41.071832670375],[-71.93270960625918,41.07182142317036],[-71.93266377563158,41.071649147900274],[-71.93245102890681,41.07119513803071],[-71.93219650104882,41.070886465917624],[-71.93203828831939,41.07013186557198],[-71.9320066875361,41.07006457059174],[-71.93194962140872,41.06996057179001],[-71.93191401301976,41.06989550645481],[-71.93186845760654,41.069824714120166],[-71.93184269300566,41.069791767165796],[-71.93178683840839,41.06970586430411],[-71.9317658969842,41.069644291854395],[-71.9317590080188,41.06960227348753],[-71.93175857806528,41.0695736396956],[-71.93175892324753,41.06953229373931],[-71.93176930095254,41.0694770004743],[-71.93178101057984,41.069420214229744],[-71.93179584207293,41.06937841291138],[-71.93183163250009,41.06931038933065],[-71.9318612274613,41.06927259786631],[-71.93189082241685,41.069234805493835],[-71.93193563481277,41.069192538359644],[-71.9319804070282,41.06915029841239],[-71.93201359278899,41.06910765234523],[-71.93206495428397,41.06904436812377],[-71.93210618847141,41.068999291645596],[-71.93213893975467,41.0689632426274],[-71.93216556144442,41.06893357633262],[-71.93220492632679,41.06887448212016],[-71.93223891294275,41.06876007065952],[-71.9322359259497,41.068670449682],[-71.9323650178541,41.06865675706611]]},"properties":{"Zone":4,"Object_ID":318}},{"type":"Feature","id":319,"geometry":{"type":"LineString","coordinates":[[-71.9323591676383,41.068638315149144],[-71.93216036638898,41.06835284955674],[-71.93201729294645,41.06812647023575],[-71.93175378815884,41.06774416686897],[-71.93134662696278,41.06744387084374],[-71.93130232551914,41.06741659734424],[-71.93126922606585,41.06739208568105],[-71.93123733537806,41.06736503221768],[-71.93121151140696,41.067324419040794],[-71.93119785706469,41.067291711816445],[-71.93116399111315,41.06649576163419],[-71.93115535716431,41.06644691258526],[-71.93115198919233,41.06641011811222],[-71.9311542626609,41.06637342449689],[-71.93116104879819,41.06633681155888],[-71.93117119338883,41.066301112528784],[-71.93118695157162,41.06626636772272],[-71.93122322869876,41.06622515611209],[-71.93125564223867,41.066199252217785],[-71.9312924351886,41.066177697737636],[-71.93135224558512,41.0661420317867],[-71.9313890651043,41.066119623885385],[-71.93142698553577,41.066098089518604],[-71.93146377956319,41.066076535004676],[-71.93150167444792,41.066055855825],[-71.93153959483433,41.06603432052078],[-71.93157641420231,41.06601191345951],[-71.93161428244161,41.0659920858324],[-71.93166466635833,41.0659690664315],[-71.93170793615296,41.06595702461943],[-71.93175442875298,41.065950167192355],[-71.93184247865376,41.065950031340314],[-71.93188843849035,41.06596024886607],[-71.93193445275325,41.065968760514515],[-71.9319782107603,41.06597723002135],[-71.93202419963971,41.06598659414537],[-71.93206905858575,41.06599593805867],[-71.93211504627354,41.06600530302553],[-71.93215990521698,41.06601464780373],[-71.93220479204057,41.06602313739513],[-71.93225075314504,41.066033355698316],[-71.93229561334404,41.066042699544965],[-71.93234162655509,41.06605121010984],[-71.93238646015942,41.066061407311615],[-71.93243132036845,41.06607075200576],[-71.93247730821541,41.06608011502809],[-71.93252101307334,41.06609029291066],[-71.93256699972906,41.06609965677623],[-71.93261296213174,41.066109874956645],[-71.9326589766196,41.06611838541649],[-71.9327038357443,41.06612772908347],[-71.93274866942797,41.06613792704492],[-71.93293501056958,41.06617115457204],[-71.93297868897378,41.0661821847718],[-71.93302113207349,41.06619661195581],[-71.93320133270855,41.06635445501349],[-71.93415418585033,41.06696519231081],[-71.93496055724984,41.06724184391958]]},"properties":{"Zone":2,"Object_ID":319}},{"type":"Feature","id":320,"geometry":{"type":"LineString","coordinates":[[-71.93496055724984,41.06724184391958],[-71.93546454067393,41.06697062361367],[-71.93566655362694,41.066863169177154],[-71.93567767736813,41.06679587804514],[-71.93569448228979,41.06676371473888],[-71.93571241477636,41.066731571544366],[-71.9357359343741,41.06670123574235],[-71.93576055608733,41.06667177526192],[-71.93578627999977,41.066643187401795],[-71.93581425902045,41.066614640662856],[-71.93583775192663,41.066585159130504],[-71.93586017041197,41.066553949797935],[-71.93587866111395,41.06650387636174],[-71.93588990297447,41.06646905130234],[-71.93589993871272,41.066436766323505],[-71.93590895197379,41.06640104764537],[-71.935917913266,41.06636703576968],[-71.93592289123009,41.066315867434675],[-71.93591506115045,41.06627728402444],[-71.93590489734432,41.06624122238325],[-71.93589478431946,41.06620345391617],[-71.93588459277157,41.06616824564249],[-71.93587327244603,41.06613301813374],[-71.93587473478671,41.06608605821539],[-71.93573351744068,41.06572730174435],[-71.9356882048333,41.06540613449881],[-71.93559235119325,41.06511311319712],[-71.93554976800245,41.06501308804096],[-71.93553952068443,41.06496512388458],[-71.93552283516827,41.064919948727926],[-71.93551269966858,41.06489777906511],[-71.9354640635971,41.064799680565066],[-71.93543036820382,41.06473262739654],[-71.93534176885154,41.064568822058554],[-71.93533240208203,41.064543791951515],[-71.93532518344398,41.064522350739345],[-71.93531824945856,41.06447450151519],[-71.93519986559262,41.06451831778515],[-71.93517001460692,41.064464937332865],[-71.9350225713896,41.064199112978415],[-71.93486531084781,41.0639571070026],[-71.9343918120411,41.063213969703035],[-71.9344797127951,41.06318221998934],[-71.93434505674698,41.06297564138861],[-71.93423125226676,41.06296933953052],[-71.9341495070904,41.062839738072725],[-71.9338477545079,41.062344843638805],[-71.9337921800943,41.06206364529333],[-71.93382488829857,41.06205102053091],[-71.9337862433049,41.06145290131193],[-71.93376009080923,41.06146335894164],[-71.93365200267897,41.06134610093403],[-71.93357791710604,41.06122432325281],[-71.93350177778207,41.061059794784114],[-71.93319412541514,41.06082706057584],[-71.93291592412272,41.06044620491429],[-71.93277503220537,41.0601865477859],[-71.93272924397371,41.06020708812252],[-71.93251163006242,41.05998279418339],[-71.93229509182034,41.059760227654365]]},"properties":{"Zone":2,"Object_ID":320}},{"type":"Feature","id":321,"geometry":{"type":"LineString","coordinates":[[-71.92846265876418,41.05750301652005],[-71.92820854186775,41.05740022485453],[-71.92791988489692,41.0572831467531],[-71.9276224400365,41.05726671567545],[-71.92757325483865,41.05721543212094],[-71.92751523246766,41.057158010467376],[-71.92752954671795,41.05702499665929],[-71.92764765032788,41.05696560197976],[-71.92764766942672,41.056928867043105],[-71.92764653440908,41.05689296620439],[-71.9276431688695,41.05685617154546],[-71.9276409052561,41.05682025049166],[-71.92763641231376,41.05678343563881],[-71.92762848257797,41.05674826786704],[-71.92762283437263,41.05671228618962],[-71.92760568619582,41.056647053475075],[-71.92766455206205,41.05649689645764],[-71.92766677756634,41.0563534151657],[-71.92753462842057,41.05628441485876],[-71.92776852463324,41.05616729174598],[-71.92776818619926,41.05596140055598],[-71.92799297235295,41.05570230222216],[-71.92812570787247,41.05575251750067],[-71.9282226698572,41.055683346614785],[-71.92822830243165,41.055647567859765],[-71.92823280644907,41.05561176799531],[-71.92823505452212,41.05557592683428],[-71.9282343727769,41.05552551203224],[-71.92821008171663,41.05547211016224],[-71.92819310247359,41.05543763514519],[-71.92817383826659,41.05540397217698],[-71.92815341996743,41.05537114420916],[-71.92813072024802,41.05533912925235],[-71.92810914793519,41.05530713447944],[-71.92808190848456,41.05527589208595],[-71.92805579763231,41.05524466989622],[-71.92799893183958,41.055186414376976],[-71.92806114310162,41.055001292205056],[-71.92805203263299,41.05496781104166],[-71.92804184575905,41.05493260286224],[-71.9280282488745,41.05489818838415],[-71.92801349917296,41.05486460622749],[-71.92798152679097,41.054804233076915],[-71.92811312781657,41.054790177136645],[-71.92804616888174,41.05475700298543],[-71.92796299934734,41.05469237405372],[-71.92788876855069,41.0546216470414],[-71.92782581169104,41.05457468436634],[-71.92771878352734,41.05451274798162],[-71.92762748740044,41.05443225771668],[-71.92753362439424,41.05429389065184],[-71.92757511975871,41.05404945089325],[-71.92756487352533,41.05398006969874],[-71.92742870837634,41.05382300450511],[-71.92737983770027,41.053759805563686],[-71.92736468802407,41.0537048198596],[-71.92729804274026,41.05349005223192],[-71.92725581580774,41.05342467094365],[-71.92721604965253,41.05337352075188],[-71.92713186300536,41.053323198670974],[-71.92711466073725,41.0532911351574],[-71.92711529410543,41.05323476317682],[-71.92710740996067,41.05316200695743],[-71.92704213016614,41.05288104544544],[-71.92704398663255,41.05280804761246],[-71.92707089082054,41.052777775031835],[-71.92712504994108,41.05274201007299],[-71.92716304539705,41.05271791508011],[-71.9272010128989,41.05269467524555],[-71.92724005673105,41.052673162421804],[-71.92727797198138,41.05265163026704],[-71.92731811523342,41.05263099098404],[-71.92735600375529,41.05261031219546],[-71.92739271034104,41.05259132086157],[-71.92743065220108,41.05256893436422],[-71.92746652502667,41.052540530098824],[-71.9275536333554,41.0524976667524]]},"properties":{"Zone":2,"Object_ID":321}},{"type":"Feature","id":322,"geometry":{"type":"LineString","coordinates":[[-71.9275536333554,41.0524976667524],[-71.92755759734752,41.052443063067514],[-71.92758001497673,41.05241185433375],[-71.92759904814622,41.05238058677266],[-71.92760953828189,41.052333788417315],[-71.92760612080401,41.052298701423304],[-71.92758089207628,41.05223930366358],[-71.92755580322617,41.05221151690102],[-71.9275238946494,41.052185316609034],[-71.92748846828506,41.05216332444235],[-71.9274068509641,41.05213879705199],[-71.92731771874209,41.052138055941775],[-71.92727241724681,41.05214322504315],[-71.92719926168895,41.052136788477455],[-71.92713377164449,41.052174059094874],[-71.92708932810002,41.05218778670064],[-71.92704934525422,41.052203301953966],[-71.92700264700923,41.05221698912849],[-71.9269564293096,41.05221530712787],[-71.92691528397295,41.052195775720314],[-71.92687873044578,41.05217376406702],[-71.92684451171648,41.05214923082774],[-71.92680556172522,41.05209556770177],[-71.9267804999687,41.05206692647807],[-71.9267336683022,41.05208488140414],[-71.92669363200433,41.05210210511917],[-71.92663481386244,41.05207029641399],[-71.9266087049538,41.05203907387413],[-71.92659513612301,41.05200380491207],[-71.92657920581259,41.051971911809396],[-71.92654845178122,41.05194487715837],[-71.9264840992475,41.05190955280343],[-71.92644923412617,41.05186963098605],[-71.92641936141126,41.0518144208652],[-71.926409150387,41.051780065929066],[-71.92641448295919,41.05171779745128],[-71.92643351647897,41.05168653007682],[-71.92645367849201,41.05165528292497],[-71.92646489731216,41.05162131117141],[-71.92646486362835,41.051586284772796],[-71.92645693397438,41.05155111595608],[-71.9264433131046,41.051517554677574],[-71.92642738182305,41.051485660628835],[-71.9263927306267,41.051438907153845],[-71.92636654192249,41.05141024743113],[-71.92633460750955,41.05138490019825],[-71.92630261849152,41.05136126151937],[-71.92625164256303,41.05133130180485],[-71.92620373049031,41.05131164973625],[-71.92616124379609,41.05129892766394],[-71.92611414099352,41.05128954101229],[-71.92606803079921,41.051284443288424],[-71.92599031121726,41.05127963366483],[-71.92594538293709,41.0512728493389],[-71.92590056153925,41.05126264872744],[-71.92585925567306,41.05124823907024],[-71.92580804079515,41.05122596420859],[-71.92576566105548,41.05120982752318],[-71.92572427625794,41.05119798071508],[-71.92564099920128,41.05119050780034],[-71.92559776466966,41.05120169309446],[-71.92554083727299,41.05121775967633],[-71.9254934651011,41.05121691024787],[-71.92544730157096,41.051213519960356],[-71.92540000954223,41.05121010941816],[-71.92535492108827,41.05120844701375],[-71.92530644831618,41.0512067239016],[-71.9252602313637,41.0512050412231],[-71.92521173189056,41.05120417146298],[-71.92516658997583,41.05120421756906],[-71.92508981201867,41.05120540402163],[-71.92504647287377,41.05122000451952],[-71.92499029735998,41.0512480439121],[-71.92499016375928,41.05125231267074],[-71.92473981626216,41.05135461107612],[-71.92460283297983,41.0513683863893],[-71.92433919000578,41.05146275879945]]},"properties":{"Zone":2,"Object_ID":322}},{"type":"Feature","id":323,"geometry":{"type":"LineString","coordinates":[[-71.92435607132995,41.05474611884293],[-71.92435942206765,41.05471115316621],[-71.92434007980579,41.05468005152691],[-71.9243027180006,41.05464777273515],[-71.92427655686924,41.05461825829145],[-71.92425498665064,41.054586262794636],[-71.92423908243238,41.05455351417659],[-71.92422664290669,41.054518265205374],[-71.9242198158995,41.05448397079841],[-71.92418110728707,41.05442262180009],[-71.92417315175629,41.0543883071414],[-71.92417312047083,41.05435328078633],[-71.92416967682553,41.05431904617688],[-71.92415946658112,41.05428469106253],[-71.92414466428791,41.05425281696864],[-71.9241050468996,41.054220497634084],[-71.92406967402577,41.05419679764961],[-71.92403424773244,41.05417480443591],[-71.92399648529296,41.05415533360578],[-71.92394787112434,41.05412199801093],[-71.92392624775015,41.054091710130955],[-71.92391378175351,41.054057314513095],[-71.92391600532815,41.05402232861409],[-71.92389888824583,41.05395624101774],[-71.92388301229616,41.0539226380762],[-71.92386600659675,41.05388901575988],[-71.92385012946251,41.05385541369214],[-71.92383196971421,41.05382262453111],[-71.92381381117308,41.05378983538824],[-71.92379567818595,41.05375619283011],[-71.92377636440989,41.05372423681985],[-71.92375820589498,41.05369144856771],[-71.92373792402354,41.05365435015255],[-71.92373002229462,41.053618327775204],[-71.92372099440952,41.05358228518704],[-71.92370517090306,41.053546975415],[-71.92368475541618,41.05351414574417],[-71.92365636465111,41.053483737255405],[-71.92359585241185,41.05343395631968],[-71.92354173235024,41.05339625056676],[-71.92351328943302,41.053367548845195],[-71.92349171998953,41.053335553196646],[-71.92347697052654,41.053301971306915],[-71.92347135278588,41.05326513602806],[-71.92340120758091,41.05327071070198],[-71.92336766872607,41.05329659312026],[-71.92333609157934,41.05333190692036],[-71.92330370796695,41.053356955285096],[-71.92326136068469,41.05337584319676],[-71.92322352272429,41.053394813837954],[-71.92318220207987,41.05345301981744],[-71.9231811054893,41.05348802594362],[-71.9231902720114,41.053555679594666],[-71.92320161018455,41.05359005505819],[-71.92321300189121,41.05362272193834],[-71.9232231847826,41.05365793143256],[-71.92323565156335,41.05369232624922],[-71.92324588797022,41.05372582805909],[-71.92325832682592,41.05376107714236],[-71.92326859001517,41.05379372465875],[-71.92328221093487,41.05382728631421],[-71.92329242184357,41.05386164153102],[-71.92330491305175,41.053895182905144],[-71.92331740665092,41.05392872432033],[-71.92332874376456,41.05396309974698],[-71.92334236474952,41.05399666139405],[-71.9233537030769,41.05403103683909],[-71.92336619553717,41.05406457822653],[-71.92337981656192,41.054098139868444],[-71.92339118165667,41.054131661918255],[-71.92346675843386,41.054349153891316],[-71.92348150690721,41.05438273665294],[-71.923498511349,41.05441635900049],[-71.92352010906565,41.05444750127031],[-71.92356915534863,41.05450305623501],[-71.9236233554079,41.054538199071246],[-71.92366111789946,41.05455767182176],[-71.92369423488879,41.05458133144464],[-71.92372386160788,41.054608346606116],[-71.92374663918444,41.054637800460405],[-71.92377280124869,41.05466731594533],[-71.923801246025,41.054696017615655],[-71.92383312758564,41.05472307320946],[-71.92386734652905,41.054747607324316],[-71.92393191194867,41.05477610234178],[-71.92397942037256,41.05477268185437],[-71.92402580017178,41.0547692428983],[-71.92407225902781,41.05476324102945],[-71.92411990104269,41.05475555353073],[-71.92420320915383,41.0547621732429],[-71.92428477508001,41.05478840965929]]},"properties":{"Zone":2,"Object_ID":323}},{"type":"Feature","id":324,"geometry":{"type":"LineString","coordinates":[[-71.92433919000578,41.05146275879945],[-71.92408033503702,41.051440175879044],[-71.92401464993517,41.051447541364475],[-71.92395919565905,41.05145252698495],[-71.92383902434403,41.051470020364015],[-71.92379009687971,41.051482811471196],[-71.92374552064237,41.05150080567305],[-71.9237041949753,41.05152313115217],[-71.92365030119127,41.0515503569852],[-71.92358958223006,41.05154328654598],[-71.92336812909254,41.051840026599166],[-71.92352356414634,41.052498257804],[-71.92351931441192,41.052555724134],[-71.92349009335317,41.052681117690135],[-71.92346945885302,41.05274285652771],[-71.92343918055226,41.05281470204513],[-71.92340684881916,41.05285470401335],[-71.92336789763237,41.052874430226176],[-71.92333606878437,41.05287132883555],[-71.92327395245493,41.05283707683924],[-71.92324794112349,41.05281558021491],[-71.92321654592078,41.05277892260733],[-71.923195380935,41.05273828015465],[-71.9231873860549,41.052709764351775],[-71.92318491964525,41.05266611682239],[-71.92318425946395,41.05263036849596],[-71.92317858725995,41.05259524085787],[-71.92313026500578,41.05245448902106],[-71.9231014500394,41.05239324333791],[-71.9230683106121,41.05233270182818],[-71.9230466882231,41.05230241377108],[-71.92296122894098,41.0522436720201],[-71.92288379016729,41.05221247463036],[-71.92281523838706,41.052197454032196],[-71.9227675662995,41.05217011550377],[-71.92273254279262,41.05213531471522],[-71.922705228095,41.052106633027456],[-71.92256793999792,41.052058037278755],[-71.92244977626322,41.05204737403001],[-71.92231348202807,41.05200306697749],[-71.92219557790263,41.05191210370449],[-71.92203972629014,41.051807644366406],[-71.92196668098084,41.051797790971484],[-71.9218625345578,41.051772001093624],[-71.92173003151954,41.051750826767574],[-71.92141994182236,41.05177857773864],[-71.92122972831015,41.05176234758668],[-71.92108500116343,41.05169909245621],[-71.92095175961803,41.05155744952659],[-71.92087032500257,41.051455179703275],[-71.92075460320807,41.051402697254915],[-71.92063544868746,41.05138774315938],[-71.92049552791978,41.0513151774551],[-71.92030394279207,41.05127072891802],[-71.92023714973158,41.051205456315984],[-71.92004636164971,41.051063632540874],[-71.91983511819596,41.050998326947024],[-71.91969724179131,41.050932631576956],[-71.91927223424747,41.050810516579716],[-71.91918143764879,41.050790944139926],[-71.91883559517593,41.05062753610031],[-71.91860469275984,41.05050549106744],[-71.91844850279584,41.050412127255385],[-71.91819236426085,41.05037505778649],[-71.91810787770851,41.05033424041195],[-71.91791645437777,41.05021290438619],[-71.9176177189487,41.050023002014285],[-71.91751011016221,41.04996382855945],[-71.91734992312382,41.0498900393322],[-71.91713677512557,41.04974182819991],[-71.91693947390063,41.049628072211384],[-71.91688084918759,41.049590282977285],[-71.91677700101741,41.04948333622101],[-71.91682184434399,41.04942092468339],[-71.91684477567611,41.04937349639316],[-71.91678464667328,41.04931175896283],[-71.91660737743153,41.049135145847636],[-71.91645576058612,41.04911191338364]]},"properties":{"Zone":2,"Object_ID":324}},{"type":"Feature","id":325,"geometry":{"type":"LineString","coordinates":[[-71.91645576058612,41.04911191338364],[-71.91602392570469,41.04909986861363],[-71.91591224528179,41.049206353631234],[-71.91584395683748,41.04922477331691],[-71.91574083793796,41.04920241360351],[-71.91563530012674,41.04911337387273],[-71.91549861898436,41.04926126947116],[-71.9152929423853,41.04909097701357],[-71.91499811343706,41.0489207869946],[-71.91468067442125,41.04878777799065],[-71.91451689430615,41.048720755439234],[-71.91428200308565,41.04836711448723],[-71.91399115431518,41.048249960726906],[-71.91347350364246,41.04813213404629],[-71.91303439827593,41.048100296948675],[-71.91264416732203,41.04809326112217],[-71.91242909940179,41.04811415718717],[-71.9123744785889,41.048128549385126],[-71.91217928089361,41.04819935258184],[-71.91188311296557,41.04832300979997],[-71.91164792671997,41.04848108352381],[-71.91147689352606,41.048608704497276],[-71.9113623591623,41.04873392887372],[-71.91124333355042,41.04900174022258],[-71.91113132547233,41.04904670527144],[-71.91072535093657,41.04910943073619],[-71.91086495654646,41.049227281637876],[-71.91032824285223,41.04953539263575],[-71.91022996278606,41.04946698275099],[-71.90997467697848,41.04968961699088],[-71.90928940970335,41.05023509980733],[-71.90892690713959,41.05060102672323],[-71.90818899757524,41.05134802089729]]},"properties":{"Zone":2,"Object_ID":325}},{"type":"Feature","id":326,"geometry":{"type":"LineString","coordinates":[[-71.91658432554414,41.069271348639916],[-71.91694374831215,41.069508474228506],[-71.91735042160461,41.0697148396386],[-71.91730647721923,41.0697482215488],[-71.9176503514064,41.06997737657749],[-71.91798533503432,41.070202099437104],[-71.91800510436627,41.07018366098945],[-71.918049459402,41.070245113340974],[-71.9182517929037,41.07038031198009],[-71.91849711126463,41.07054874660157],[-71.91872663272481,41.07068101700161],[-71.91882465765693,41.07072293058926],[-71.91934555364061,41.07081515815062],[-71.91940615582921,41.07082649861646],[-71.91961386025247,41.07086269401582],[-71.91969208563711,41.07088801932547],[-71.91974645777132,41.07091804262127],[-71.91979395455256,41.07095135777764],[-71.91983795881089,41.070988029210895],[-71.9198846203529,41.07101193406618],[-71.9199373257277,41.07102313140854],[-71.92001380399944,41.071032194397894],[-71.92009912070458,41.07104739596068],[-71.9201741766961,41.071065829429756],[-71.92024063782236,41.071106320661016],[-71.92032192757381,41.07114195242094],[-71.92042613063202,41.07116688927956],[-71.92074536564347,41.07117433126197],[-71.92087527693745,41.07120741891379],[-71.9209948728664,41.07124544611348],[-71.92104387305332,41.071266829097866],[-71.92133100587766,41.07125404390371],[-71.92144567898886,41.07123303653332],[-71.92150106965869,41.071230614101616],[-71.92151122329722,41.07123079646233],[-71.92154740760664,41.07122888202574],[-71.92159355808643,41.07123312813987],[-71.9216240201936,41.07123367521634],[-71.92273348290898,41.0713125306072],[-71.9227944340172,41.07131276896462],[-71.92287792335274,41.07131426658173],[-71.92299023763839,41.07133251305223],[-71.92314873063675,41.071354149741495],[-71.92320737290825,41.07135605688268],[-71.92329851870721,41.07136537999896],[-71.92360964932102,41.071415381789],[-71.923984308979,41.071455418504875],[-71.92448012424501,41.071519834649855],[-71.92437269785572,41.071669972809],[-71.92486609694558,41.07173947162996],[-71.92527722245907,41.07184081041151],[-71.9253444102759,41.07185824556025]]},"properties":{"Zone":2,"Object_ID":326}},{"type":"Feature","id":327,"geometry":{"type":"LineString","coordinates":[[-71.92697284690372,41.072452951703134],[-71.92807675283335,41.0729271928682]]},"properties":{"Zone":4,"Object_ID":327}},{"type":"Feature","id":328,"geometry":{"type":"LineString","coordinates":[[-71.93308026818733,41.07454835291739],[-71.93246988707945,41.074246997850125],[-71.93209061572695,41.074209470895326],[-71.93170121256028,41.074170907758095],[-71.93135604560207,41.074089564387315],[-71.93151012782374,41.07385482514298],[-71.93131795637623,41.07389923195321],[-71.93108528321548,41.07397537839353],[-71.93086717934504,41.07398258668386],[-71.93068762177388,41.07398450402341],[-71.9304712320307,41.07397294908578],[-71.93009001549997,41.07388924771848],[-71.92992685114218,41.07380004848431],[-71.92953109375001,41.073675935481994],[-71.92932363450618,41.07359533994083],[-71.92876448783717,41.07331709278487],[-71.92879531631966,41.07326980283488],[-71.92807675283335,41.0729271928682]]},"properties":{"Zone":2,"Object_ID":328}},{"type":"Feature","id":329,"geometry":{"type":"LineString","coordinates":[[-71.93387449747424,41.07507253707249],[-71.93369753001735,41.07484641023511],[-71.9336335143164,41.0749443650446],[-71.93335176068018,41.07474797589401],[-71.93338492181837,41.07469816484644],[-71.93308026818733,41.07454835291739]]},"properties":{"Zone":4,"Object_ID":329}},{"type":"Feature","id":330,"geometry":{"type":"LineString","coordinates":[[-71.93453294104539,41.07542599920838],[-71.93391199176023,41.075137276827185]]},"properties":{"Zone":2,"Object_ID":330}},{"type":"Feature","id":331,"geometry":{"type":"LineString","coordinates":[[-71.93453294104539,41.07542599920838],[-71.93486952949405,41.07552939017378],[-71.93531343602247,41.0748692529818],[-71.93537550456126,41.07490623873321],[-71.93540516935786,41.07493239644054],[-71.93543365563997,41.074960241744066],[-71.93546219392367,41.07498638024073],[-71.9354918067854,41.07501424562523],[-71.93551690645891,41.07504202869399],[-71.93554423731187,41.07507070812151],[-71.93556928496965,41.075100200678826],[-71.93559317715415,41.07513052648299],[-71.93562504677386,41.07515843208466],[-71.93565690297248,41.075223071575465],[-71.93567397090808,41.075254985166204],[-71.9356921956029,41.07528606372163],[-71.93570811048157,41.07531880970251],[-71.93572284324163,41.07535324412425],[-71.93573647489686,41.07538680414034],[-71.93574674757983,41.07541945038078],[-71.93575376021589,41.07548924007198],[-71.9362063913072,41.0771924734416],[-71.93647671560605,41.078045727539724],[-71.93707678613045,41.08020409696786]]},"properties":{"Zone":4,"Object_ID":331}},{"type":"Feature","id":332,"geometry":{"type":"LineString","coordinates":[[-71.93879691678491,41.07709676907668],[-71.93957947739919,41.07977879417243]]},"properties":{"Zone":4,"Object_ID":332}},{"type":"Feature","id":333,"geometry":{"type":"LineString","coordinates":[[-71.93636239534221,41.07801891645921],[-71.93623471970498,41.07798588648419],[-71.93612126151108,41.07796763366326],[-71.93600675420744,41.077946798631665],[-71.93593994183779,41.07795329551781],[-71.9358423087112,41.07793446987326],[-71.93578962176372,41.077922425503125],[-71.93573341617946,41.077914589467916],[-71.9356464805443,41.07791474843704],[-71.935558124578,41.077924279001074],[-71.9355016264802,41.07792583372915],[-71.93544775863215,41.07791547676439],[-71.93538918999118,41.07791101476157],[-71.93531710871464,41.07790545871665],[-71.93488828348396,41.07789952127103]]},"properties":{"Zone":2,"Object_ID":333}},{"type":"Feature","id":334,"geometry":{"type":"LineString","coordinates":[[-71.89743661473237,41.04332779687472],[-71.89746782189658,41.043304442877876],[-71.89756046863381,41.04326511896725],[-71.89770360313932,41.04319937491661],[-71.89787726639605,41.04313162203456],[-71.89807377269128,41.04309076681551],[-71.89820212826672,41.04306405094817],[-71.89825435474866,41.04305389403575],[-71.8982975885782,41.04304271893724],[-71.898343988581,41.04303843597758],[-71.8983893143747,41.043032423924956],[-71.89843799693409,41.04302732851838],[-71.89848453223578,41.04301877586613],[-71.89853530915607,41.043018843539414],[-71.89858509065506,41.043014621013],[-71.89863036342454,41.04301031836241],[-71.89882522770016,41.042985662948155],[-71.89892347638771,41.04298317540635],[-71.89925764833279,41.042942254226084],[-71.89930383298983,41.04294480160249],[-71.89943669763706,41.04291816626305],[-71.89948312451283,41.04291302945907],[-71.8995274040805,41.04290443543054],[-71.89959351615455,41.04288342333059],[-71.89968892169637,41.04286379694566],[-71.89978143126626,41.04282874089049],[-71.89988857396587,41.0427948043051],[-71.89995699660362,41.04277212529194],[-71.90010305070784,41.042720953565166],[-71.90021247560506,41.04268620423588],[-71.90033828258609,41.04263295693129],[-71.90043280369343,41.04260562538301],[-71.9005094158136,41.04257369752724],[-71.90060528138133,41.042539555614255],[-71.90074714662299,41.042478056026674],[-71.90083334808592,41.04242836153739],[-71.9009582838372,41.04229564747291],[-71.90102004602164,41.0422694296713],[-71.90112166507707,41.042196093533775],[-71.90118855845438,41.04215032054495],[-71.9012946328873,41.04207877375458],[-71.90143193924648,41.0419830184046],[-71.90147130817626,41.041951269043444],[-71.90150960277354,41.04191779152303],[-71.90154677021235,41.04188429264213],[-71.90158941360761,41.041856019056304],[-71.90161742508334,41.0418266270526],[-71.90164433404348,41.04179636026398],[-71.9016701440553,41.04176521875598],[-71.90171018819849,41.04171212380605],[-71.90173148600012,41.04168090043575],[-71.90174381709657,41.04164780575658],[-71.90176621613372,41.04161745803503],[-71.90178574353452,41.04157082463111],[-71.90180772421411,41.04148237588445],[-71.90182432821365,41.04142116631488],[-71.90183365360029,41.0413760583105],[-71.90184187773448,41.041330073749904],[-71.901844544768,41.04128142765815],[-71.90184151972767,41.04123438607678],[-71.90183621103795,41.04118815695081],[-71.90182644544032,41.041140139225796],[-71.90182215699552,41.04109734681817],[-71.90183250265032,41.04105567283],[-71.90185522567556,41.041015078125824],[-71.90188922475812,41.04097468794423],[-71.90192991028744,41.040936982466235],[-71.90197384213273,41.04090360614537],[-71.90202188198313,41.04088311969251],[-71.9020608988104,41.04086246957293],[-71.90279844185842,41.040589645155904]]},"properties":{"Zone":1,"Object_ID":334}},{"type":"Feature","id":335,"geometry":{"type":"LineString","coordinates":[[-71.97387762092725,41.0416832251916],[-71.97348173185243,41.04153021069682],[-71.97341377418056,41.041501683958174],[-71.97331455370737,41.041462357705996],[-71.97321299834125,41.041425553842586],[-71.97307666593069,41.041382160783144],[-71.97302389688876,41.0413735477747],[-71.97293275921639,41.041365118054316],[-71.97280322570371,41.0413577231147],[-71.9727482272966,41.04134821704868],[-71.97269561495312,41.04133448076266],[-71.97264541474603,41.04131566175545],[-71.9725975745003,41.041293466839235],[-71.9725839051089,41.04126076429989],[-71.97251243491233,41.04123644656613],[-71.97244313502992,41.04117799524041],[-71.97234609158926,41.04114126968206],[-71.9721198298629,41.04108690210278],[-71.97204098741284,41.04104536948343],[-71.9718463585008,41.04102658137875],[-71.97163414641085,41.040918639734905],[-71.97147955916925,41.040845024165506]]},"properties":{"Zone":3,"Object_ID":335}},{"type":"Feature","id":336,"geometry":{"type":"LineString","coordinates":[[-71.95698418846807,41.05017518853914],[-71.9572360166488,41.048887094739655],[-71.95788704224091,41.04793750701264]]},"properties":{"Zone":2,"Object_ID":336}},{"type":"Feature","id":337,"geometry":{"type":"LineString","coordinates":[[-71.95788704224091,41.04793750701264],[-71.95897925465164,41.046218293342314],[-71.95906353174882,41.046083093531635],[-71.95892167030537,41.045962699813465],[-71.95917004320192,41.04559204629906],[-71.95917484356761,41.04558273397713],[-71.95917969652058,41.04557171305329],[-71.95918449688345,41.04556240073091],[-71.95919042447308,41.045553108294115],[-71.95919294292155,41.04554460957941],[-71.95919664231906,41.04553442397007],[-71.95920149407583,41.04552340302423],[-71.95920403759898,41.04551405088756],[-71.95920650345623,41.04550726077419],[-71.9592089430745,41.04550132316109],[-71.9592114877848,41.04549197104521],[-71.95923512324451,41.045420627395146],[-71.95924115593294,41.04540791955239],[-71.95924600883437,41.04539689952552],[-71.95925083546862,41.045386732899175],[-71.95925684307444,41.04537487847712],[-71.95926054126366,41.045364692844345],[-71.95926657394205,41.0453519850001],[-71.9592714531283,41.04534011067117],[-71.95927858795055,41.045328276132885],[-71.95928572277028,41.045316441594125],[-71.95929054817579,41.04530627584512],[-71.95929658084317,41.045293567999096],[-71.95930371565595,41.04528173345911],[-71.95930848971555,41.04527327453171],[-71.95931562449633,41.04526144089113],[-71.95932275811316,41.045249606328916],[-71.95932986665204,41.045238625187935],[-71.9593370539819,41.04522508384433],[-71.95934408366719,41.045216664704995],[-71.95934888398122,41.045207352375044],[-71.95935601758636,41.04519551781063],[-71.95936422820539,41.04518541177371],[-71.95936905480607,41.04517524514187],[-71.95937844403643,41.04516345036508],[-71.95938668093959,41.04515249002553],[-71.95939491667865,41.04514152876416],[-71.95940315238727,41.045130568402385],[-71.9594102871358,41.045118734755654],[-71.95941847031236,41.045109481194274],[-71.95942670720214,41.04509852085169],[-71.95943489034622,41.04508926818932],[-71.95944309975101,41.04507916212559],[-71.95945023451456,41.04506732757599],[-71.95951174227936,41.04501202865976],[-71.95957448107131,41.044953334167495],[-71.95963611879554,41.04489376635809],[-71.95969762624439,41.04483846734081],[-71.95975926375131,41.04477889946421],[-71.95982195074893,41.04472191255757],[-71.95988584365134,41.044662384392154],[-71.95994624737102,41.04460621101758],[-71.95995437784156,41.04459866601959],[-71.95996363671138,41.04459114092023],[-71.95997402279103,41.04458363569832],[-71.95998212818883,41.044576944120294],[-71.95999028612422,41.044568544839514],[-71.96000061965835,41.04456274731734],[-71.96000993108433,41.04455351361179],[-71.9600214443642,41.04454602826338],[-71.960031805364,41.04453937645817],[-71.96004219142782,41.04453187123005],[-71.96005029562335,41.0445251796262],[-71.96006288475618,41.04451942187425],[-71.9600720910932,41.04451360356811],[-71.9600824771761,41.044506097436134],[-71.96009278562701,41.0445011533277],[-71.96010548101319,41.04449198018746],[-71.96011696801739,41.044485348230445],[-71.9601318652819,41.04447792254314],[-71.96014450812295,41.04447045710089],[-71.96015717608117,41.044462136434795],[-71.96016866307508,41.04445550447261],[-71.96018248565169,41.04444635120009],[-71.96019628194364,41.04443805222721],[-71.96020779521007,41.04443056595983],[-71.96022159268468,41.04442226700485],[-71.96023197873637,41.044414760859254],[-71.9602434931838,41.04440727460927],[-71.96025728946002,41.044398975629015],[-71.96026767550403,41.04439146948015],[-71.9602803433763,41.04438315060086],[-71.96029421845371,41.04437228961242],[-71.9603069126537,41.044363114628446],[-71.96032073400295,41.04435396131824],[-71.96033112119405,41.0443464560848],[-71.96034153466172,41.044338096549126],[-71.96035312664752,41.04432805006374],[-71.96036582196454,41.04431887689454],[-71.96037854239509,41.04430884850144],[-71.96039239000135,41.04429884088123],[-71.96040277717572,41.04429133564127],[-71.96041324193712,41.044281269275736],[-71.96042478140193,41.04427292958531],[-71.96043524737388,41.04426286233851],[-71.960444531203,41.04425448377798],[-71.96045725279842,41.04424445539701],[-71.96046653664988,41.04423607593444],[-71.96047582284939,41.04422769741328],[-71.96048856949508,41.044216815606696],[-71.96049903423173,41.04420674923321],[-71.96051180830756,41.044195014043765],[-71.96052573467155,41.04418244440333],[-71.96053958339053,41.0441724376864],[-71.9605511765341,41.04416239030156],[-71.96056617872578,41.044151549152424],[-71.96058007879462,41.04413983380677],[-71.96059620939755,41.04412901164674],[-71.96060895597678,41.044118130726865],[-71.96062162497074,41.04410981093038],[-71.96063434526717,41.04409978430909],[-71.96064934743107,41.044088943149134],[-71.96066432337076,41.04407895448815],[-71.96067935296082,41.0440672599439],[-71.96069545606669,41.04405729205041],[-71.9607081238491,41.044048972223415],[-71.96073461523139,41.0440314990766],[-71.96075884981661,41.04401398614074],[-71.96078533998246,41.04399651296118],[-71.96081067549848,41.04397987328585],[-71.96083721815404,41.04396069239151],[-71.96086252856036,41.0439449070272],[-71.96088899245501,41.04392828632475],[-71.96091548252468,41.04391081401531],[-71.96094081797527,41.04389417431117],[-71.96096841019161,41.04387757438029],[-71.96099710332389,41.043861848612586],[-71.96102356709635,41.04384522967947],[-71.96105233782109,41.04382694097221],[-71.96107987863226,41.04381204963868],[-71.96113393333661,41.04377882979461]]},"properties":{"Zone":2,"Object_ID":337}},{"type":"Feature","id":338,"geometry":{"type":"LineString","coordinates":[[-71.96113393333661,41.04377882979461],[-71.96122625272885,41.04385905109384]]},"properties":{"Zone":2,"Object_ID":338}},{"type":"Feature","id":339,"geometry":{"type":"LineString","coordinates":[[-71.96122625272885,41.04385905109384],[-71.96258986644176,41.043107368427684],[-71.96261625082207,41.043093310233225],[-71.96264376359501,41.04307927100566],[-71.9626690195768,41.04306519292595],[-71.96269419685893,41.04305367594669],[-71.96272058241247,41.04303961684901],[-71.96274694049076,41.04302641292666],[-71.96277557917766,41.04301239439792],[-71.96280303941774,41.043000062836306],[-71.96291287900382,41.04295073920391],[-71.96293003119713,41.04294335197346],[-71.96294490158321,41.04293677932326],[-71.96296205374168,41.04292939298822],[-71.9629781037671,41.042921132478625],[-71.96299297533238,41.04291455984313],[-71.96301015372374,41.04290631919872],[-71.9630238706932,41.042900580091775],[-71.96304107529295,41.042891486040695],[-71.96305602433108,41.04288235226986],[-71.96307089469094,41.04287577960339],[-71.96308697328315,41.042866665718414],[-71.96310415167804,41.04285842415974],[-71.96311910069998,41.04284929038067],[-71.96313630527335,41.042840196315346],[-71.96315007464717,41.042832750389216],[-71.96316615084,41.04282363645123],[-71.9633879787013,41.042691707545345],[-71.9634213117954,41.04267179086122]]},"properties":{"Zone":2,"Object_ID":339}},{"type":"Feature","id":340,"geometry":{"type":"LineString","coordinates":[[-71.9634213117954,41.04267179086122],[-71.96346849282693,41.042641867096386],[-71.96351446919637,41.042614483695864],[-71.96356159769935,41.042586267597194],[-71.9636110365309,41.04255638352281],[-71.96365931839266,41.04252733202408],[-71.96370524213432,41.04250165715196],[-71.96375119085796,41.042475128838205],[-71.96380057592036,41.04244695146569],[-71.96397505981112,41.042350069277056]]},"properties":{"Zone":2,"Object_ID":340}},{"type":"Feature","id":341,"geometry":{"type":"LineString","coordinates":[[-71.96397505981112,41.042350069277056],[-71.96399913681239,41.04233767879127],[-71.96402326507692,41.04232357967433],[-71.96404734087058,41.04231118915753],[-71.96407028829184,41.04229877877649],[-71.96409436528432,41.04228638737051],[-71.96411728648644,41.042274830382425],[-71.96414367021178,41.042260771837],[-71.96416774598772,41.0422483803947],[-71.96419064212452,41.04223767771556],[-71.96421474405618,41.04222443376124],[-71.96423876734998,41.04221375090937],[-71.96426281689125,41.04220221284959],[-71.96428799473036,41.04219069644234],[-71.96431204422707,41.0421791592725],[-71.96433950264742,41.04216682732287],[-71.96436350089073,41.04215699786836],[-71.96444467019043,41.04212254593673],[-71.96448584643,41.04210447469503],[-71.9645258143984,41.04208894737134],[-71.964566990595,41.04207087610059],[-71.96461152321848,41.04205371953811],[-71.9646514923711,41.042038190391295],[-71.96469266725771,41.04202012085511],[-71.96473719984223,41.04200296334384],[-71.9647771939114,41.041986581630134],[-71.96482172764053,41.04196942410708],[-71.96486282383424,41.041953915618144],[-71.96490397244699,41.04193669850884],[-71.96494506860121,41.04192118999055],[-71.96498619214324,41.041904827175685],[-71.96502728825843,41.04188931862808],[-71.96506953892779,41.041872975612364],[-71.96510950783664,41.041857447206944],[-71.9651506051103,41.041841937736066],[-71.96519172733584,41.04182557572712],[-71.9652350789032,41.0418101058808],[-71.96527504773543,41.041794577417896],[-71.96531958001785,41.04177741968158],[-71.96536067597613,41.04176191101508],[-71.96540064477752,41.041746381608405],[-71.9654428690517,41.04173089275883],[-71.96548509333375,41.04171540299358],[-71.96552726398502,41.041701621798104],[-71.96556951560065,41.04168527861998],[-71.9656106102544,41.041669769843516],[-71.96565055392131,41.04165509467415],[-71.96569734031245,41.04163797733778],[-71.96573841113192,41.04162332106021],[-71.9657805828334,41.04160954069319],[-71.96583418811697,41.041590833687266],[-71.96588435949764,41.041573774900776],[-71.96593788729498,41.04155763077698],[-71.96598692908384,41.041540552083944],[-71.96604163761643,41.04152271824601],[-71.96609288245732,41.041507387773315],[-71.96614758971741,41.04148955476441],[-71.96620227193492,41.041472576053735],[-71.96625126240615,41.041457204975494],[-71.96630594219239,41.04144022617388],[-71.96635836881941,41.04142320773529],[-71.96640961472679,41.04140787624266],[-71.96646424208933,41.04139260417219],[-71.96651551409155,41.04137642012969],[-71.96656676111546,41.04136108858821],[-71.96662138837567,41.0413458173436],[-71.96667607038094,41.04132883750817],[-71.96672731614194,41.0413135058745],[-71.96678194332607,41.04129823455392],[-71.9668343173858,41.04128292270549],[-71.96688781857902,41.04126763064412],[-71.96693906302721,41.04125229979575],[-71.96699138346905,41.04123869556186],[-71.96704488456271,41.041223404327916],[-71.96709951397749,41.04120813289887],[-71.96715526936212,41.0411928803311],[-71.96720987137576,41.04117846223218],[-71.96726111689718,41.04116313036153],[-71.96731341101479,41.04115038028529],[-71.96736801295904,41.04113596211162],[-71.96742371703745,41.04112241804223],[-71.96747603846637,41.041108813609654]]},"properties":{"Zone":2,"Object_ID":341}},{"type":"Feature","id":342,"geometry":{"type":"LineString","coordinates":[[-71.96747603846637,41.041108813609654],[-71.96857518634097,41.040846196234924],[-71.96922380257618,41.040741394874196]]},"properties":{"Zone":2,"Object_ID":342}},{"type":"Feature","id":343,"geometry":{"type":"LineString","coordinates":[[-71.96922380257618,41.040741394874196],[-71.96994994719857,41.040684082524066]]},"properties":{"Zone":2,"Object_ID":343}},{"type":"Feature","id":344,"geometry":{"type":"LineString","coordinates":[[-71.95797735983285,41.051748372398336],[-71.95797977347857,41.05174328911917],[-71.9579799312411,41.0517381669241],[-71.95798116376747,41.05173477142479],[-71.95798355112792,41.05173054154467],[-71.95798255527293,41.05172625285119],[-71.95798384039557,41.05172114965335],[-71.95798499520188,41.05172031617277],[-71.95798622772766,41.051716920673414],[-71.95798746144247,41.051713525194984],[-71.95799094982213,41.051710169511516],[-71.95799102870292,41.05170760841396],[-71.95799338974973,41.05170423283295],[-71.95799803296207,41.051700042768346],[-71.95799921289063,41.051698354967236],[-71.95800157393666,41.051694979386035],[-71.9580050372196,41.05169247712223],[-71.9580062697439,41.05168908162265],[-71.9580085518814,41.05168826803909],[-71.95801201394687,41.05168576665429],[-71.95801547722901,41.051683264390135],[-71.95801778567792,41.0516815965071],[-71.95802234997993,41.051679968439274],[-71.95802355619138,41.05167742723881],[-71.95802696568798,41.05167663265184],[-71.95802814680447,41.05167494487143],[-71.95802932670412,41.051673257970236],[-71.95803163515234,41.05167159008692],[-71.9580316877477,41.05166988238843],[-71.9580340225073,41.0516673602057],[-71.95803517731198,41.05166652672459],[-71.95803640983425,41.0516631312246],[-71.9580375909503,41.05166144344408],[-71.95803766982922,41.05165888234652],[-71.958038849756,41.051657194545],[-71.95803887606745,41.05165634024564],[-71.9580389549463,41.051653779148026],[-71.95803903385291,41.05165121715017],[-71.95803913904324,41.0516478017532],[-71.95802377675872,41.05152365922296],[-71.9581524991313,41.05137472075548],[-71.95815313023529,41.05135422837157],[-71.95895201385646,41.05113766030905],[-71.95883307116294,41.05089550748417],[-71.95785314592777,41.051164410930255],[-71.95773162368205,41.05111613560189],[-71.95762059786692,41.051020204779256]]},"properties":{"Zone":4,"Object_ID":344}},{"type":"Feature","id":345,"geometry":{"type":"LineString","coordinates":[[-71.95762059786692,41.051020204779256],[-71.95746724282448,41.050832972890504],[-71.95736295900801,41.050738015591854]]},"properties":{"Zone":4,"Object_ID":345}},{"type":"Feature","id":346,"geometry":{"type":"LineString","coordinates":[[-71.95736295900801,41.050738015591854],[-71.95707356754741,41.05035104149202],[-71.95699211066382,41.05017447457454]]},"properties":{"Zone":4,"Object_ID":346}},{"type":"Feature","id":347,"geometry":{"type":"LineString","coordinates":[[-71.95798550938949,41.05467274301561],[-71.95801757876485,41.054840749811355],[-71.95804125682727,41.054988104087414]]},"properties":{"Zone":2,"Object_ID":347}},{"type":"Feature","id":348,"geometry":{"type":"LineString","coordinates":[[-71.93141300328021,41.05887479992538],[-71.93142245387068,41.05886130069388],[-71.93141283992826,41.05877142767542],[-71.93148272265525,41.05866589040918],[-71.93150205728926,41.058552614910305]]},"properties":{"Zone":2,"Object_ID":348}},{"type":"Feature","id":349,"geometry":{"type":"LineString","coordinates":[[-71.9314957952629,41.05853627136968],[-71.93149257041571,41.05853108780973],[-71.93148934556903,41.058525904249734],[-71.93148499328255,41.05852070053399],[-71.93148176962629,41.05851551699503],[-71.93147854475308,41.0585103343349],[-71.9314764485378,41.05850517095148],[-71.93147322488291,41.05849998741224],[-71.93147000122852,41.05849480387294],[-71.93146677638536,41.058489620312265],[-71.93146355270389,41.058484437672924],[-71.93146032667244,41.05847925409081],[-71.93145597439135,41.05847405037386],[-71.93145275073955,41.05846886683406],[-71.93144837180296,41.058464517408744],[-71.93144514815222,41.05845933386866],[-71.93144192331273,41.058454150307256],[-71.93143751774907,41.05845065427322],[-71.9314332199186,41.0584437437933],[-71.93142883982375,41.05843939344575],[-71.93142671695753,41.05843508435326],[-71.93142123602587,41.058429861357745],[-71.93141683165415,41.05842636534411],[-71.93141247937994,41.058421161625525],[-71.93140925451672,41.05841597896338],[-71.93140487561462,41.05841162863615],[-71.93139939590397,41.058406404760575],[-71.93139386169007,41.05840288944728],[-71.93138950941922,41.05839768572779],[-71.93138400308146,41.058393315243194],[-71.93133035529966,41.05834024494648]]},"properties":{"Zone":2,"Object_ID":349}},{"type":"Feature","id":350,"geometry":{"type":"LineString","coordinates":[[-71.93133035529966,41.05834024494648],[-71.93129629160849,41.05831059000872],[-71.93126547939575,41.05828526523572],[-71.93122448889618,41.05826061233772],[-71.93118795606577,41.05823774776412],[-71.93115249856388,41.058216611942775],[-71.93111591486735,41.058195455072266],[-71.93106162678582,41.05816287502937]]},"properties":{"Zone":2,"Object_ID":350}},{"type":"Feature","id":351,"geometry":{"type":"LineString","coordinates":[[-71.93106162678582,41.05816287502937],[-71.93095179122422,41.05810196618619],[-71.93094290142379,41.058097536076616],[-71.93093288065205,41.058093084841346],[-71.93092288886734,41.05808778115629],[-71.93091281714996,41.05808503854547],[-71.93090282539612,41.05807973395849],[-71.93089275368077,41.058076991345956],[-71.93088383487334,41.058073414580946],[-71.93087376318786,41.05807067106656],[-71.93087153376963,41.058069777330374],[-71.93086707496153,41.058067988957795],[-71.93086146086785,41.058067034693835],[-71.93085587462782,41.05806522615908],[-71.9308525178058,41.05806431136058],[-71.93084803233424,41.05806337727906],[-71.93084241826931,41.05806242211397],[-71.93083906141955,41.05806150821529],[-71.93083344854425,41.05806055307108],[-71.93082780662589,41.05806045217589],[-71.93082444977641,41.05805953827677],[-71.93082219369464,41.058059498831504],[-71.93081768158716,41.058059418140445],[-71.93081204204755,41.05805931728698],[-71.9308075299401,41.05805923659555],[-71.93080414526491,41.058059176066195],[-71.93079850572529,41.05805907521209],[-71.93079619636977,41.058060742549564],[-71.93079168426225,41.0580606618575],[-71.93078604472257,41.05806056100279],[-71.93077924992421,41.05806129335559],[-71.93077586643822,41.05806123284672],[-71.93076909827698,41.05806111180734],[-71.93076455950413,41.05806188540598],[-71.93075894544054,41.0580609302369],[-71.93075440666759,41.058061703835165],[-71.93074879379341,41.058060748686835],[-71.93074430832351,41.0580598146013],[-71.93073866759471,41.05805971372302],[-71.93073412884965,41.05806048642032],[-71.93072741515336,41.058058658616524],[-71.93072290304612,41.05805857792178],[-71.93071841757671,41.05805764383525],[-71.93071283134142,41.05805583529354]]},"properties":{"Zone":2,"Object_ID":351}},{"type":"Feature","id":352,"geometry":{"type":"LineString","coordinates":[[-71.93071283134142,41.05805583529354],[-71.93059241702318,41.05800840509948],[-71.9305891667939,41.05800407582683],[-71.93058360604505,41.05800141296579],[-71.93058255856084,41.05799883172642],[-71.93057705109206,41.05799446208193],[-71.93057264679379,41.057990966035845],[-71.93057044405018,41.057989218002135],[-71.93056716599422,41.05798574209911],[-71.9305628126263,41.057980538326746],[-71.93056060988336,41.0579787902928],[-71.93055953576044,41.057977062444806],[-71.93055741296558,41.057972753335854],[-71.93055300748046,41.05796925726777],[-71.93054978392382,41.05796407370212],[-71.93054758118176,41.05796232566796],[-71.93054432976838,41.05795799637267],[-71.93054325564628,41.05795626852449],[-71.93054228695165,41.05795112528829],[-71.93053898342005,41.0579485036975],[-71.93053686065548,41.05794419368796],[-71.9305357865338,41.057942465839716],[-71.93053366255228,41.05793815670903],[-71.93053159306888,41.05793213991622],[-71.93053059770713,41.057927850971666],[-71.93052842163512,41.0579252486453],[-71.93052737415425,41.057922667405386],[-71.9305252780316,41.05791750400401],[-71.93052428267045,41.0579132150594],[-71.93052336847595,41.05790636416086],[-71.93052135230329,41.05789863968445],[-71.93054601600885,41.05783159190937]]},"properties":{"Zone":2,"Object_ID":352}},{"type":"Feature","id":353,"geometry":{"type":"LineString","coordinates":[[-71.93054601600885,41.05783159190937],[-71.93052634210825,41.05777485681102],[-71.93053530502378,41.057740844381925],[-71.93054544863617,41.057705145333486],[-71.93055215308543,41.05767109340935],[-71.9305555285326,41.0576352742071],[-71.93055662129841,41.0576002680455],[-71.93055435492003,41.057564346133574],[-71.93051469779205,41.05749700269166]]},"properties":{"Zone":2,"Object_ID":353}},{"type":"Feature","id":354,"geometry":{"type":"LineString","coordinates":[[-71.95532012991829,41.07298441273559],[-71.95531187465255,41.07304093414204],[-71.95550427290355,41.0730307822006],[-71.95563091074136,41.073041642542826],[-71.95566817854275,41.07304722856444],[-71.95574426553206,41.07306089137637],[-71.9558091928376,41.07306696501672],[-71.9558856216213,41.07306954711323],[-71.95597022373515,41.07307104136335],[-71.95605168514376,41.073068784530776]]},"properties":{"Zone":2,"Object_ID":354}},{"type":"Feature","id":355,"geometry":{"type":"LineString","coordinates":[[-71.9560810846235,41.073065608199116],[-71.95616095669047,41.07306209106977],[-71.95621638831113,41.073059374430635],[-71.95630454757097,41.07305107584709],[-71.956409204074,41.07303567740039],[-71.95647311145854,41.073022023646],[-71.95653868290127,41.07300716708775],[-71.9566143206377,41.07298263281902],[-71.95667841654087,41.072962822427066],[-71.95675757328853,41.07292972694136],[-71.95681694139225,41.07290490530187],[-71.95684838438234,41.072888213896015],[-71.956883271716,41.0728654243346],[-71.95694116422932,41.07283564887996],[-71.95699621953653,41.07279227325482],[-71.95702475059583,41.07276444284133],[-71.9570532816035,41.07273661332085],[-71.95708514310051,41.07270637828217],[-71.95711878245118,41.07267124781526],[-71.95715068065428,41.072639781256186],[-71.95716763310624,41.07261790718126],[-71.95719499327421,41.07257527385104],[-71.95723234128025,41.072525425705756],[-71.9572642405488,41.07249395913527],[-71.95729621445027,41.07246003137318],[-71.95731952302735,41.07244319626716],[-71.95734271776074,41.072430054699346],[-71.95737413487815,41.07240781891999],[-71.9574485988354,41.07234143422202],[-71.9575165114042,41.072284063300785],[-71.95759267442106,41.07222792148082],[-71.95769347870393,41.07213621097636],[-71.95778952778848,41.072060535314804],[-71.95787865471722,41.07199833612552],[-71.95903319986458,41.07149416074399],[-71.95999573470563,41.07055261590798],[-71.96013378916116,41.07002795463004]]},"properties":{"Zone":2,"Object_ID":355}},{"type":"Feature","id":356,"geometry":{"type":"LineString","coordinates":[[-71.96013378916116,41.07002795463004],[-71.95964396500337,41.068557645321434]]},"properties":{"Zone":2,"Object_ID":356}},{"type":"Feature","id":357,"geometry":{"type":"LineString","coordinates":[[-71.95964396500337,41.068557645321434],[-71.96017258110628,41.06726246636151],[-71.96054266113464,41.06590981966703],[-71.96162470966257,41.06416135956104]]},"properties":{"Zone":2,"Object_ID":357}},{"type":"Feature","id":358,"geometry":{"type":"LineString","coordinates":[[-71.96162470966257,41.06416135956104],[-71.96136386641405,41.06317348448298],[-71.96036458968535,41.0617540022091]]},"properties":{"Zone":2,"Object_ID":358}},{"type":"Feature","id":359,"geometry":{"type":"LineString","coordinates":[[-71.96036458968535,41.0617540022091],[-71.96018832814856,41.061503154900755],[-71.95995474853757,41.06117099332038],[-71.95964518595693,41.05986018993566],[-71.95950344397998,41.05925798270945],[-71.95811102489175,41.05554462148745]]},"properties":{"Zone":2,"Object_ID":359}},{"type":"Feature","id":360,"geometry":{"type":"LineString","coordinates":[[-71.95811102489175,41.05554462148745],[-71.95807153500833,41.05528763888459],[-71.95804282232795,41.055120546132024],[-71.95804125682727,41.054988104087414]]},"properties":{"Zone":2,"Object_ID":360}},{"type":"Feature","id":361,"geometry":{"type":"LineString","coordinates":[[-71.95798249305554,41.054660729400325],[-71.95798307161662,41.054641945630735],[-71.95798546131732,41.054600982594174],[-71.95798848220018,41.05453952718956],[-71.95798693858212,41.05447969984952],[-71.95798867312212,41.05442334671647],[-71.95798946433501,41.05436099809477],[-71.95799418887601,41.05431751287501]]},"properties":{"Zone":3,"Object_ID":361}},{"type":"Feature","id":362,"geometry":{"type":"LineString","coordinates":[[-71.95799418887601,41.05431751287501],[-71.95799726005158,41.05429108473134],[-71.95800565722958,41.054238265537286],[-71.95801423841719,41.05417947165139],[-71.95801694485732,41.05412826244583],[-71.95802111934691,41.05406597353204],[-71.95802854568068,41.054008012222965],[-71.95803930505615,41.05395181926439],[-71.95804374026662,41.053917725924975],[-71.95805032501819,41.05388708777405],[-71.95805426175491,41.05386921713189],[-71.95805806923542,41.053818881217126],[-71.95807677510123,41.053761119874146],[-71.95809180841282,41.05371268980394],[-71.9581110654195,41.05367373306715],[-71.958117519832,41.05364736372585],[-71.95813092603566,41.053615138231905],[-71.9581381671679,41.053599887491195],[-71.95815264814999,41.05356938868796],[-71.95817324281555,41.05352362104419],[-71.95821059849492,41.05348327326705],[-71.95822618165984,41.053453648669034],[-71.95823811860716,41.05343250195189],[-71.95824667105629,41.05341129640672],[-71.95824402287128,41.0533873289095],[-71.95823017398142,41.05336060216],[-71.95822611039303,41.05334600667629]]},"properties":{"Zone":3,"Object_ID":362}},{"type":"Feature","id":363,"geometry":{"type":"LineString","coordinates":[[-71.95822611039303,41.05334600667629],[-71.95818578110959,41.053116346267686],[-71.95817864741063,41.05309144664439],[-71.95816776450036,41.053041706225],[-71.95815462570856,41.052991925991265],[-71.9581476510318,41.052961902392084],[-71.95814749542512,41.05293029141209],[-71.95814970089985,41.052895304848654],[-71.95815140680598,41.052876539165865]]},"properties":{"Zone":3,"Object_ID":363}},{"type":"Feature","id":364,"geometry":{"type":"LineString","coordinates":[[-71.95797822418204,41.051756930787995],[-71.95796510871182,41.051779765308446],[-71.95796098918768,41.05180361247166],[-71.95795204117002,41.05183762617067],[-71.95794553427014,41.05186570321235],[-71.95794679199011,41.051898188418654],[-71.95794909697568,41.051933254599014],[-71.95795263568495,41.05196492530114],[-71.95795415639836,41.05198887201507],[-71.9579577476829,41.05201883591855],[-71.95795677466953,41.052050426986796]]},"properties":{"Zone":3,"Object_ID":364}},{"type":"Feature","id":365,"geometry":{"type":"LineString","coordinates":[[-71.95795677466953,41.052050426986796],[-71.95795651168153,41.05205896547826],[-71.95795564505144,41.05208714117062],[-71.95795637561486,41.05213670333676],[-71.95795844509969,41.052179454628096],[-71.95796843585559,41.05222149096671],[-71.95797247543956,41.0522369390041]]},"properties":{"Zone":3,"Object_ID":365}},{"type":"Feature","id":366,"geometry":{"type":"LineString","coordinates":[[-71.95797247543956,41.0522369390041],[-71.95797848041045,41.05226181962683],[-71.95799104264724,41.052293649589544],[-71.9580023197632,41.05233058274795],[-71.95802104481115,41.052382170232775],[-71.95803898440217,41.05242263822894],[-71.95805498249076,41.05245282109743],[-71.95807418094083,41.052489040188995],[-71.95809031293997,41.05251495339861],[-71.95809563651075,41.052525298211634],[-71.95810838172993,41.05255115164526],[-71.95810945767182,41.052552879260695],[-71.95810940507776,41.052554586958856],[-71.95811047983058,41.05255631455333],[-71.95811045351971,41.0525571688525],[-71.9581126317148,41.05255976978415],[-71.95811145177385,41.05256145758604],[-71.95811252652685,41.05256318518049],[-71.95811247393286,41.05256489287863],[-71.95811239505575,41.05256745397576],[-71.95811231615086,41.05257001597307],[-71.95811228986773,41.05257086937208],[-71.95811336581012,41.05257259698747],[-71.95811444056335,41.05257432458188],[-71.95811436168628,41.05257688567901],[-71.95811546391192,41.05257775989543],[-71.95811764091866,41.052580360805976],[-71.95811756201398,41.052582922803325],[-71.95811858420137,41.052586357195636],[-71.95812073489782,41.05258981240531],[-71.9581229118775,41.05259241421596],[-71.95812506257437,41.05259586942559],[-71.95812723958207,41.052598470335965],[-71.95813054393766,41.0526010911424],[-71.95813269463521,41.052604546351816]]},"properties":{"Zone":3,"Object_ID":366}},{"type":"Feature","id":367,"geometry":{"type":"LineString","coordinates":[[-71.95813269463521,41.052604546351816],[-71.95813597386993,41.052608021478285],[-71.95815582983477,41.052622893878066],[-71.95817004547168,41.05263766763327],[-71.95817762611235,41.05264805317581],[-71.95818022167921,41.05267372747666],[-71.95818158352495,41.05270279725699],[-71.95817030189632,41.05273933317174],[-71.95816043806997,41.05276649621225],[-71.9581529341237,41.052790283647354],[-71.9581473705041,41.0528243570831],[-71.95815421372505,41.05285864857817],[-71.95815140680598,41.052876539165865]]},"properties":{"Zone":3,"Object_ID":367}},{"type":"Feature","id":368,"geometry":{"type":"LineString","coordinates":[[-71.93227343614781,41.05973079566662],[-71.93226572676707,41.05972467812491],[-71.93225804284529,41.0597177062696],[-71.93225146211755,41.05971160889626],[-71.93224265073815,41.05970461689171],[-71.93223606882384,41.059698519496266],[-71.93223168856534,41.05969417008065],[-71.93222400583997,41.05968719824426],[-71.9322184460736,41.05968453548411],[-71.93221189078281,41.05967758469563],[-71.93220748509721,41.05967408869191],[-71.9322008765697,41.059668844686016],[-71.93219646969595,41.05966534866061],[-71.93218876032996,41.05965923111366],[-71.93218322718702,41.05965571496023],[-71.93217661866328,41.05965047095295],[-71.93216778065192,41.059644333234445],[-71.93216114551056,41.059639942617856],[-71.93215453577278,41.05963469948822],[-71.93214457030628,41.05962854161873],[-71.93214016459939,41.0596250465126],[-71.93213242862296,41.059619782353494],[-71.9321258201068,41.05961453834326],[-71.93211918494313,41.059610148624415],[-71.93211472718707,41.0596083603218],[-71.93210696221534,41.05960394951006],[-71.93209586929909,41.059597771486764],[-71.93209036159774,41.059593401915976],[-71.932082572359,41.05958984543686],[-71.93207703922745,41.059586329278304],[-71.93206927542208,41.05958191938542],[-71.93205925553961,41.059577468270504],[-71.93205484986875,41.05957397226093],[-71.93202261631404,41.05955802025586],[-71.9318165614957,41.05965087393153],[-71.93154700634777,41.05931886395603],[-71.93124946536818,41.05895084444938],[-71.93141336367113,41.058874500128965]]},"properties":{"Zone":3,"Object_ID":368}},{"type":"Feature","id":369,"geometry":{"type":"LineString","coordinates":[[-71.93051469779205,41.05749700269166],[-71.93028400764801,41.057656048922325],[-71.9298964173974,41.05792420115074],[-71.92990904838766,41.05795347306461],[-71.92986285305918,41.0580594332355],[-71.9297424552025,41.05819225870401],[-71.92960224582471,41.05812824258581]]},"properties":{"Zone":2,"Object_ID":369}},{"type":"Feature","id":370,"geometry":{"type":"LineString","coordinates":[[-71.92960224582471,41.05812824258581],[-71.9295691783174,41.058102876090565],[-71.92942777971386,41.057896171309395],[-71.92919989709337,41.05778445429648],[-71.9289717218378,41.057682128636955],[-71.92875273268267,41.057574841041955],[-71.9285304117357,41.05746578563026],[-71.9284600558945,41.05751407561528]]},"properties":{"Zone":2,"Object_ID":370}},{"type":"Feature","id":371,"geometry":{"type":"LineString","coordinates":[[-71.90803516443307,41.060627199216334],[-71.90802705304958,41.06063388625009],[-71.90802254079486,41.06063380467031],[-71.90801582630345,41.06063197462844],[-71.9080135982966,41.060631080474074],[-71.90801139606013,41.060629332012084],[-71.90800578207876,41.06062837663997],[-71.90800132371542,41.060626587387574],[-71.90799796707917,41.0606256719267],[-71.90799576484333,41.060623923464426],[-71.90799127952072,41.0606229884976],[-71.90799023290307,41.06062040615524],[-71.90798687386024,41.06061949155128],[-71.90798354415615,41.06061772270418],[-71.90798024019443,41.060615100449695],[-71.90797693742232,41.0606124782166],[-71.90797470822739,41.06061158403992],[-71.90797253295264,41.06060898129119],[-71.90796923018115,41.06060635905788],[-71.90795172009302,41.060588956010406],[-71.90794401166761,41.060582836828445],[-71.90793968802627,41.060576778844116],[-71.90793313522119,41.06056982578196],[-71.90792983245322,41.06056720354748],[-71.90792661053904,41.060562019355075],[-71.90792003077604,41.06055592057818],[-71.9079179093984,41.06055161015654],[-71.90791575987096,41.06054815399934],[-71.90791033569954,41.06054122224281],[-71.90790491036834,41.06053428956429],[-71.90780573975428,41.060350531469425]]},"properties":{"Zone":3,"Object_ID":371}},{"type":"Feature","id":372,"geometry":{"type":"LineString","coordinates":[[-71.90731034888304,41.055768516961514],[-71.90730935505584,41.05576422781518],[-71.90730951677054,41.055759104794696],[-71.90730959761369,41.055756543734574],[-71.90730745065187,41.055753087605225],[-71.9073075315235,41.05575052564486],[-71.9073076123667,41.05574796458468],[-71.90730543724928,41.05574536272062],[-71.90730328909878,41.055741906569644],[-71.90730221442901,41.05574017848339],[-71.90730119485359,41.055736742745154],[-71.90730014715075,41.055734160372026],[-71.90729797203406,41.055731558507794],[-71.9072958238844,41.05572810235665],[-71.90729475040428,41.055726374291865],[-71.90729260225498,41.05572291814064],[-71.90729045288825,41.05571946286811],[-71.90729047985513,41.05571860858128],[-71.90728717735419,41.05571598632545],[-71.90728392759819,41.05571165547433],[-71.90728169857736,41.05571076128325],[-71.90727845001123,41.05570643045351],[-71.90727742921993,41.05570299559368],[-71.90727522716652,41.05570124711567],[-71.9072719516342,41.05569777057254],[-71.90726870306932,41.05569343974247],[-71.90726878391399,41.055690878682306],[-71.90726663576714,41.05568742253063],[-71.90726558803794,41.05568484105736],[-71.9072645942433,41.05568055101038],[-71.90726351957551,41.05567882292371],[-71.90726252694188,41.055674533798445],[-71.90726145227428,41.05567280571176],[-71.90726045964084,41.055668516586415],[-71.90725833843408,41.05566420704793],[-71.90725841930747,41.055661645087575],[-71.90725745364173,41.055656501675344],[-71.90725756145406,41.05565308632833],[-71.90725761536022,41.05565137865481],[-71.90725662153811,41.055647089507936],[-71.90725670238314,41.055644528447765],[-71.90725683716276,41.055640258813895],[-71.90725686410163,41.055639405427264],[-71.90725702582012,41.055634282406665],[-71.90725716057125,41.05563001367299],[-71.90725724144467,41.055627451712624],[-71.90725963215223,41.05562322378379],[-71.90726204982666,41.05561814156805],[-71.90726218457743,41.05561387283432],[-71.90726460225137,41.05560879061851],[-71.90726589016322,41.05560368796802],[-71.90726715348619,41.05559943964738],[-71.90726951725335,41.05559606510503],[-71.90727190795901,41.05559183717588],[-71.90727432563139,41.05558675495985],[-71.90727668939773,41.05558338041733],[-71.90727907891326,41.05557915246655],[-71.90728259821807,41.05557494404997],[-71.90728501586061,41.05556986273386],[-71.90728848007005,41.05556736196919],[-71.90729202634044,41.05556229926543],[-71.90729551748758,41.055558945113845],[-71.90729669996436,41.05555725785311],[-71.90730019108258,41.05555390460156],[-71.90730252790824,41.05555138344516],[-71.90730379003861,41.05554713510255],[-71.90730840975587,41.05554380136334],[-71.90730849059878,41.055541240303064],[-71.90731198293321,41.055537886172424],[-71.90731550104452,41.05553367773336],[-71.90731558188716,41.05553111667308],[-71.90731907303146,41.05552776252071],[-71.90732036331593,41.05552265991256],[-71.90732154460225,41.05552097263003],[-71.9073227540157,41.0555184319823],[-71.90732517168152,41.055513349765114],[-71.90732640687176,41.055509954808954],[-71.9073276162848,41.05550741416119],[-71.90732887841276,41.05550316581827],[-71.907330087854,41.055500624270266],[-71.90733134998162,41.05549637592732],[-71.90733143085201,41.05549381396682],[-71.90733269416869,41.055489565645395],[-71.90733395629594,41.055485317302406],[-71.90733521964071,41.05548106808074],[-71.90733530048253,41.055478507020396],[-71.9073343336242,41.05547336358709],[-71.90733559694031,41.05546911526559],[-71.90733683212923,41.055465720309286]]},"properties":{"Zone":3,"Object_ID":372}},{"type":"Feature","id":373,"geometry":{"type":"LineString","coordinates":[[-71.91208124453432,41.0624284814629],[-71.91205914096987,41.06241356050402],[-71.91203709001455,41.062396931846436],[-71.9120172146185,41.062382904055795],[-71.91199288061448,41.06236708806399],[-71.91197190342885,41.062352186512115],[-71.91194869816381,41.0623363899779],[-71.91192653967923,41.062323176644895],[-71.91190449000491,41.06230654708292],[-71.91188233037813,41.0622933328197],[-71.91185802453921,41.06227666253408],[-71.91183702050152,41.062262615244016],[-71.91181268777396,41.06224679923534],[-71.91178837956257,41.06223012979215],[-71.9117673229768,41.062217789283494],[-71.91174186159616,41.06220195289054],[-71.9117197020367,41.06218873859587],[-71.91169649688898,41.062172942010456],[-71.91167433850929,41.06215972862869],[-71.91165220824102,41.062145660977464],[-71.91162781945133,41.06213155165926],[-71.91160679100153,41.06211835775623],[-71.91158017293779,41.06210335432146],[-71.91155801579387,41.062090140938636],[-71.91153362820565,41.06207603252208],[-71.91151149683418,41.06206196392204],[-71.91148820987335,41.062048729232366],[-71.91146715340099,41.06203638866859],[-71.91144053656276,41.06202138612304],[-71.911415020342,41.062007257308906],[-71.91139286329144,41.06199404299396],[-71.91136732020288,41.06198076755547],[-71.91134403448866,41.061967532858034],[-71.91133850225869,41.06196401571001],[-71.91133288927728,41.061963061421274],[-71.91132625409448,41.06195866959121],[-71.91132295112308,41.061956047454466],[-71.91131629021343,41.06195250993185],[-71.91131188547858,41.061949013134644],[-71.9113063532519,41.061945495985086],[-71.91130189471095,41.06194370686033],[-71.91129751686691,41.06193935667624],[-71.91129085596027,41.06193581915212],[-71.91128755180206,41.06193319699291],[-71.91128091781457,41.06192880518168],[-71.91127538440185,41.06192528800918],[-71.91127098083197,41.061921792132054],[-71.91126767670366,41.06191916907202],[-71.9112633257817,41.06191396460012],[-71.91125776664218,41.06191130173469],[-71.9112511326305,41.06190691082199],[-71.91125011156628,41.06190347510205],[-71.91124347758425,41.06189908328868],[-71.91123794417598,41.061895566114345],[-71.91123469502004,41.06189123630216],[-71.9112303441025,41.06188603182899],[-71.91122478496666,41.06188336896198],[-71.91122156154158,41.061878184841454],[-71.91121828549713,41.06187470841516],[-71.91121057662073,41.06186858945265],[-71.9112062256782,41.061863385878716],[-71.91120297533656,41.06185905604422],[-71.91119859872232,41.061854704977584]]},"properties":{"Zone":3,"Object_ID":373}},{"type":"Feature","id":374,"geometry":{"type":"LineString","coordinates":[[-71.92696836051326,41.072452017474454],[-71.92662632544985,41.07237925806538],[-71.92569399110378,41.07194224975469],[-71.92534787581658,41.07185574518621]]},"properties":{"Zone":4,"Object_ID":374}},{"type":"Feature","id":375,"geometry":{"type":"LineString","coordinates":[[-71.91533021370546,41.067582900537964],[-71.91532392913425,41.06756741046545],[-71.9153177496318,41.067548504104764],[-71.9153092880592,41.0675304123037],[-71.91530415795455,41.06751408825688],[-71.91529674226794,41.067498576904946],[-71.91529056513023,41.06747967148553],[-71.91528323118949,41.067461599095466],[-71.91527705168022,41.067442693632316],[-71.91526037151378,41.06739882416784],[-71.91525526711094,41.06738164581055],[-71.91525010897263,41.067366176025615],[-71.91524605277081,41.06735157996179],[-71.9152397402109,41.067336943248584],[-71.9152356840132,41.06732234718429],[-71.91523388417619,41.0673077917691],[-71.91522880662819,41.067289760024174],[-71.91522472356645,41.06727601824565],[-71.91522182182906,41.06726058820833],[-71.91521784619164,41.06724343108448],[-71.91521491877727,41.06722885535463],[-71.91521196211589,41.06721513386817],[-71.9152102171871,41.06719887080115],[-71.91520511281264,41.067181692440826],[-71.91520339353826,41.06716457596599],[-71.91520274816428,41.067149186577645],[-71.91519906793442,41.06712263770386],[-71.9151968921341,41.067120035995174],[-71.9151959244961,41.06711489264186],[-71.91519608562908,41.06710976962425],[-71.91519506546975,41.06710633396484],[-71.91519407215188,41.06710204491929],[-71.9151942064436,41.06709777528786],[-71.91519431383733,41.067094360842965],[-71.91519331816913,41.06709007085431],[-71.91519347930225,41.067084947836626],[-71.9151935867243,41.06708153249156],[-71.9151937209877,41.06707726376028],[-71.91519388212075,41.06707214074265],[-71.91519398954276,41.06706872539754],[-71.9151941238061,41.06706445666623],[-71.91519428493909,41.067059333648565],[-71.91519549426134,41.06705679292557],[-71.91519562852457,41.067052524194246],[-71.9151957896574,41.067047401176566],[-71.91519705152913,41.067043151859345],[-71.91519603134246,41.06703971710014],[-71.91519844763539,41.067034634711],[-71.91519968382659,41.06703123970157],[-71.9152009188282,41.06702784467065],[-71.91520105311933,41.06702357503912],[-71.9152034706007,41.06701849267131],[-71.91520360489164,41.06701422303975],[-71.91520599550304,41.067009994958276],[-71.91520723169342,41.0670065999487],[-71.91520962230425,41.0670023718671],[-71.91521085730488,41.066998976836125],[-71.91521211914639,41.06699472841887],[-71.91521448291545,41.066991353723374],[-71.91521690039465,41.06698627135526],[-71.91521818910486,41.06698116865153],[-71.91522060658343,41.06697608628333],[-71.91522076768584,41.06697096416569],[-71.91522090197557,41.066966694534074],[-71.91522106310626,41.066961571516266],[-71.91522235178735,41.06695646971266],[-71.91522251291788,41.06695134669482],[-71.9152226740484,41.066946223676936],[-71.91522162702095,41.06694364230409],[-71.91522176131059,41.066939372672465],[-71.91522079367334,41.06693422931907],[-71.91522095477563,41.066929107201425],[-71.91521886074977,41.066923943555395]]},"properties":{"Zone":2,"Object_ID":375}},{"type":"Feature","id":376,"geometry":{"type":"LineString","coordinates":[[-71.91521886074977,41.066923943555395],[-71.91519468458013,41.06686712467532],[-71.91519043925756,41.06685850499054],[-71.91518737638518,41.06684819886891],[-71.9151820852583,41.06683699693173],[-71.91518012431277,41.06682756453193],[-71.91517706263284,41.06681725843141],[-71.91517399860328,41.066806951387726],[-71.91516980937756,41.06679662407224],[-71.91516674651125,41.06678631794994],[-71.91516481243926,41.06677603126334],[-71.91516400710454,41.06676576581296],[-71.91516209987523,41.066754625740046],[-71.9151601646155,41.06674433903191],[-71.91515935812076,41.06673407265976],[-71.91514888120297,41.06667237555329],[-71.91514678600147,41.06666721188426],[-71.9151480221884,41.066663816875064],[-71.91514821016575,41.06665784047074],[-71.9151483713013,41.06665271745258],[-71.91514737683214,41.06664842748453],[-71.91514863988878,41.0666441781889],[-71.91514880102427,41.06663905517074],[-71.91514896215973,41.06663393215263],[-71.9151490964251,41.06662966342097],[-71.9151503851336,41.06662456071752],[-71.91515051939885,41.06662029198588],[-71.91515178242649,41.06661604359033],[-71.91515304310342,41.06661179425171],[-71.91515320423848,41.066606671233565],[-71.91515675044214,41.06660161010251],[-71.91515688473527,41.066597340470594],[-71.91515820028415,41.06659138438084],[-71.9151607520176,41.06658203328163],[-71.91516322319741,41.06657524324136],[-71.915165748088,41.0665667455283],[-71.91516709047701,41.06655993605208],[-71.91516961536651,41.0665514383389],[-71.91516983021133,41.0665446076479],[-71.91517240878277,41.06653440316204],[-71.91517372554678,41.06652844619321],[-71.91517394036279,41.06652161640232],[-71.91517528277834,41.06651480602577],[-71.91517442257295,41.06650624732594],[-71.91517692058986,41.06649860389898],[-71.91517721598608,41.06648921214876],[-71.91517745769957,41.06648152717115],[-71.915177699413,41.06647384219348]]},"properties":{"Zone":2,"Object_ID":376}},{"type":"Feature","id":377,"geometry":{"type":"LineString","coordinates":[[-71.915177699413,41.06647384219348],[-71.91517568476779,41.06646611746561],[-71.91517600700537,41.06645587232903],[-71.91517624871888,41.06644818735137],[-71.9151786661529,41.066443105883536],[-71.91518000856634,41.06643629550679],[-71.9151812972687,41.06643119280282],[-71.91518145840112,41.0664260697844],[-71.91518161953356,41.06642094676594],[-71.91518524511592,41.066413323653094],[-71.91518537937851,41.0664090549211],[-71.91518785054934,41.06640226488004],[-71.91518916609158,41.066396308789656],[-71.91519048285134,41.06639035182042],[-71.91519292715155,41.06638441606574],[-71.91519531774085,41.06638018798382],[-71.915196633282,41.066374231893285],[-71.91520136077729,41.06636748250188],[-71.91520375139382,41.06636325351955],[-71.9152050400646,41.06635815171542],[-71.91520866685856,41.06635052772295],[-71.91521105744573,41.066346299640664],[-71.91521570438688,41.06634211130781],[-71.91521932996103,41.06633448819372],[-71.91522284814333,41.066330279525054],[-71.91522757563277,41.0663235301325],[-71.91522996621774,41.06631930204982],[-71.91523348555964,41.06631509430244],[-71.9152393406147,41.066308365223286],[-71.91524285876605,41.066304157454226],[-71.91524637813465,41.06629994880624],[-71.91525220631846,41.06629407401296],[-71.91525685322505,41.06628988657862],[-71.9152615807082,41.06628313718458],[-71.91526732834059,41.066279823449804],[-71.9152696920814,41.06627644875261],[-71.91527208266197,41.06627222066897],[-71.91527554831877,41.06626971969303],[-71.91527796457754,41.06626463730129],[-71.91528143023378,41.06626213632512],[-71.91528151078175,41.06625957526584],[-71.91528277263299,41.06625532594689],[-71.91528519005183,41.066250244476585],[-71.91528639938407,41.06624770285199],[-71.91528766120646,41.066243454433135],[-71.91529007865279,41.066238372062564],[-71.91529015801102,41.06623581098183],[-71.91529026542672,41.06623239563595],[-71.91528927211573,41.06622810659027],[-71.91528827764385,41.066223816623],[-71.91528954065505,41.066219568225584],[-71.915289621231,41.06621700626605],[-71.91528859986283,41.06621357148553],[-71.91528760658062,41.066209281539635],[-71.9152877408362,41.06620501280739],[-71.91528677320451,41.06619986945366],[-71.91528688062031,41.066196454107754],[-71.91528475855499,41.066192144727175],[-71.9152837921131,41.06618700139487],[-71.91528277077403,41.066183565714084],[-71.91528177746433,41.06617927666831],[-71.9152796285599,41.06617582067404],[-71.91527863406108,41.0661715316068],[-71.91527651202539,41.06616722132584],[-71.91527549068694,41.06616378564496],[-71.91527452421793,41.06615864321274],[-71.91527127342833,41.06615431259671],[-71.91527022641152,41.06615173122377],[-71.91526697562247,41.06614740060762],[-71.91526482669163,41.06614394551323],[-71.9152575209635,41.06612501885061]]},"properties":{"Zone":2,"Object_ID":377}},{"type":"Feature","id":378,"geometry":{"type":"LineString","coordinates":[[-71.9152575209635,41.06612501885061],[-71.91513532455699,41.06577512112891],[-71.91498661868079,41.06544268495768],[-71.91482738677048,41.0651220193563],[-71.91464384537343,41.064784683756336]]},"properties":{"Zone":2,"Object_ID":378}},{"type":"Feature","id":379,"geometry":{"type":"LineString","coordinates":[[-71.91464384537343,41.064784683756336],[-71.9145988005636,41.0647095492348]]},"properties":{"Zone":2,"Object_ID":379}},{"type":"Feature","id":380,"geometry":{"type":"LineString","coordinates":[[-71.9145988005636,41.0647095492348],[-71.91459957900777,41.06464890784295],[-71.91460081399573,41.064645512816526],[-71.91460094829237,41.06464124408343],[-71.91460331200867,41.06463786939856],[-71.91460344630512,41.064633600665424],[-71.914604682482,41.06463020566042],[-71.91460476305413,41.0646276446006],[-71.9146048436546,41.06462508264059],[-71.91460492422675,41.06462252158075],[-71.91460401039538,41.0646156705461],[-71.91460409096754,41.06461310948626],[-71.91460191411188,41.06461050684323],[-71.91460207528468,41.06460538382334],[-71.91460110889061,41.06460024138359],[-71.91460003388701,41.064598513368736],[-71.91459901379721,41.06459507770205],[-71.9145968918561,41.06459076740701],[-71.914594769887,41.064586458012116],[-71.91459256734558,41.06458470967701],[-71.91459154725636,41.064581274010244],[-71.91458829656035,41.064576944273576],[-71.91458612089595,41.06457434165163],[-71.91458507393068,41.06457176027155],[-71.9145795669704,41.064567389872614],[-71.91450648119691,41.064594264843905],[-71.91446103325701,41.06449605678364],[-71.91453481788758,41.064482862668896],[-71.9145225960592,41.06440490146272]]},"properties":{"Zone":2,"Object_ID":380}},{"type":"Feature","id":381,"geometry":{"type":"LineString","coordinates":[[-71.9145225960592,41.06440490146272],[-71.91437129008366,41.064119403719346],[-71.9143220302609,41.064142436846396],[-71.91430701438114,41.06411739224101],[-71.91428979840275,41.064090598435136],[-71.91427147938228,41.064062930873774],[-71.91425756659505,41.06403876001428],[-71.91424255079144,41.064013714499715],[-71.91422538738185,41.06398521388902],[-71.91421260215517,41.063961063347406],[-71.91419874192717,41.06393518568564],[-71.91417639498732,41.06385618714344],[-71.91417548121076,41.06384933610417],[-71.91417352049677,41.063839903680574],[-71.91417155978337,41.063830471256935],[-71.9141706728892,41.063822765930794],[-71.91416753091688,41.063815020856154],[-71.91416441460925,41.06380642237337],[-71.91416135325503,41.06379611533832],[-71.91415939254463,41.063786682914355],[-71.9141551487433,41.06377806320666],[-71.91415093060716,41.06376859009073],[-71.91414778863972,41.063760845015466],[-71.91414354484158,41.06375222530727],[-71.91414042856832,41.063743625923514],[-71.91413395657857,41.063734112179105],[-71.91412965904817,41.063727200143795],[-71.9141242853241,41.06371856096746],[-71.91412326527248,41.06371512529585],[-71.91412114336215,41.06371081589136],[-71.91411896774444,41.0637082132601],[-71.91411689957067,41.063702196182085],[-71.91411477768949,41.06369788587729],[-71.91411375761037,41.06369445110579],[-71.91411276325249,41.063690161125784],[-71.91411064134368,41.06368585172112],[-71.91410962129324,41.06368241604933],[-71.9141086537898,41.06367727268268],[-71.91410763255024,41.06367383698947],[-71.91410663816481,41.06366954790958],[-71.91410679937356,41.06366442488926],[-71.91410580617766,41.063660135830816],[-71.91410478493852,41.06365670013757],[-71.91410494614739,41.06365157711722],[-71.91410510735624,41.06364645409688],[-71.91410411416072,41.06364216503841],[-71.914103228438,41.06363446063302],[-71.91410338964693,41.063629337612674],[-71.91410247588104,41.06362248657243],[-71.9141003808574,41.06361732288065],[-71.914099468253,41.063610472761994],[-71.91409739892299,41.063604454761894],[-71.91409640453925,41.06360016568188],[-71.91409433637084,41.0635941486033],[-71.91409226820281,41.06358813152474],[-71.91409020006355,41.06358211354589],[-71.91409036127338,41.063576990525476],[-71.91408713870291,41.0635718074085],[-71.9140839161613,41.06356662339125],[-71.91408184799509,41.06356060631246]]},"properties":{"Zone":2,"Object_ID":381}},{"type":"Feature","id":382,"geometry":{"type":"LineString","coordinates":[[-71.91408184799509,41.06356060631246],[-71.9140797517856,41.06355544259879],[-71.91407760302893,41.063551986579995],[-71.91407437929965,41.063546802541],[-71.91407225739786,41.063542493135486],[-71.914070082977,41.063539890524595],[-71.91406790733858,41.06353728879245],[-71.91406683236616,41.06353556077224],[-71.91406468361079,41.06353210475318],[-71.91406245423556,41.0635312106944],[-71.9140603054806,41.06352775467529],[-71.9140581567258,41.0635242986561],[-71.91405592737925,41.06352340369701],[-71.91405488045129,41.06352082231147],[-71.91405157729416,41.06351820025355],[-71.91404937361318,41.063516451886215],[-71.91404606929547,41.06351382890652],[-71.91404386680415,41.06351208056056],[-71.9140405636479,41.06350945850231],[-71.91403836115684,41.06350771015625],[-71.91403500429145,41.06350679487112],[-71.91398517891498,41.0634759976786],[-71.91396866083488,41.06346288553476],[-71.91395985088523,41.0634558921446],[-71.91394993908526,41.06344802501929],[-71.91393774539445,41.06344097062657],[-71.91392899035262,41.063432270482195],[-71.91391131554123,41.063419991347104],[-71.9139014049134,41.06341212513919],[-71.91389149431626,41.06340425803019],[-71.9138815813711,41.06339638997727],[-71.91387279948569,41.06338854321519],[-71.9138628877061,41.06338067608229],[-71.91385523334236,41.06337284964616],[-71.9138376134928,41.063358862847615]]},"properties":{"Zone":2,"Object_ID":382}},{"type":"Feature","id":383,"geometry":{"type":"LineString","coordinates":[[-71.9138376134928,41.063358862847615],[-71.91382772857921,41.06335014232501],[-71.91382219610216,41.06334662529683],[-71.91381891984881,41.063343148945386],[-71.9138156155488,41.06334052595897],[-71.91381231241017,41.06333790389414],[-71.91380906182602,41.063333574134305],[-71.91380578438464,41.063330097760996],[-71.91380363564951,41.06332664173693],[-71.91379923069225,41.063323145035575],[-71.91379595444124,41.063319668683405],[-71.91379380570697,41.06331621265916],[-71.91379055631448,41.063311882920225],[-71.91378840758081,41.06330842689588],[-71.91378625884731,41.06330497087146],[-71.913784136972,41.06330066146042],[-71.91378196138103,41.063298058822525],[-71.91378099269089,41.06329291633144],[-71.91375088464301,41.0632095066],[-71.91374989028756,41.063205217516604],[-71.91374672153526,41.063198325816025],[-71.91374583467064,41.06319062138564],[-71.9137438191027,41.06318289660531],[-71.91374059660681,41.06317771257804],[-71.91374078470115,41.06317173617097],[-71.91373868971989,41.06316657247207],[-71.91373659473895,41.06316140877317],[-71.91373337224468,41.06315622474565],[-71.91373240477813,41.0631510813752],[-71.91373030976983,41.06314591857634],[-71.91372708727681,41.063140734548625],[-71.9137239441993,41.06313298943927],[-71.91372182236188,41.06312867912666],[-71.91371975424215,41.06312266204072],[-71.91371661116636,41.06311491693111],[-71.913711213094,41.06310713026365],[-71.9137102456015,41.063101987793154],[-71.91370702311217,41.063096803764836],[-71.91370380062337,41.0630916197364],[-71.91370057575635,41.06308643566498],[-71.91369732638123,41.06308210592321],[-71.91369407581716,41.063077776159865],[-71.9136887046095,41.063069136104666],[-71.91368658274808,41.06306482669154],[-71.91368336026241,41.063059642662516],[-71.9136778534871,41.06305527221913],[-71.91367463097426,41.06305008909005],[-71.91367135355394,41.06304661271268],[-71.913668129881,41.06304142866174],[-71.91366273179192,41.06303364289211],[-71.91365835374934,41.06302929189828],[-71.91365513123928,41.06302410876858],[-71.91365078005742,41.06301890438781],[-71.91364637512858,41.063015407680375],[-71.91364094899514,41.06300847527484],[-71.91363439535182,41.06300152253954],[-71.9136300172849,41.062997172444774],[-71.91362563921848,41.062992822349905],[-71.91362013367028,41.062988451024935],[-71.91361688311581,41.062984121259376],[-71.913610302589,41.062978022809475],[-71.91360479704304,41.0629736514838],[-71.9136004446507,41.06296844797981],[-71.91359603972786,41.06296495127039],[-71.91359053418391,41.06296057994403],[-71.91358505550103,41.06295535523071],[-71.91357842123074,41.062950964452504],[-71.91357514382035,41.06294748807231],[-71.91356851074086,41.06294309731497],[-71.91356300279347,41.06293872684456],[-71.91355859787458,41.0629352301337],[-71.91355309233556,41.062930858805515],[-71.91350992992672,41.06290359881868]]},"properties":{"Zone":2,"Object_ID":383}},{"type":"Feature","id":384,"geometry":{"type":"LineString","coordinates":[[-71.91350992992672,41.06290359881868],[-71.91344847589836,41.06295545771388],[-71.91316591674264,41.062788048375204]]},"properties":{"Zone":2,"Object_ID":384}},{"type":"Feature","id":385,"geometry":{"type":"LineString","coordinates":[[-71.91316591674264,41.062788048375204],[-71.91315804751808,41.062787051685106],[-71.91315015139946,41.06278690928128],[-71.91314343654847,41.062785079537846],[-71.91313441173362,41.062784916777154],[-71.91312766998873,41.06278394131961],[-71.91312090256707,41.06278381926969],[-71.91311418768888,41.0627819904248],[-71.91310744475523,41.062781014944626],[-71.91310295924296,41.06278007927619],[-71.91310075680093,41.06277833091196],[-71.91309517064852,41.062776521521926],[-71.91309183951043,41.06277475280126],[-71.91308738205491,41.06277296376711],[-71.9130840509172,41.062771195046246],[-71.91308074783583,41.06276857296019],[-71.91307744356533,41.06276595085255],[-71.91305866844975,41.0627527978637],[-71.91305206231944,41.0627475527898],[-71.91304660937448,41.062741474642735],[-71.91304002895257,41.06273537525988],[-71.91303342282546,41.06273013018487],[-71.9130268680557,41.06272317829346],[-71.91302138943684,41.06271795355315],[-71.91301593649712,41.0627118754046],[-71.91300935608099,41.06270577601995],[-71.9129821218674,41.062674531049225],[-71.91297997316819,41.06267107590952],[-71.91297669580297,41.0626675995122],[-71.91297452026446,41.06266499685872],[-71.912970142263,41.06266064673871],[-71.91296686608821,41.062657170362506],[-71.91296361678202,41.06265284059972],[-71.91296031136098,41.06265021756698],[-71.91295475209158,41.06264755478356],[-71.91295373092773,41.06264411907932],[-71.91295042785782,41.062641496989436],[-71.91294486861791,41.06263883330532],[-71.91294043685471,41.06263619085746],[-71.91293603198876,41.06263269412266],[-71.91293272892014,41.062630072032256],[-71.9129271684926,41.062627408325795],[-71.91292273673083,41.06262476587723],[-71.91289945047994,41.062611531494746]]},"properties":{"Zone":2,"Object_ID":385}},{"type":"Feature","id":386,"geometry":{"type":"LineString","coordinates":[[-71.91289945047994,41.062611531494746],[-71.91285953707963,41.06266036132256],[-71.91248813106884,41.06259044718761],[-71.91246113677782,41.062623277387885],[-71.91208124453432,41.0624284814629]]},"properties":{"Zone":2,"Object_ID":386}},{"type":"Feature","id":387,"geometry":{"type":"LineString","coordinates":[[-71.91119534838155,41.06185037514281],[-71.91118777521017,41.06183998746827],[-71.9111768429498,41.06182868348166],[-71.91116816921307,41.06181742116581],[-71.9111572381207,41.06180611809895],[-71.91114856201158,41.06179485573862],[-71.91113655724797,41.0617818246432],[-71.91112672792563,41.06177139623524],[-71.91111579687629,41.061760092264166],[-71.91111254654564,41.06175576242694],[-71.9111092424035,41.0617531402625],[-71.9111059394793,41.06175051721923],[-71.91110156166089,41.06174616702753],[-71.91109715695106,41.061742670221996],[-71.9110938539995,41.061740048078576],[-71.91108944929054,41.061736551272745],[-71.91108501768993,41.06173390785303],[-71.9110795123854,41.061729537306135],[-71.91107392399788,41.06172772777514],[-71.91107174853649,41.06172512598553],[-71.91106731693732,41.06172248256518],[-71.91106175782183,41.06171981969019],[-71.91105732619505,41.061717177169626],[-71.91105176708037,41.06171451429419],[-71.91104733545436,41.061711871773234],[-71.91103511549896,41.061705670458124],[-71.9110195094853,41.061699408912474],[-71.91100393277469,41.061692293121155],[-71.91099055719984,41.06168692661131],[-71.91097718046619,41.061681559178304],[-71.91096380611333,41.06167619178665],[-71.91095153232804,41.06167169903566],[-71.91093367016602,41.061665396745525],[-71.91092249697802,41.06166177773356],[-71.91091470860358,41.061658220731815],[-71.9109023810362,41.06165543474811],[-71.91089236342268,41.06165098272456],[-71.91088231772655,41.06164738406493],[-71.91086891527571,41.061642870927315],[-71.91085884387644,41.061640125673385],[-71.9108465162864,41.06163734058399],[-71.91083982851059,41.06163465732012],[-71.91083201205916,41.06163195367762],[-71.9108263979806,41.06163099754235],[-71.91081745404331,41.06162827354191],[-71.91080843058094,41.06162811062127],[-71.91080061413159,41.06162540697661],[-71.91079159066963,41.06162524405464],[-71.91078372042944,41.0616242471814],[-71.91078033678001,41.06162418608794],[-71.91077698002651,41.06162327160814],[-71.91077359399839,41.06162321047152],[-71.91077026416951,41.061621441705036],[-71.91076685243473,41.06162223397596],[-71.91076352260608,41.06162046520929],[-71.91075903717706,41.06161953034998],[-71.910757936615,41.061618655705956],[-71.91075460559745,41.06161688691755],[-71.91075124884469,41.061615972437004],[-71.91074791782742,41.06161420364838],[-71.91074456104653,41.06161329006782],[-71.91074233180895,41.06161239504447],[-71.91073902887791,41.061609772890854],[-71.91073567096478,41.061608857488146],[-71.9107345703749,41.0616079837441],[-71.91072793645657,41.06160359190086],[-71.9107234767649,41.06160180273219],[-71.91071794456998,41.06159828645442],[-71.91071353989027,41.06159478963415],[-71.91070803465009,41.06159041816922],[-71.91070362994304,41.0615869222488],[-71.9106980696925,41.06158425843458],[-71.91069366501478,41.061580761613556],[-71.91068815974869,41.061576391047836],[-71.91068375388264,41.06157289420498],[-71.91068050477868,41.06156856437693],[-71.9106749445306,41.06156590056164],[-71.91067166853024,41.0615624241196],[-71.910668446325,41.06155724090496],[-71.91066291297581,41.061553723702794],[-71.91065966390252,41.06154939297395],[-71.91065636097788,41.06154677081794],[-71.91065418553882,41.06154416902037],[-71.91065198320236,41.06154242060901],[-71.91064867792812,41.061539797509624],[-71.91064647559196,41.06153804909816],[-71.91064314577073,41.061536280327964],[-71.91063984165811,41.061533658149976],[-71.91063653873503,41.06153103599338],[-71.91063430950169,41.061530140967946],[-71.91063092585713,41.0615300798701],[-71.9106276217453,41.06152745769175],[-71.91062539251219,41.061526562666145],[-71.91062206269208,41.06152479389539],[-71.91061870591751,41.06152388031114],[-71.91061537490836,41.06152211151869],[-71.9106120181907,41.06152119613388],[-71.91060637719816,41.061521094274404],[-71.91060304618954,41.06151932548157],[-71.91059966254558,41.06151926438283],[-71.91059630461058,41.06151834987627],[-71.91059292096668,41.06151828877735],[-71.91058730687278,41.06151733353064],[-71.91058392322896,41.06151727243142],[-71.91058053958508,41.06151721133213],[-71.91057715475196,41.06151715021127],[-71.9105737711081,41.06151708911176],[-71.91056474647218,41.06151692615064],[-71.91055231129367,41.06151755547496],[-71.91053874625138,41.06151816439527],[-71.91053082336207,41.061518876099065],[-71.91052177179836,41.06151956742108],[-71.91050933659054,41.061520197640895],[-71.91050028505482,41.06152088806102],[-71.91048779601883,41.06152322595122],[-71.9104753608384,41.06152385526722],[-71.91046518059918,41.06152452620297],[-71.91045725773667,41.06152523700157],[-71.91044479443764,41.0615267205792],[-71.91043458845827,41.06152824582017],[-71.91042440943569,41.061528915873595],[-71.91041643271423,41.06153133524219],[-71.91040281502733,41.06153365184064],[-71.91039279627645,41.061529199752215],[-71.91007847679681,41.061403070357706],[-71.91006848621015,41.061397763976224],[-71.90977409608777,41.06124807355562],[-71.90939078452253,41.061054915327986]]},"properties":{"Zone":2,"Object_ID":387}},{"type":"Feature","id":388,"geometry":{"type":"LineString","coordinates":[[-71.90939078452253,41.061054915327986],[-71.9085539103267,41.06092788688553]]},"properties":{"Zone":2,"Object_ID":388}},{"type":"Feature","id":389,"geometry":{"type":"LineString","coordinates":[[-71.90832984020498,41.06080338202822],[-71.90837330104246,41.060749492789306],[-71.90805068909205,41.060636022223676]]},"properties":{"Zone":2,"Object_ID":389}},{"type":"Feature","id":390,"geometry":{"type":"LineString","coordinates":[[-71.90780573975428,41.060350531469425],[-71.90771867807634,41.060212270912224]]},"properties":{"Zone":2,"Object_ID":390}},{"type":"Feature","id":391,"geometry":{"type":"LineString","coordinates":[[-71.90771867807634,41.060212270912224],[-71.90753729182236,41.05977244651821],[-71.9074548200382,41.059667585085116],[-71.90723079520701,41.05914839390634]]},"properties":{"Zone":2,"Object_ID":391}},{"type":"Feature","id":392,"geometry":{"type":"LineString","coordinates":[[-71.90723079520701,41.05914839390634],[-71.9071533393968,41.058848843460886],[-71.90707663670612,41.058561267084535],[-71.90708276146935,41.05854600004431],[-71.90708561056732,41.05852725645767],[-71.9070918161518,41.05850942925876],[-71.90709458436251,41.05849324763028],[-71.90709735138256,41.058477065980135],[-71.90710122008032,41.05846175813065],[-71.90710286085519,41.05844555610856],[-71.90710681037565,41.05842768810059],[-71.90710694865123,41.058387538736575],[-71.90710706001322,41.05834824185805],[-71.9071071174344,41.05831065355179],[-71.90710830344501,41.05827308655995]]},"properties":{"Zone":2,"Object_ID":392}},{"type":"Feature","id":393,"geometry":{"type":"LineString","coordinates":[[-71.90710830344501,41.05827308655995],[-71.90711423703404,41.058013486657764],[-71.90711629144094,41.057876835606564],[-71.90709927796013,41.05773642415076]]},"properties":{"Zone":2,"Object_ID":393}},{"type":"Feature","id":394,"geometry":{"type":"LineString","coordinates":[[-71.90709927796013,41.05773642415076],[-71.90709074257438,41.057685011225956],[-71.90729871282394,41.05724624483967],[-71.90730599179281,41.05723014388763]]},"properties":{"Zone":2,"Object_ID":394}},{"type":"Feature","id":395,"geometry":{"type":"LineString","coordinates":[[-71.90730599179281,41.05723014388763],[-71.90714018927501,41.05683331552543],[-71.90718807582006,41.0565676397959]]},"properties":{"Zone":2,"Object_ID":395}},{"type":"Feature","id":396,"geometry":{"type":"LineString","coordinates":[[-71.90718807582006,41.0565676397959],[-71.90714865142002,41.05627902800299],[-71.90714996748352,41.056273071989615],[-71.90715128357525,41.056267115076],[-71.90715485680556,41.056261199891004],[-71.9071550724427,41.05625436919813],[-71.90715636156473,41.05624926657116],[-71.90715767881623,41.05624331057918],[-71.90716006955229,41.056239082653],[-71.9071625411659,41.056232292766836],[-71.90716495768075,41.056227210532356],[-71.90716632765077,41.05621954684546],[-71.9071698996879,41.05621363163844],[-71.90717344597357,41.056208569839264],[-71.90717476206186,41.05620261292533],[-71.90717720673248,41.05619667642532],[-71.90717959746563,41.0561924484987],[-71.9071820690755,41.05618565861209],[-71.90718698532531,41.056172933125296],[-71.90719305590586,41.056159374644125],[-71.90719689866725,41.05614492109125],[-71.90720181491125,41.056132195603766],[-71.9072056295402,41.056118595415576],[-71.90721062543867,41.05610330884626],[-71.90721674994393,41.05608804179006],[-71.90721828284526,41.05607525420367],[-71.90722086223327,41.05606504986956]]},"properties":{"Zone":2,"Object_ID":396}},{"type":"Feature","id":397,"geometry":{"type":"LineString","coordinates":[[-71.90722086223327,41.05606504986956],[-71.90722228610082,41.05605567850838],[-71.90722849144566,41.056037850391505],[-71.90722986259361,41.05603018672505],[-71.9072324420065,41.056019981490344],[-71.90723386587143,41.056010610128965],[-71.9072364440937,41.056000404872606],[-71.90723781523998,41.05599274120598],[-71.90723921216434,41.055984223231036],[-71.90724302793792,41.055970623962814],[-71.90724571515989,41.05595700338099],[-71.90724826759997,41.055947652432565],[-71.90724963755454,41.05593998874419],[-71.9072521360869,41.05593234546903],[-71.90725578900322,41.05592386739857],[-71.90725713320664,41.055917057118144],[-71.90726081303201,41.05590772656104],[-71.9072621829843,41.05590006287247],[-71.90726473541986,41.05589071192354],[-71.9072696504427,41.05587798641088],[-71.90727451274704,41.05586696859296],[-71.90727929420527,41.0558585118348],[-71.9072840756623,41.05585005507643],[-71.90729011925492,41.05583734997572],[-71.90729380026043,41.0558280194389],[-71.90729868955232,41.055816146432775],[-71.90730234239945,41.055807670160995],[-71.90730613121164,41.0557949242768],[-71.90730739337481,41.0557906750342],[-71.90730752812304,41.05578640630059],[-71.90730994579978,41.05578132408406],[-71.90731010751449,41.05577620106362],[-71.90731021410662,41.055772786595334],[-71.90731034888304,41.055768516961514],[-71.90730935505584,41.05576422781518],[-71.90730951677054,41.055759104794696],[-71.90730959761369,41.055756543734574]]},"properties":{"Zone":2,"Object_ID":397}},{"type":"Feature","id":398,"geometry":{"type":"LineString","coordinates":[[-71.90733710164898,41.055457181941144],[-71.90733608088688,41.05545374618147],[-71.90733506012492,41.055450310421755],[-71.90733629647431,41.05544691638715],[-71.90733524877469,41.05544433401416],[-71.90733538354883,41.05544006437999],[-71.90732561187002,41.05539204727958],[-71.90732459229876,41.055388611541225],[-71.90732475401138,41.05538348852029],[-71.90732601613712,41.05537924017728],[-71.90732617784961,41.055374117156326],[-71.90732633956206,41.05536899413538],[-71.90732650127451,41.055363871114416],[-71.90732897283846,41.05535708122329],[-71.90732918842632,41.05535025142884],[-71.90733045176877,41.055346002207074],[-71.90733174085963,41.05534089957702],[-71.90733187560538,41.05533663084295],[-71.90733542183176,41.05533156903783],[-71.90733792033126,41.0553239257597],[-71.90734036492648,41.0553179901552],[-71.90734275445674,41.05531376130265],[-71.90734517208512,41.05530867998504],[-71.90734756280399,41.055304451153866],[-71.9073499804317,41.0552993698361],[-71.90735234418395,41.05529599529176],[-71.90735586346909,41.05529178687266],[-71.90735833380973,41.05528499785955],[-71.9073629804717,41.05528080983094],[-71.90736649975541,41.05527660141153],[-71.90736999088367,41.05527324725745],[-71.90737351013813,41.055269039738036],[-71.9073770539792,41.05526397788852],[-71.90738051935847,41.055261477142366],[-71.90738519292601,41.05525643662633],[-71.90738755667502,41.055253062081235],[-71.90739223026988,41.05524802066467],[-71.90739577529766,41.05524295883608],[-71.90739926761194,41.0552396047026],[-71.90740052854096,41.05523535633714],[-71.90740517516842,41.055231169207026],[-71.90740759281738,41.05522608698777],[-71.90741113903208,41.05522102518016],[-71.90741352971511,41.05521679724773],[-71.90741707473961,41.05521173541843],[-71.90741943848538,41.055208360872676],[-71.90742185613247,41.05520327865313],[-71.90742314521353,41.05519817602185],[-71.90742556288838,41.055193092902016],[-71.90742910907146,41.05518803199403]]},"properties":{"Zone":2,"Object_ID":398}},{"type":"Feature","id":399,"geometry":{"type":"LineString","coordinates":[[-71.90742910907146,41.05518803199403],[-71.90747857755944,41.05490786253157]]},"properties":{"Zone":2,"Object_ID":399}},{"type":"Feature","id":400,"geometry":{"type":"LineString","coordinates":[[-71.90747857755944,41.05490786253157],[-71.90748118266531,41.05489680298005],[-71.90748494445542,41.05488491047412],[-71.90748867809101,41.054873872233586],[-71.90749131131857,41.05486195931642],[-71.90749507307649,41.05485006771023],[-71.907498779773,41.05483988285614],[-71.90750364077388,41.05482886500432],[-71.9075073744032,41.05481782676305],[-71.90751110922048,41.054806788543104],[-71.90751597140614,41.054795770712225],[-71.90752091326314,41.054782190898486],[-71.90752580238039,41.054770319680216],[-71.90753063765435,41.05476015433531],[-71.9075354998333,41.054749136503446],[-71.90754261793714,41.05473815947076],[-71.90754519725164,41.05472795422603],[-71.90754764180633,41.054722018616296],[-71.90755118679407,41.05471695678231],[-71.90755126762659,41.05471439572137],[-71.90755030195193,41.05470925231045],[-71.90755274650549,41.05470331670062],[-71.90755392658207,41.054701629393904],[-71.90755403437755,41.054698214045864],[-71.90755645199573,41.0546931318228],[-71.90755661368875,41.0546880088007],[-71.90755567494863,41.054682012002885],[-71.90755583664168,41.05467688898075],[-71.90755591747397,41.0546743279198],[-71.90755607916698,41.05466920489766],[-71.90755621389691,41.05466493616263],[-71.90755637558988,41.05465981314047],[-71.9075553817918,41.05465552309495],[-71.90755546262409,41.05465296203398],[-71.90755452388461,41.05464696523612],[-71.90755347618907,41.054644382864595],[-71.90755138195907,41.05463921904325],[-71.9075514627915,41.054636657982286],[-71.90755162329557,41.05463153493858],[-71.90754840169937,41.05462635072838],[-71.90754856336443,41.05462122860637],[-71.90754756956743,41.05461693856074],[-71.90754442880495,41.05460919328939],[-71.90754128804319,41.05460144801793],[-71.9075392207503,41.05459543080939],[-71.90753723431912,41.05458685163959],[-71.90753524788852,41.0545782724698],[-71.90753323330587,41.054570547565554],[-71.90753124687619,41.05456196839559],[-71.90752923348373,41.054554243512754],[-71.90752952990994,41.0545448517554]]},"properties":{"Zone":2,"Object_ID":400}},{"type":"Feature","id":401,"geometry":{"type":"LineString","coordinates":[[-71.90752952990994,41.0545448517554],[-71.90753415937914,41.054433876006534],[-71.90753327335356,41.054426171512475],[-71.90753219869909,41.05442444342785],[-71.90753117913202,41.05442100769052],[-71.90753236039333,41.05441932040543],[-71.90752911184569,41.054414990481554],[-71.90752693679175,41.054412387720646],[-71.90752699068997,41.05441068004649],[-71.90752597109493,41.054407245209354],[-71.90752376907804,41.0544054967355],[-71.9075226674892,41.05440462203772],[-71.90752054630576,41.0544003125027],[-71.90751724388979,41.05439768935244],[-71.90751614227281,41.0543968155548],[-71.90751394025646,41.05439506708077],[-71.9075117394295,41.054393318628186],[-71.90750843579663,41.05439069635635],[-71.90750623259152,41.05438894786069],[-71.90750293017668,41.05438632470997],[-71.90750075509627,41.05438372284871],[-71.90749855308077,41.05438197437442],[-71.90749635106545,41.05438022590003],[-71.90749304862301,41.05437760364927],[-71.90749200093413,41.05437502127707],[-71.90748979891916,41.05437327280255],[-71.90748762383974,41.05437067094104],[-71.90748547572427,41.054367214792336],[-71.90748330064518,41.05436461293074],[-71.9074822541461,41.05436203057995],[-71.90748117949406,41.0543603024948],[-71.90748015993056,41.05435686675696],[-71.90747911221412,41.054354285284816],[-71.9074769371357,41.054351683423135],[-71.90747478902139,41.05434822727417],[-71.90747497768383,41.05434224996457],[-71.90747403776686,41.0543362531441],[-71.90747312600321,41.054329402057924],[-71.9074722130221,41.054322551850454],[-71.90747127432326,41.054316554151185],[-71.9074714629575,41.05431057774181],[-71.90747170549125,41.05430289365821],[-71.90747189412541,41.05429691724874],[-71.90747213668747,41.05428923226492],[-71.90747232413237,41.05428325583398],[-71.90747366709114,41.0542764455269],[-71.90747498427488,41.054270489528484],[-71.90747519987256,41.05426365883179],[-71.9074765158668,41.054257702811846],[-71.9074789873741,41.05425091291578],[-71.90748033149237,41.05424410353033],[-71.90749035105917,41.05421267518827],[-71.90749287646236,41.05420417761758],[-71.90749884022021,41.054194033583755],[-71.90750362034004,41.05418557679147],[-71.90750840164787,41.05417712002052]]},"properties":{"Zone":2,"Object_ID":401}},{"type":"Feature","id":402,"geometry":{"type":"LineString","coordinates":[[-71.90750840164787,41.05417712002052],[-71.90764968603206,41.05391996773983]]},"properties":{"Zone":2,"Object_ID":402}},{"type":"Feature","id":403,"geometry":{"type":"LineString","coordinates":[[-71.90764968603206,41.05391996773983],[-71.90776548408216,41.05364783043668]]},"properties":{"Zone":2,"Object_ID":403}},{"type":"Feature","id":404,"geometry":{"type":"LineString","coordinates":[[-71.90776548408216,41.05364783043668],[-71.90776800942852,41.05363933285886],[-71.9077693535331,41.05363252256883],[-71.90777069644817,41.05362571225728],[-71.90777209322579,41.05361719517134],[-71.90777566625795,41.05361127996347],[-71.90777596267341,41.0536018873032],[-71.90777961533757,41.053593411011875],[-71.90778101333102,41.05358489304709],[-71.90778241013489,41.05357637506071],[-71.90778267837202,41.053567837566455],[-71.90778520371317,41.05355933998808],[-71.90778654781431,41.05355252969772],[-71.90778684422797,41.053543137037295],[-71.90778821407062,41.053535473338194],[-71.90778851045559,41.05352608157796],[-71.90778985455576,41.05351927128751]]},"properties":{"Zone":2,"Object_ID":404}},{"type":"Feature","id":405,"geometry":{"type":"LineString","coordinates":[[-71.90778985455576,41.05351927128751],[-71.90779015094041,41.0535098795272],[-71.9077903934343,41.05350219544148],[-71.90779181719473,41.05349282316743],[-71.90778980261518,41.05348509826568],[-71.90778897165247,41.05347568611876],[-71.90778921414639,41.053468002032965],[-71.90778830117287,41.053461150926374],[-71.9077885436668,41.05345346684059],[-71.90778655723764,41.05344488767275],[-71.90778564545388,41.05343803658761],[-71.90778365899715,41.0534294583199],[-71.90778161748925,41.05342258680511],[-71.90777965799309,41.05341315424985],[-71.90777874502136,41.05340630314315],[-71.90777675978401,41.05339772399654],[-71.90777361786333,41.05338997870769],[-71.90777160447819,41.05338225382691]]},"properties":{"Zone":2,"Object_ID":405}},{"type":"Feature","id":406,"geometry":{"type":"LineString","coordinates":[[-71.90777160447819,41.05338225382691],[-71.90776953720241,41.05337623662078],[-71.90776746995546,41.053370218514374],[-71.90776540149128,41.053364201286655],[-71.90776226076268,41.05335645601885],[-71.90774368232601,41.05330144507223],[-71.90774080987272,41.053285161408844],[-71.90773565577322,41.053269691258656],[-71.90773058015002,41.053251659103076],[-71.90772655461625,41.053236208460845],[-71.90772365520971,41.05322077908419],[-71.90771858078267,41.053202746949374],[-71.90771568137943,41.05318731757243],[-71.90771170974546,41.053170159254705],[-71.90770875645272,41.053156437552175],[-71.9077059917994,41.05313673853787],[-71.90770091738361,41.053118706401946],[-71.90769689183642,41.05310325665837],[-71.90769522759719,41.053084431418256],[-71.90769232823297,41.05306900114009],[-71.9076894569915,41.05305271749607],[-71.9076876861305,41.05303730852688],[-71.90768669234824,41.053033018480846],[-71.9076880364204,41.05302620909096],[-71.90768594104186,41.053021045248606],[-71.90768610272079,41.0530159222243],[-71.90768400853189,41.05301075840338],[-71.90768535144319,41.05300394809184],[-71.90768556698669,41.0529971182929],[-71.90768567477261,41.05299370294334],[-71.90768589034445,41.05298687224421],[-71.90768605202331,41.05298174921986],[-71.90768621370212,41.052976626195495],[-71.90768637535253,41.0529715040713],[-71.90768769251963,41.052965547168455],[-71.9076878541983,41.05296042414406],[-71.90768798891628,41.05295615540718],[-71.9076893048654,41.05295019938299],[-71.90768954617977,41.052942515274964]]},"properties":{"Zone":2,"Object_ID":406}},{"type":"Feature","id":407,"geometry":{"type":"LineString","coordinates":[[-71.90768954617977,41.052942515274964],[-71.9076920176163,41.05293572537223],[-71.90769341560708,41.05292720740716],[-71.90769588704266,41.05292041750431],[-71.90769838540979,41.05291277421407],[-71.90769975524964,41.05290511051487],[-71.90770225361575,41.05289746722451],[-71.9077058793185,41.05288984432143],[-71.90771090303632,41.05287370255264],[-71.90771710914119,41.052855874417645],[-71.90772323322993,41.05284060732297],[-71.90772943692166,41.0528227800444],[-71.90773682424408,41.05280326462039],[-71.90774415767089,41.05278545687063],[-71.90775028171852,41.05277019067447],[-71.90775764212611,41.05275152773604],[-71.90776489469134,41.05273628194729],[-71.90777109957969,41.0527184537873],[-71.90777612205103,41.05270231289374],[-71.90778345545611,41.05268450514111],[-71.90779304471342,41.05266673818248],[-71.90779919569789,41.05265061769568],[-71.90780768338297,41.052631976040146],[-71.9078161183347,41.05261504298064],[-71.90782336971078,41.05259979626602],[-71.90782957573138,41.05258196902407],[-71.90783919192003,41.052563347773535],[-71.90784531473608,41.05254808155003],[-71.90785256731577,41.05253283395464],[-71.90786102801249,41.05251504658232],[-71.90786830745779,41.05249894739883],[-71.90787671425835,41.05248286770026],[-71.90788745774954,41.05246426683098],[-71.90789358292359,41.05244900064757],[-71.90790083423532,41.05243375482771],[-71.90791039652419,41.052416840345536],[-71.90791888411971,41.05239819958103],[-71.90792729089522,41.052382119878416],[-71.90793682499508,41.05236606056027],[-71.90794638720818,41.05234914787528],[-71.90794762349691,41.05234575293141],[-71.9079488585963,41.05234235796605],[-71.90795119525572,41.052339837694845],[-71.9079524046154,41.05233729613845],[-71.90795474008536,41.05233477584563],[-71.90795820531811,41.05233227418028],[-71.90795941345984,41.05232973350246],[-71.90796062281903,41.05232719194599],[-71.90796295947744,41.052324671674505],[-71.90796416761889,41.05232213099666],[-71.9079676328222,41.05231963023124],[-71.90796996948009,41.05231710995961],[-71.90797343349378,41.05231460917249],[-71.9079757431946,41.05231294318844],[-71.9079780798804,41.052310422016454],[-71.90798154386502,41.05230792212927],[-71.90798731879559,41.05230375447883],[-71.90799311943586,41.05229873431928],[-71.90800002169212,41.05229458705278],[-71.9080057954028,41.05229042028006],[-71.90801154218498,41.05228710689458],[-71.90801731708342,41.05228294014283],[-71.908023117748,41.05227791908157],[-71.90803002118942,41.05227377183471],[-71.9080368964849,41.052270478853615],[-71.90804267021957,41.05226631117887],[-71.90804959939666,41.05226131052181],[-71.90805534614567,41.052257998034335],[-71.90806222143824,41.05225470505177],[-71.90806912368564,41.05225055778108],[-71.90807599894838,41.05224726569787],[-71.90808174572324,41.05224395230886],[-71.9082320509371,41.05227315085931],[-71.90824980593068,41.05221110841711],[-71.9077685199662,41.052120397788215],[-71.90776535236525,41.052113505905794],[-71.90776328512965,41.05210748869773],[-71.90776011752988,41.05210059681513],[-71.90775807725448,41.052093725319246],[-71.9077560100201,41.05208770811107],[-71.90775509706909,41.052080857001954],[-71.9077530825367,41.05207313209698],[-71.90775101530343,41.052067114888615],[-71.90775010354236,41.05206026380096],[-71.90774919059227,41.052053412691826],[-71.9077482788032,41.05204656250431],[-71.9077485213534,41.052038876615626],[-71.90774760956457,41.052032026428144],[-71.907747852058,41.05202434233983],[-71.9077480406892,41.05201836502651],[-71.90774825625144,41.05201153432571]]},"properties":{"Zone":2,"Object_ID":407}},{"type":"Feature","id":408,"geometry":{"type":"LineString","coordinates":[[-71.90774825625144,41.05201153432571],[-71.90781829366179,41.052009384489075],[-71.9078225171316,41.051911215755354],[-71.90775366097931,41.05191168010658],[-71.90775283004143,41.05190226795589],[-71.90775315338347,41.051892021904386],[-71.90775234940524,41.0518817554659],[-71.90775149031938,41.05187319758141],[-71.90775068634169,41.051862931142956],[-71.9077510084947,41.051852685069775],[-71.90775133180836,41.05184243991833],[-71.90775272857938,41.05183392192889],[-71.90775399179928,41.051829673599144],[-71.90775415347007,41.05182455057329],[-71.90775538859805,41.05182115470938],[-71.90775662369752,41.0518177597457],[-71.90775788691693,41.0518135114159],[-71.90776025052423,41.051810136860475],[-71.90776148562325,41.05180674189666],[-71.9077638761609,41.05180251395366],[-71.90791683777185,41.05153275626178],[-71.90793029370947,41.051499682263554],[-71.9079326842253,41.05149545431667],[-71.90793284588145,41.051490331290175],[-71.90793526335364,41.05148524905542],[-71.90793768082546,41.05148016682062],[-71.90793894402677,41.0514759184885],[-71.90794133454119,41.051471690541476],[-71.90794493321022,41.05146492101603],[-71.90794732375221,41.051460692168625],[-71.90795086850676,41.051455631218694],[-71.90795446836313,41.0514488617144],[-71.90795688583209,41.05144377947916],[-71.90796037672877,41.05144042530425],[-71.90796392269876,41.05143536347521],[-71.90796518470847,41.051431115121254],[-71.90796983106205,41.05142692706452],[-71.90797334891353,41.0514227186013],[-71.9079768409974,41.051419364447405],[-71.90798038574748,41.0514143034965],[-71.90798390359761,41.051410095032985],[-71.90798739568028,41.05140674087867],[-71.90799091350117,41.051402533315176],[-71.90799555982278,41.051398346157534],[-71.90799907886024,41.05139413771502],[-71.90800372399156,41.05138995053558],[-71.90800608757124,41.051386575974796],[-71.9080118354642,41.05138326261013],[-71.90801648178308,41.05137907545163],[-71.90802109998494,41.05137574165913],[-71.90802690175907,41.051370720618074],[-71.9080742217307,41.05133740415809]]},"properties":{"Zone":2,"Object_ID":408}},{"type":"Feature","id":409,"geometry":{"type":"LineString","coordinates":[[-71.9080742217307,41.05133740415809],[-71.90818899757524,41.05134802089729]]},"properties":{"Zone":2,"Object_ID":409}},{"type":"Feature","id":410,"geometry":{"type":"LineString","coordinates":[[-71.95201506566681,41.04525209701754],[-71.95162178105588,41.045234886562106],[-71.95121013385884,41.04522760045247],[-71.95104367424352,41.04517339688904],[-71.95095540166577,41.045108615777174],[-71.95082251282311,41.04491746472576],[-71.95065727347433,41.04464116622649]]},"properties":{"Zone":4,"Object_ID":410}},{"type":"Feature","id":411,"geometry":{"type":"LineString","coordinates":[[-71.95273492501465,41.04503502734624],[-71.9527271351898,41.045031472223535],[-71.9527181654216,41.04502960485013],[-71.95271032403248,41.045027758346215],[-71.95270256177646,41.0450233489434],[-71.95269474676611,41.04502064813904],[-71.95268582972803,41.045017073064386],[-71.95267688515179,41.04501435136731],[-71.952669096466,41.0450107980621],[-71.95266240870326,41.04500811630462],[-71.952653518019,41.045003687828256],[-71.95264572939125,41.04500013272107],[-71.95264022273749,41.044995764134406],[-71.9526302024894,41.04499131476433],[-71.95262359499932,41.04498607192769],[-71.95261911010581,41.044985138687174],[-71.9526147043206,41.04498164344832],[-71.95260911740071,41.04497983593707],[-71.95260466007566,41.04497804841755],[-71.95260135512923,41.0449754274276],[-71.95259692299454,41.04497278558732],[-71.9525902340217,41.04497010470482],[-71.95258575031878,41.04496917148404],[-71.95258018977984,41.04496650967188],[-71.95257685967263,41.044964742101556],[-71.95257240116042,41.04496295455975],[-71.9525668154323,41.04496114706746],[-71.95256238327215,41.04495850612603],[-71.95255676994844,41.04495755381193],[-71.9525523126263,41.04495576629041],[-71.95254562487386,41.04495308452613],[-71.95253437193169,41.044952031494695],[-71.95252430134359,41.04494928985616],[-71.95251423072847,41.04494654911694],[-71.95250410622056,41.04494551515428],[-71.95249398287426,41.044944482111966],[-71.9524805282358,41.044941681474555],[-71.95247040372915,41.044940647508916],[-71.95246033311759,41.04493790676501],[-71.9524513369888,41.044936893670304],[-71.952440086429,41.04493584067183],[-71.95242770630361,41.04493476677825],[-71.95241755541771,41.0449345871074],[-71.95240517645415,41.044933514132694],[-71.95239389835287,41.04493331450786],[-71.95238264782239,41.04493226060358],[-71.95237134333966,41.04493291527594],[-71.95236573007645,41.04493196115211],[-71.9523623460238,41.044931902153316],[-71.95235896318808,41.044931842275226],[-71.95235442556574,41.04493261672302],[-71.95234537673065,41.04493331041851],[-71.95234199389485,41.04493325053994],[-71.95233971189249,41.04493406491321],[-71.95233409981866,41.044933110808884],[-71.95232725383882,41.04493555302791],[-71.95232156145656,41.04493716089987],[-71.95231817862057,41.04493710102062],[-71.95231138540484,41.04493783463998],[-71.95230682142669,41.044939462485054],[-71.9523034385906,41.04493940260535],[-71.9523000018279,41.044941050403125],[-71.9522943094445,41.044942658273754],[-71.95229202746901,41.04494347174591],[-71.95228630989135,41.044945933936546],[-71.95228287431691,41.04494758175482],[-71.95227608107193,41.044948316272276],[-71.95227377271291,41.044949984043434],[-71.95226918234995,41.04495246618641],[-71.95226346479846,41.044954927475764],[-71.95225887446257,41.044957408718155],[-71.95225428409846,41.04495989086054],[-71.95225084733347,41.0449615386568],[-71.95224625818567,41.04496401991974],[-71.95224161510932,41.04496820885995],[-71.95223702474387,41.04497069100166],[-71.95223471638313,41.04497235877204],[-71.95223240802224,41.04497402654235],[-71.95222776494435,41.04497821548201],[-71.95221963354825,41.04498575993636],[-71.95221152850633,41.044992450990975],[-71.95220347501392,41.04499743432546],[-71.95219767830399,41.04500245850962],[-71.95219416243869,41.04500666740178],[-71.95218715944122,41.04501423182881],[-71.95218015406407,41.04502179621327],[-71.95217204901375,41.04502848726507],[-71.95216504482241,41.04503605166966],[-71.95215919420365,41.04504278262901],[-71.95215219119835,41.045050347053845],[-71.95214631419226,41.04505793231188],[-71.95213925725305,41.045067204413265],[-71.95213340781798,41.04507393539231],[-71.9521275319967,41.04508152067038],[-71.95212162865556,41.04508995842597],[-71.95211462561322,41.045097523748616],[-71.9520956049042,41.045128795373216],[-71.9520908826782,41.04513554630492],[-71.95208734163039,41.045140608613885],[-71.95208377297963,41.04514652610116],[-71.95207792355968,41.04515325617707],[-71.95207438245433,41.04515832028602],[-71.95206853181556,41.04516505124059],[-71.95206378322618,41.04517265557018],[-71.95205916767088,41.04517599112489],[-71.95205329067083,41.04518357547774],[-71.95204974958976,41.045188638685694],[-71.95204508009918,41.045193681917056],[-71.95203923064342,41.04520041289113],[-71.95203227916348,41.04520626958905],[-71.95202873689053,41.045211332775324],[-71.9520240949722,41.04521552172758],[-71.9520171171029,41.04522223272385]]},"properties":{"Zone":3,"Object_ID":411}},{"type":"Feature","id":412,"geometry":{"type":"LineString","coordinates":[[-71.95852927722328,41.042176402585824],[-71.95841296549725,41.04210600824982]]},"properties":{"Zone":4,"Object_ID":412}},{"type":"Feature","id":413,"geometry":{"type":"LineString","coordinates":[[-71.95841296549725,41.04210600824982],[-71.95833268777174,41.04207469262068],[-71.95833051112909,41.04207209080757],[-71.95832828187878,41.04207119759705],[-71.9583272061012,41.042069469979396],[-71.95832615781656,41.0420668880814],[-71.9583239548705,41.042065140569456],[-71.95832398114675,41.04206428716836],[-71.95832290536934,41.04206255955064],[-71.95832072988878,41.04205995865851],[-71.95832075619279,41.042059104357186],[-71.95831975927219,41.04205481563588],[-71.9583197855762,41.04205396133458],[-71.95831758263073,41.042052213822515],[-71.95831774034411,41.042047091615366],[-71.95831561628336,41.042042782099486],[-71.95831454050652,41.04204105448168],[-71.95831246899898,41.042035038163526],[-71.95831139322237,41.04203331054568],[-71.95831147207927,41.042030749442105],[-71.95830822085149,41.04202642003173],[-71.95830499590062,41.042021237220034],[-71.95830287181386,41.04201692860414],[-71.95830066887,41.04201518109176],[-71.95829741642699,41.042010852560246],[-71.95829639442101,41.042007417260805],[-71.95829198853446,41.04200392223575],[-71.9582887110049,41.04200044712609],[-71.95828763522948,41.041998719508],[-71.95828325443168,41.0419943710605],[-71.95828002948431,41.04198918824816],[-71.9582766718812,41.04198827512091],[-71.95827342065775,41.04198394570951],[-71.95827234488296,41.04198221809131],[-71.9582668118045,41.04197870407073],[-71.95826573721898,41.04197697647345],[-71.95826020297999,41.04197346153129],[-71.95825800003875,41.04197171401808],[-71.95825249329447,41.04196734479527],[-71.95825023777155,41.04196730498434],[-71.95824470350647,41.0419637909417],[-71.95824250056599,41.04196204342816],[-71.95823694005216,41.04195938188604],[-71.95823473830093,41.041957634393334],[-71.9582292040652,41.041954119449755],[-71.95822474560306,41.0419523321245],[-71.95822141546904,41.04195056561554],[-71.95821582984068,41.04194875839474],[-71.95821247226819,41.04194784436543],[-71.95820578453478,41.04194516472691],[-71.95820468367367,41.041944290530154],[-71.95819799477961,41.04194160996992],[-71.95819573925768,41.04194157015796],[-71.95818905158099,41.041938888718015],[-71.95818233878809,41.04193706159996],[-71.95817895491088,41.04193700187102],[-71.9581733692571,41.04193519554839],[-71.95816891079767,41.04193340822099],[-71.9581610433723,41.04193241458609],[-71.95815765949534,41.04193235485653],[-71.95815543025205,41.04193146164264],[-71.9581486899934,41.04193048790279],[-71.95814307687348,41.04192953495879],[-71.95813969418568,41.041929475249674],[-71.95813292762108,41.041929355810204],[-71.9581295712397,41.04192844179949],[-71.95812280467526,41.041928322359425],[-71.9581160381108,41.04192820291897],[-71.95811265423409,41.04192814318811],[-71.95806639030391,41.04192818221172],[-71.9580596237396,41.04192806276796],[-71.95805398553048,41.0419279632417],[-71.95804947448764,41.04192788361208],[-71.9580404261221,41.04192857775341],[-71.95803588996058,41.04192935244557],[-71.95802909711618,41.0419300864011],[-71.9580234314102,41.041930841153615],[-71.95801776570407,41.041931595905915],[-71.95801207490656,41.041933204079974],[-71.9580086910297,41.04193314434605],[-71.9580018993736,41.04193387832098],[-71.95799620738654,41.041935486473285],[-71.95799161744638,41.04193796884504],[-71.95798482578964,41.04193870281895],[-71.95798138932356,41.0419403507866],[-71.95797569852444,41.04194195895883],[-71.95797116117227,41.041942733627465],[-71.95796547037268,41.04194434179921],[-71.95796085417761,41.04194767667061],[-71.9579551621884,41.04194928482084],[-71.95794944507912,41.041951747293076],[-71.9579448551638,41.04195422876279],[-71.95794023775025,41.04195756451255],[-71.95793452063971,41.04196002698402],[-71.95792993069554,41.041962509353375],[-71.95792531446966,41.04196584512351],[-71.95792185290831,41.0419683465114],[-71.95791610832572,41.04197166236204],[-71.95791151959676,41.0419741438514],[-71.9579080042269,41.04197835382038],[-71.95790226083172,41.041981669691324],[-71.95789990012645,41.041985045278146],[-71.95787204618708,41.04201018211665],[-71.95786624903414,41.04201520476681],[-71.95786276113043,41.04201856135437],[-71.9578581185873,41.04202275142305],[-71.95785452555363,41.04202952161444],[-71.95784872836994,41.04203454516392],[-71.95784405954244,41.04203958863303],[-71.95783941821342,41.04204377782169],[-71.95783587655272,41.04204884118948],[-71.95783233608057,41.042053904578076],[-71.95782879441877,41.0420589679456],[-71.95782525394547,41.04206403133398],[-71.95782171231039,41.04206909380107],[-71.9578192738832,41.04207503141063],[-71.95781680801149,41.0420818214999],[-71.95781326634707,41.04208688486689],[-71.957811981398,41.04209198807426],[-71.95780851863674,41.04209448943771],[-71.95780733887423,41.04209617724066],[-71.95780497816,41.042099552825434],[-71.95780374458698,41.042102949209756],[-71.95780033557989,41.042103743791984],[-71.957797948582,41.0421079727776],[-71.95779564046077,41.04210964066002],[-71.9577933323394,41.04211130854238],[-71.9577910242179,41.04211297642468],[-71.9577875626438,41.0421154778085],[-71.95778525452207,41.04211714569072],[-71.95778297268338,41.04211796017192],[-71.957779563703,41.04211875385329],[-71.9577772555809,41.042120421735326],[-71.95777379281691,41.0421229230977],[-71.95777038380844,41.04212371767898],[-71.95775787262073,41.04212691406059],[-71.95774531002564,41.042131818163995],[-71.95773277255132,41.04213586794383],[-71.95771792811243,41.04214158652439],[-71.95770418574557,41.042148178425265],[-71.9576905473801,41.042151354899254],[-71.9576802403044,41.04215629881736],[-71.9576653946951,41.04216201646996],[-71.95765393297181,41.04216779386496],[-71.95763911480404,41.04217265903439],[-71.95762770567485,41.04217672872477],[-71.95761168144867,41.04218413509263],[-71.95760137438968,41.04218907810349],[-71.95758762962338,41.04219566994846],[-71.95757619417341,41.04220059393482],[-71.95756132339265,41.04220716679633],[-71.95755901526204,41.04220883467402],[-71.95755439902807,41.04221216952896],[-71.95755088481191,41.042216379507856],[-71.9575450887779,41.042221403062904],[-71.95754167860034,41.04222219671629],[-71.95754041994186,41.042226445619335],[-71.95753695713567,41.04222894787478],[-71.95753231458501,41.04223313702999],[-71.95752880036635,41.04223734700819],[-71.95752531248927,41.042240701784976],[-71.95751951526219,41.0422457253177],[-71.95751597475531,41.042250788696386],[-71.95751592215414,41.04225249639841],[-71.95751238045766,41.042257559756],[-71.95751122699915,41.042258393254805],[-71.95750768649097,41.04226345663322],[-71.95750522055268,41.042270247615775],[-71.95750285981686,41.04227362319428],[-71.95750278092842,41.04227618429715],[-71.95749923922968,41.042281247654316],[-71.95749685217847,41.04228547753378],[-71.95749554091418,41.0422914341383],[-71.95749323277893,41.042293102014646],[-71.95749192029746,41.04229905949832],[-71.95749068792135,41.0423024549999],[-71.95748942925808,41.042306703902376],[-71.95748814309081,41.04231180708489],[-71.95748683182524,41.042317763689276],[-71.95748565086153,41.04231945146783],[-71.95748557197236,41.04232201257069],[-71.95748428699352,41.04232711577414],[-71.95748412918738,41.042332238880036],[-71.9574817947632,41.04233476015698],[-71.95748163695687,41.042339883262855],[-71.95748147915047,41.042345006368706],[-71.95748132134406,41.04235012947462],[-71.95748226561278,41.04235612590477],[-71.9574832624837,41.042360414633],[-71.9574831835667,41.042362976636035],[-71.95748187111066,41.04236893321929],[-71.95748394255327,41.04237494955189],[-71.95748501831388,41.04237667717721],[-71.95748486050768,41.04238180028305],[-71.9574847815907,41.0423843622861],[-71.95748685303411,41.04239037861859],[-71.95748784871685,41.042394667325766],[-71.95774923645625,41.042627375050195]]},"properties":{"Zone":4,"Object_ID":413}},{"type":"Feature","id":414,"geometry":{"type":"LineString","coordinates":[[-71.95774923645625,41.042627375050195],[-71.95771815601012,41.04264733080087],[-71.95768592094835,41.04266811822206],[-71.95765714863678,41.04268640517592],[-71.95762491469819,41.04270719350117],[-71.95753846612577,41.042766323099535],[-71.9574576294238,41.042826404688604],[-71.95581275958459,41.04406171572258]]},"properties":{"Zone":4,"Object_ID":414}},{"type":"Feature","id":415,"geometry":{"type":"LineString","coordinates":[[-71.95581275958459,41.04406171572258],[-71.9555856985638,41.04388684722786],[-71.95522212845388,41.04418711472971],[-71.95503914855105,41.0443393620575],[-71.95499057858952,41.0443043335295],[-71.95497403085878,41.04429208058006],[-71.95479367319615,41.04443241436998],[-71.95460177452249,41.044581086984365],[-71.95440289741165,41.044736470416204],[-71.9542359173253,41.04484543159194],[-71.95422445483946,41.04485120864361],[-71.95421181244842,41.04485867345932],[-71.95420037747768,41.04486359713003],[-71.95418891495783,41.04486937507835],[-71.95417291486652,41.044875926644465],[-71.95416255441552,41.04488257794553],[-71.95414886262822,41.04488746169944],[-71.95413740012755,41.04489323874242],[-71.95412368200472,41.04489897589297],[-71.95410768306108,41.04490552837126],[-71.95409514602935,41.0449095777753],[-71.95408252875559,41.04491618915617],[-71.95406999172026,41.044920238557495],[-71.9540574271343,41.04492514223623],[-71.9540437353304,41.044930025977635],[-71.95380143542464,41.04499323179786],[-71.95379123182678,41.04499475994675],[-71.95378100308164,41.044997141515275],[-71.95377080064402,41.0449986705836],[-71.95375380381064,41.045000933334045],[-71.95374472861674,41.04500248143862],[-71.95373565342241,41.045004029542525],[-71.95372660578106,41.045004723367],[-71.95371527496253,41.04500623157017],[-71.95370622613163,41.04500692537204],[-71.95369489650129,41.045008433594255],[-71.95368584642522,41.045009129173884],[-71.95367567037634,41.045009803033956],[-71.95365867472592,41.04501206579141],[-71.95364057703337,41.0450134542858],[-71.95363150183515,41.04501500238153],[-71.95362135093366,41.04501482281629],[-71.9536123021006,41.0450155166108],[-71.95360215238819,41.045015337064946],[-71.95358520941062,41.04501589301268],[-71.9535750596982,41.045015713464444],[-71.95356485730854,41.04501724071416],[-71.95354793953553,41.045016941435556],[-71.95353663504987,41.04501759622179],[-71.95352648533732,41.045017416669275],[-71.95351633562485,41.04501723711587],[-71.95350618469551,41.04501705844071],[-71.95344641245038,41.04501600101697],[-71.9533888946139,41.04501498434721],[-71.95332799277706,41.045013906877855],[-71.953269347727,41.04501287020574],[-71.95321182989595,41.04501185344799],[-71.95315092925397,41.04501077590651],[-71.9530911821758,41.04500886487885],[-71.95303028151072,41.04500778817405],[-71.9529614856001,41.04500657082771],[-71.95288823230203,41.04500356773233],[-71.95282169199346,41.04500239111846],[-71.95275404965818,41.04500034019735]]},"properties":{"Zone":4,"Object_ID":415}},{"type":"Feature","id":416,"geometry":{"type":"LineString","coordinates":[[-71.95970590240783,41.03987348211765],[-71.95970474780181,41.039874316517924],[-71.95970251863453,41.03987342243324],[-71.95970254489218,41.03987256903136],[-71.95969921485093,41.03987080166391],[-71.95969924113632,41.039869947361815],[-71.95969698568386,41.039869907579074],[-71.95969480903236,41.039867306690525],[-71.95969483531779,41.03986645238844],[-71.95969376072931,41.03986472480357],[-71.95969268495199,41.0398629971977],[-71.95969158407816,41.03986212391491],[-71.9596916628792,41.039859562809106],[-71.9596894599704,41.03985781532228],[-71.95968728215836,41.039855213512354],[-71.9596862326391,41.03985263250461],[-71.95968400347286,41.03985173841955],[-71.95968182682243,41.03984913753074],[-71.95967962510322,41.039847390064686],[-71.95967852304089,41.03984651676079],[-71.9596763201329,41.03984476927369],[-71.95967521928726,41.039843895090534],[-71.95967301637944,41.039842147603416],[-71.95967076092802,41.03984210782014],[-71.95966855802037,41.03984036033292],[-71.9596652267927,41.03983859294347],[-71.95966187046831,41.039837679876996],[-71.9596585404022,41.039835913408574],[-71.95965738582387,41.03983674690819],[-71.95965515663086,41.039835853722785],[-71.95965180033446,41.039834939755764],[-71.95964282988511,41.03983307289603],[-71.95963724436868,41.03983126664313],[-71.95962940224027,41.03982941968477],[-71.9596215350426,41.03982842614865],[-71.9596136941039,41.03982657921017],[-71.95960700655546,41.03982389875105],[-71.95959911307213,41.039823759515514],[-71.95959124587557,41.03982276597741],[-71.95958337627361,41.039821773296985],[-71.95957666246767,41.03981994623795],[-71.95956764185397,41.039819787118205],[-71.95955977344168,41.03981879445716],[-71.95955187995906,41.03981865521839],[-71.95954401273615,41.039817662577256],[-71.95953611925364,41.03981752333738],[-71.95952822339329,41.03981738405506],[-71.95951807446033,41.03981720502795],[-71.95950792552745,41.0398170259999],[-71.95949323943333,41.039817620799454],[-71.95948309050046,41.039817441769245],[-71.95947294037865,41.039817262717165],[-71.95946389226053,41.039817958770584],[-71.95945374213875,41.03981777971681],[-71.959443566945,41.03981845408498],[-71.95943449259306,41.03982000263767],[-71.95942434365999,41.03981982360229],[-71.95941645017751,41.039819684354285],[-71.95940401831587,41.039820319809984],[-71.95939497025203,41.03982101405759],[-71.95937912954672,41.03982244323987],[-71.95936329000196,41.039823873341156],[-71.95935311477866,41.03982454860153],[-71.95934404042377,41.039826097147184],[-71.95933499116958,41.039826791369094],[-71.95932591681398,41.03982833991332],[-71.95931461448639,41.03982899438561],[-71.95930554012999,41.03983054292825],[-71.95929533864218,41.03983207158534],[-71.95928629052021,41.03983276762489],[-71.95927042235763,41.039835050173046],[-71.95925453028073,41.03983818706302],[-71.95924320047052,41.039839695809356],[-71.95923638156218,41.039841284138085],[-71.95922164290492,41.0398435866069],[-71.95921028799032,41.039845949672944],[-71.95919670150981,41.03984741950168],[-71.95918308998102,41.03984974185134],[-71.95916837758446,41.03985119091162],[-71.95915476724286,41.03985351327895],[-71.95914005484491,41.03985496233562],[-71.95912646838865,41.03985643125587],[-71.95911290938602,41.039857046793806],[-71.95910155446522,41.039859409849136],[-71.95908799546174,41.03986002538418],[-71.95907441019229,41.03986149431929],[-71.95905859576402,41.03986206915578],[-71.95904839426571,41.039863597791054],[-71.95903486155476,41.039863359017914],[-71.95902132884396,41.03986312024314],[-71.95901456364983,41.03986300177641],[-71.95901117987769,41.03986294207179],[-71.95900446489436,41.03986111495861],[-71.95900108231126,41.03986105527469],[-71.95899544427645,41.03986095579426],[-71.95899095963986,41.0398600227996],[-71.95898537297765,41.03985821559405],[-71.95898427214087,41.03985734140428],[-71.95897868666806,41.039855534219456],[-71.95897310000656,41.03985372701328],[-71.9589686416655,41.039851939715845],[-71.95896641248129,41.039851046517185],[-71.95896308246074,41.03984927912848],[-71.95895865038747,41.039846638428976],[-71.95895534547334,41.0398440167172],[-71.95895204053178,41.03984139590552],[-71.95894320389934,41.03983525932434],[-71.95893659520726,41.03983001772119],[-71.95892998654396,41.03982477521745],[-71.95892225075106,41.039819512824856],[-71.95891564090093,41.03981427029926],[-71.95890905850868,41.03980817439261],[-71.958902449822,41.03980293278747],[-71.9588936394673,41.0397959428007],[-71.95888372587456,41.03978807948078],[-71.95887937266859,41.039782876772705],[-71.95887166196391,41.03977676095403],[-71.95886730875964,41.03977155824544],[-71.95886185469472,41.03976548224596],[-71.95885524604373,41.039760239737866],[-71.95884868995867,41.03975328952577],[-71.95884320960059,41.0397480678273],[-71.95880951111928,41.039706466934845],[-71.95880730823883,41.03970471943113],[-71.95880400331008,41.03970209861515],[-71.95880292874749,41.03970037102192],[-71.95880187929282,41.039697789105844],[-71.95880080473036,41.039696061512615],[-71.95879749980229,41.03969344069642],[-71.95879416979415,41.03969167330287],[-71.9587919931839,41.0396890723972],[-71.95878979030448,41.039687324893166],[-71.95878758742523,41.03968557738909],[-71.95878425741776,41.039683809995246],[-71.95878205453872,41.03968206249109],[-71.95878097878804,41.03968033487666],[-71.95877539333567,41.03967852768189],[-71.95877434385471,41.039675946665724],[-71.9587698604504,41.03967501278325],[-71.95873099405311,41.03965467901067],[-71.95865646232576,41.039620046774296],[-71.95858192945956,41.03958541536882],[-71.95850742534965,41.039549929655166],[-71.95842951010283,41.039515237552244]]},"properties":{"Zone":3,"Object_ID":416}},{"type":"Feature","id":417,"geometry":{"type":"LineString","coordinates":[[-71.95842951010283,41.039515237552244],[-71.9583906187904,41.039495757987424],[-71.95834721667977,41.03947619699094],[-71.95834052921784,41.03947351645845],[-71.9583338943343,41.03946912822207],[-71.95832610605208,41.039465573492656],[-71.958317163182,41.03946285224908],[-71.95830934857058,41.039460152720636],[-71.95830378826382,41.03945749118018],[-71.95829487164363,41.039453917433434],[-71.95828592877642,41.039451196187436],[-71.95828034216787,41.03944938894767],[-71.95827255389082,41.03944583421469],[-71.95826248387385,41.03944309397228],[-71.95825466929472,41.0394403935399],[-71.95824572524198,41.039437672269784],[-71.95823788438783,41.03943582523791],[-71.95823006862153,41.0394331247829],[-71.95821999863598,41.039430383636585],[-71.95816170021773,41.03941824982053],[-71.95809886464353,41.03940689064916],[-71.9580596305703,41.03939850877316],[-71.95802370133372,41.03939274952284],[-71.95798559675141,41.039384388461116],[-71.95794743840204,41.03937773506918],[-71.95791269011455,41.039370287099715],[-71.95787114800724,41.03936357484595],[-71.95783411918161,41.03935694135725],[-71.95780047170275,41.039350368455075],[-71.95775586144642,41.039370083532454],[-71.95771124875796,41.0393897994508],[-71.95766658585359,41.03941122219681],[-71.95762420342412,41.03943183222638],[-71.95758069387212,41.039452421438654],[-71.95753720938951,41.03947215721197],[-71.9574947754981,41.03949447401776],[-71.95744782951104,41.03951671113372],[-71.95744323971775,41.039519193485134],[-71.95743867623841,41.03952082153473],[-71.95743295934709,41.0395232830826],[-71.95742836958047,41.039525764533224],[-71.95742267778618,41.039527372658185],[-71.95741808799121,41.03952985500858],[-71.95741352569954,41.039531483078186],[-71.95740783387664,41.039533092102616],[-71.95740211698306,41.03953555364894],[-71.95739755350165,41.03953718169689],[-71.95739183660733,41.03953964324275],[-71.95738727312539,41.03954127129032],[-71.9573816064272,41.03954202599085],[-71.95737591581931,41.03954363413451],[-71.95736676256627,41.03954774362959],[-71.95736112456053,41.039547644069486],[-71.95735546023944,41.03954839881069],[-71.9573508967837,41.03955002595661],[-71.95734520498543,41.03955163407773],[-71.95733951437587,41.03955324221963],[-71.95733385005401,41.03955399695982],[-71.95732813196693,41.039556458481464],[-71.95732362224746,41.039556379744745],[-71.9573168033223,41.039557967960505],[-71.95731003581214,41.039557848451814],[-71.95730547232694,41.03955947649612],[-71.95729980800414,41.03956023123469],[-71.95729414252001,41.039560985051686],[-71.95728847822474,41.039561738889425],[-71.95727943014631,41.03956243387185],[-71.95727261121947,41.03956402208495],[-71.95726466516638,41.03956559039308],[-71.9572590008704,41.039566344229385],[-71.95725215562588,41.03956878674289],[-71.95724538930367,41.039568667251466],[-71.95723859547564,41.0395694020402],[-71.95723177773604,41.039570990271926],[-71.95722498509656,41.039571725080826],[-71.95721821877416,41.03957160558778],[-71.95721139987263,41.03957319289712],[-71.95720235179184,41.03957388787347],[-71.95719784209906,41.03957380823162],[-71.95719107577649,41.03957368873701],[-71.95718425684632,41.03957527694494],[-71.95717520760375,41.03957597099795],[-71.957168441281,41.03957585150201],[-71.95716052151435,41.03957656640166],[-71.95715375519157,41.03957644690487],[-71.95714698884107,41.039576328307874],[-71.9571402237073,41.03957620883127],[-71.95713571282543,41.03957612916599],[-71.95712894650276,41.039576009667734],[-71.9571210793726,41.03957501596156],[-71.95711431186106,41.0395748964414],[-71.95710754553855,41.039574776941954],[-71.9570985237752,41.03957461760864],[-71.95709403918467,41.03957368454042],[-71.95708727405125,41.03957356506073],[-71.9570782522881,41.03957340572586],[-71.95707153857627,41.039571578521354],[-71.9570659531796,41.03956977124403],[-71.95705918566875,41.039569651720726],[-71.95705580191333,41.0395695919589],[-71.95705241931913,41.03956953311819],[-71.95704785582674,41.03957116115237],[-71.95704447326021,41.03957110141121],[-71.9570421915278,41.03957191497805],[-71.95703762803504,41.03957354301179],[-71.95703309083392,41.03957431764404],[-71.95703080910123,41.03957513121064],[-71.95702627189995,41.03957590584264],[-71.95702396384739,41.03957757371066],[-71.95702281042944,41.03957840720502],[-71.95701824693572,41.03958003523802],[-71.95701596517496,41.039580849704535],[-71.9570125037038,41.0395833510666],[-71.95701019565062,41.03958501893434],[-71.95700675928232,41.039586666873895],[-71.95700447754886,41.039587480440034],[-71.95700216949535,41.039589148307556],[-71.95699988892304,41.0395899627948],[-71.95699865538313,41.039593358272256],[-71.9569952465231,41.03959415193095],[-71.9569929121768,41.03959667319966],[-71.95699055151009,41.03960004876983],[-71.9569893705822,41.0396017365444],[-71.95698819084313,41.03960342433992],[-71.95698470186055,41.03960677998167],[-71.95695771379391,41.03964047595645],[-71.9569530976808,41.039643811689615],[-71.956944993797,41.039650502183925],[-71.95694029874771,41.039656399920865],[-71.95693332079954,41.03966311030102],[-71.9569252431769,41.039668948292864]]},"properties":{"Zone":3,"Object_ID":417}},{"type":"Feature","id":418,"geometry":{"type":"LineString","coordinates":[[-71.95691598464948,41.03967647315765],[-71.95690785440895,41.039684018850984],[-71.95689752017573,41.03968981608247],[-71.95688941625292,41.039696507473025],[-71.95688021030543,41.03970232553236],[-71.95687100557295,41.039708142711824],[-71.95686177332804,41.03971481417093],[-71.95685836327122,41.03971560780461],[-71.95685831065512,41.03971731550731],[-71.95685605520958,41.03971727566919],[-71.95685490178707,41.03971810916192],[-71.95685374833683,41.039718943554774],[-71.95685262001952,41.03971892362515],[-71.95685146659694,41.039719757117794],[-71.95685036457397,41.039718883786946],[-71.95684921115131,41.03971971727955],[-71.95684582738842,41.03971965751159],[-71.95684470026012,41.039719637602914],[-71.95684244481448,41.039719597764545],[-71.95684021566328,41.03971870452488],[-71.95683908734605,41.03971868459516],[-71.95683683190046,41.03971864475667],[-71.95683575738883,41.03971691714518],[-71.95683462907158,41.03971689721543],[-71.95683239994835,41.039716003075405],[-71.95683129792563,41.039715129744366],[-71.95683014450286,41.039715963236794],[-71.95682909509706,41.039713382203026],[-71.9568280205857,41.03971165459145],[-71.95682579140725,41.039710762251744],[-71.95682584402418,41.03970905454907],[-71.95682361490128,41.03970816040883],[-71.95682146469014,41.03970470516466],[-71.9568192881568,41.03970210422186],[-71.95681934077388,41.039700396519166],[-71.95681598449573,41.03969948337009],[-71.95681386060772,41.03969517382431],[-71.95681052946344,41.03969340635263],[-71.9568083266361,41.03969165881084],[-71.95680499668107,41.039689891360034],[-71.95680169183217,41.03968727048684],[-71.95680061732197,41.03968554287503],[-71.95679841449514,41.039683795333076],[-71.95679395503517,41.0396820079308],[-71.95679062508101,41.03968024047951],[-71.95678842225462,41.03967849293739],[-71.95678393766141,41.03967755985715],[-71.95677835226365,41.03967575256597],[-71.95676938310577,41.039673885504335],[-71.95676379770872,41.039672078212455],[-71.95675821112302,41.039670270899265],[-71.95675152370573,41.03966759027503],[-71.95674478369777,41.03966661645289],[-71.95673919711305,41.039664809138806],[-71.9567302028231,41.03966379639657],[-71.95672351543533,41.03966111487049],[-71.9567156470567,41.039660122916175],[-71.95671000904245,41.03966002332437],[-71.95670219450089,41.039657322787264],[-71.9566954281707,41.03965720326365],[-71.9566864052082,41.039657043877234],[-71.95668192064562,41.0396561098928],[-71.95667515550451,41.03965599038901],[-71.95667067091439,41.03965505730439],[-71.9566684154711,41.039655017462636],[-71.956665005415,41.039655811090576],[-71.95666274997173,41.0396557712487],[-71.9566593674012,41.0396557114963],[-71.95665711195785,41.03965567165432],[-71.95665257474671,41.03965644627164],[-71.95664919217617,41.03965638651896],[-71.95664691043594,41.03965720007797],[-71.95664352667642,41.039657140304094],[-71.95664009148419,41.03965878825375],[-71.95663668261655,41.03965958190191],[-71.95663324623507,41.03966122983039],[-71.95663211910774,41.039661209919636],[-71.95662983733948,41.03966202437851],[-71.95662639976871,41.0396636722858],[-71.95662522001936,41.03966536007756],[-71.95662181112347,41.0396661546255],[-71.95661950305758,41.03966782248543],[-71.95661722128891,41.039668636944064],[-71.95661375860914,41.039671138273135],[-71.95661150316536,41.03967109843027],[-71.95661029711813,41.03967363962311],[-71.9566068344101,41.039676141852205],[-71.95660452634357,41.03967780971183],[-71.95660334659334,41.03967949750341],[-71.95660101222913,41.03968201876417],[-71.95659988510147,41.03968199885311],[-71.95659636979757,41.03968620788422],[-71.95659408802798,41.03968702234245],[-71.95659062653537,41.039689523691834],[-71.95658826584487,41.03969289925369],[-71.95658713752812,41.0396928793215],[-71.9565836760072,41.03969538157089],[-71.95658018821602,41.03969873632119],[-71.95657790644577,41.03969955077902],[-71.95657444376293,41.03970205210693],[-71.95657098224106,41.03970455435592],[-71.95656867417256,41.03970622221481],[-71.95656295723292,41.03970868371961],[-71.95655949454905,41.03971118504703],[-71.95655836742097,41.03971116513558],[-71.95655264926381,41.03971362751904],[-71.95655036749268,41.03971444197635],[-71.95654467684992,41.039716050079065],[-71.95654352339571,41.039716884468874],[-71.95653785788963,41.039717638248824],[-71.95653329437448,41.03971926626265],[-71.95652763002924,41.03972002096332],[-71.95652311794944,41.03971994125313],[-71.9565174273055,41.03972154935452],[-71.95651291641457,41.03972146966495],[-71.95650725209666,41.039722223464395],[-71.95650497032467,41.039723037920844],[-71.95649930481761,41.039723791698925],[-71.95649586961834,41.03972543964426],[-71.95649020529996,41.039726193442945],[-71.95648451346571,41.03972780152162],[-71.9564799499485,41.03972942953334],[-71.95647651474846,41.039731077478145],[-71.95647189860483,41.03973441319203],[-71.95646848970354,41.03973520773543],[-71.95646389985846,41.039737690047865],[-71.9564592837137,41.03974102576125],[-71.95645466756851,41.03974436147446],[-71.95645120606764,41.03974686281964],[-71.95644766442368,41.03975192614758],[-71.95644645836865,41.03975446733871],[-71.95644181589458,41.03975865735275],[-71.95643945519404,41.03976203291153],[-71.95643594106467,41.039766241958766],[-71.95643242574592,41.039770450984825],[-71.95642893791539,41.03977380663073],[-71.95642526471393,41.03978313876407],[-71.95642164532772,41.03979076321584],[-71.95641695022205,41.03979666093128],[-71.95641330453424,41.039805138783905],[-71.95640973655648,41.039811056411956],[-71.95640611716705,41.03981868086314],[-71.95640472568118,41.03982720034175],[-71.95640000548796,41.03983395057844],[-71.95639638487943,41.0398415759085],[-71.95639276548675,41.03984920035923],[-71.95639137405401,41.0398577180372],[-71.95638890809087,41.039864508999706],[-71.95638528869607,41.039872133450196],[-71.95638392353449,41.03987979862709],[-71.9563813798298,41.039889150714025],[-71.95637891386441,41.039895941676306],[-71.95637752242892,41.03990445935397],[-71.95637621108344,41.03991041684929],[-71.95637484594782,41.039918081125826],[-71.9563712265485,41.039925705575754],[-71.95636873428013,41.03993334993884],[-71.95636736914315,41.03994101421525],[-71.95636482421708,41.039950367180886],[-71.95636235946439,41.03995715726351],[-71.95635986832731,41.0399648034478],[-71.95635734975546,41.03997330121169],[-71.95635262833035,41.03998005232542],[-71.95635126319051,41.03998771660151],[-71.95634879721842,41.03999450756301],[-71.95634633124578,41.04000129852446],[-71.95634271183862,41.04000892297335],[-71.95633909243064,41.04001654742209],[-71.95633547183287,41.04002417184973],[-71.95633185239546,41.04003179719846],[-71.95632831075491,41.0400368596222],[-71.95632587107974,41.04004279718206],[-71.95632225166798,41.04005042163022],[-71.95631863225537,41.04005804607829],[-71.9563138581899,41.04006650489265],[-71.95631023755877,41.04007413021959],[-71.95630664444492,41.04008090126616],[-71.95630302502884,41.04008852571368],[-71.95629948335527,41.04009358903667],[-71.95629360847947,41.04010117363487],[-71.95629122145758,41.04010540259141],[-71.9562864473852,41.04011386140453],[-71.9562817522723,41.040119758213905],[-71.95627700452722,41.04012736272533],[-71.95627469643664,41.04012903057819],[-71.9562723620163,41.04013155273223],[-71.95626777335316,41.04013403415745],[-71.956263157171,41.040137369862684],[-71.95625966812365,41.04014072548217],[-71.9562550782704,41.040143206885865],[-71.95624936125375,41.04014566927511],[-71.95624477137203,41.040148151578606],[-71.95624020782006,41.0401497795807],[-71.95623451713236,41.04015138766797],[-71.95623108190435,41.04015303560531],[-71.95622767181746,41.04015382922028],[-71.95622200624268,41.04015458388493],[-71.95621518722965,41.04015617203554],[-71.95621062367633,41.040157800036404],[-71.95620498562054,41.04015770041999],[-71.95619819293735,41.040158434268385],[-71.95619368201704,41.04015835456638],[-71.9561891447661,41.040159129165396],[-71.95618353304094,41.04015817524674],[-71.95617445856641,41.0401597235436],[-71.95616651241606,41.04016129177612],[-71.95616089947437,41.04016033873554],[-71.95615636222291,41.040161113333276],[-71.95614731405082,41.040161808227076],[-71.95614277682678,41.04016258192408],[-71.95613713877069,41.04016248230436],[-71.95613370235068,41.040164130217796],[-71.9561291651264,41.04016490391427],[-71.95612237360284,41.04016563867936],[-71.9561178363783,41.04016641237544],[-71.9561099153408,41.040167127182016],[-71.9561007631122,41.04017123659737],[-71.9560928157698,41.04017280480379],[-71.95608597041974,41.04017524724792],[-71.95607802307644,41.04017681545329],[-71.95607117772539,41.040179257896604],[-71.95606433359056,41.04018169946028],[-71.9560552064729,41.04018495544997],[-71.95604838745273,41.04018654359069],[-71.95604036235378,41.040190672917646],[-71.95603351699988,41.040193115358676],[-71.95602664534047,41.04019641120029],[-71.95601751821891,41.04019966718699],[-71.95601067408005,41.04020210874747],[-71.95600267290432,41.040205384628834],[-71.95599577612556,41.04020953389053],[-71.95599462146694,41.04021036825375],[-71.9559900578768,41.04021199714615],[-71.9559866226396,41.04021364507623],[-71.9559820590768,41.04021527306807],[-71.95597636840495,41.04021688024244],[-71.95597293197821,41.040218528151094],[-71.95596721494452,41.04022099052634],[-71.955964985816,41.04022009636968],[-71.9559615493888,41.04022174427801],[-71.95595588499415,41.04022249895059],[-71.95595137406984,41.04022241923914],[-71.95594793883113,41.04022406716801],[-71.95594455504333,41.040224007373745],[-71.95593889067602,41.04022476114531],[-71.95593550807715,41.04022470137174],[-71.95593322628092,41.04022551581679],[-71.95592761217588,41.0402245618437],[-71.95592307610625,41.04022533645331],[-71.95592084697823,41.040224442295795],[-71.95591630971951,41.04022521688415],[-71.95591177248849,41.040225990572104],[-71.9559050587427,41.040224163300195],[-71.95589829232836,41.04022404463023],[-71.95589152594181,41.04022392505963],[-71.95588476074421,41.04022380550964],[-71.95588137695648,41.040223745713476],[-71.95587461056998,41.0402236261419],[-71.95586894498524,41.040224380789184],[-71.95586330692424,41.04022428115613],[-71.95585764136706,41.04022503490269],[-71.95585197697099,41.04022578957025],[-71.95584859437214,41.04022572979413],[-71.95584403083281,41.040227356880315],[-71.95583723811076,41.040228091607695],[-71.95583041908091,41.04022967973558],[-71.9558247020688,41.04023214120357],[-71.95581790934598,41.04023287592979],[-71.95581334574995,41.0402345048152],[-71.9558065267189,41.040236092941676],[-71.9558031178116,41.04023688656516],[-71.95579739958107,41.040239348910994],[-71.95579511781034,41.0402401624531],[-71.955790554241,41.04024179043741],[-71.95578599067139,41.04024341842156],[-71.95578142710163,41.040245046405516],[-71.95577576273068,41.04024580016908],[-71.9557711991605,41.04024742815259],[-71.95576553357252,41.04024818279487],[-71.95576099752712,41.04024895649791],[-71.95575871572788,41.040249770939525],[-71.95575420480192,41.04024969122041],[-71.95574853924134,41.04025044496162],[-71.95574515664133,41.04025038518248],[-71.95574061937877,41.04025115976392],[-71.95573610845275,41.040251080044065],[-71.9557304703897,41.04025098040452],[-71.95572595824702,41.040250901563525],[-71.95572032018399,41.04025080192349],[-71.95571580925794,41.04025072220283],[-71.95570906920592,41.04024974832046],[-71.95570232912635,41.04024877533792],[-71.95569223278429,41.040246888273195],[-71.95568549273301,41.040245914389466],[-71.95567880530105,41.04024323370357],[-71.95566870777148,41.04024134661578],[-71.95566312235668,41.04023953927098],[-71.95565417946376,41.04023681872222],[-71.95564636492504,41.040234117214],[-71.9556396774958,41.04023143652583],[-71.95563073463275,41.04022871507507],[-71.95562291885143,41.040226015344615],[-71.95561625776212,41.040222480354046],[-71.95560844319883,41.0402197797434],[-71.95560065497453,41.04021622483118],[-71.95559399388738,41.04021268983928],[-71.95558735911169,41.04020830144616],[-71.95550076499819,41.040162348311775],[-71.95547640246829,41.0401473947829],[-71.9554509391269,41.04013156792575],[-71.9554287794246,41.0401183619541],[-71.955404418116,41.04010340843095],[-71.95537897993313,41.04008672813595],[-71.95535461745845,41.040071774581136],[-71.9553325631066,41.04005515318714],[-71.95530709864596,41.04003932627696],[-71.95530046512334,41.040034936988],[-71.95529495751798,41.04003056850164],[-71.95528829646575,41.04002703349198],[-71.9552850455058,41.04002270489484],[-71.95527615534247,41.04001827571464],[-71.95527287688003,41.040014800496905],[-71.95526624211759,41.0400104129854],[-71.95526186283823,41.040006064442466],[-71.95525750990204,41.040000861598344],[-71.95525195083364,41.03999820083278],[-71.95524534244484,41.039992958118766],[-71.95524098951078,41.039987755274],[-71.95523548191326,41.03998338678472],[-71.95522887352723,41.03997814406974],[-71.95522559625824,41.03997466887169],[-71.95522014132129,41.03996859267983],[-71.9552069520601,41.0399572538679],[-71.95519161029159,41.03994245973808],[-71.95517962717497,41.03992857884482],[-71.95516646305576,41.039916386606336],[-71.95515224962558,41.03990161241722],[-71.95513911304982,41.03988856589545],[-71.95512710244847,41.03987553837641],[-71.95511393832169,41.03986334703197],[-71.95510302970425,41.03985119375794],[-71.95508884261915,41.03983556615997],[-71.95507683319853,41.03982253955678],[-71.9550637744717,41.03980693100234],[-71.95504950842516,41.03979386450207],[-71.95503862733753,41.039780857841976],[-71.95502661674767,41.03976783121237],[-71.95501355801572,41.03975222355227],[-71.95500262308913,41.03974092456947],[-71.95499612007377,41.03973226643719],[-71.95498736158771,41.03972356933017],[-71.95497868214233,41.03971230931938],[-71.95496659372681,41.039701845607475],[-71.95495783527642,41.039693147597944],[-71.95494802749614,41.03968186853693],[-71.95493926905087,41.03967317052593],[-71.95492935713419,41.039665306888],[-71.9549195505519,41.03965402784549],[-71.95491076457807,41.03964618411236],[-71.95490200614232,41.039637486098485],[-71.95489324770894,41.03962878808396],[-71.95488226134523,41.03961919681233],[-71.95487350170008,41.03961049967546],[-71.95486141337521,41.039600034151896],[-71.95485808228774,41.03959826662395],[-71.954855879515,41.03959651904499],[-71.95485367674242,41.039594771465985],[-71.9548503204966,41.039593858259884],[-71.95484699059867,41.03959209075263],[-71.9548436331919,41.039591176625116],[-71.95484030329429,41.03958940911765],[-71.95483694585995,41.03958849589012]]},"properties":{"Zone":2,"Object_ID":418}},{"type":"Feature","id":419,"geometry":{"type":"LineString","coordinates":[[-71.95483694585995,41.03958849589012],[-71.95480217143525,41.03958190218805],[-71.95476841885872,41.03957874200759],[-71.95473469379571,41.03957472843756],[-71.95469983920604,41.03957069578629],[-71.95466613928468,41.03956582877442],[-71.95463236153347,41.03956352377653],[-71.95459863529749,41.03955951014574],[-71.95456383580482,41.03955376889356],[-71.95453236377189,41.03954979690568],[-71.95449753677657,41.03954490901326],[-71.95446381174723,41.03954089536423],[-71.95443011183056,41.03953602918384],[-71.95439643948916,41.03953030781346],[-71.95436384040865,41.039526314046725],[-71.95432903970918,41.039520574503314],[-71.95429646818134,41.0395157264377],[-71.95425938575654,41.0395107994857],[-71.95422917498709,41.03950257768705],[-71.95422361602944,41.039499915971575],[-71.95422025741924,41.03949900270514],[-71.95421692754284,41.03949723517968],[-71.95421131471315,41.039496281144174],[-71.95420688404162,41.03949364028345],[-71.95420355297689,41.039491872736576],[-71.95420242585324,41.03949185280218],[-71.95419686568086,41.03948919196456],[-71.95419240749308,41.03948740448293],[-71.95418684853817,41.03948474276566],[-71.9541846457869,41.03948299517385],[-71.95418021392841,41.03948035429106],[-71.95417690919366,41.03947773334275],[-71.95417470644287,41.039475985750826],[-71.95417024825659,41.0394741982683],[-71.95416804550608,41.03947245067621],[-71.95416589544092,41.03946899538249],[-71.95416256556749,41.03946722785548],[-71.95415928719068,41.03946375260581],[-71.95415821275294,41.03946202496935],[-71.95415380725349,41.03945852978466],[-71.95415050370988,41.0394559088566],[-71.95414725169097,41.03945157930565],[-71.95414397447688,41.039448104976756],[-71.95414292520763,41.03944552301823],[-71.95414074878786,41.03944292202489],[-71.9541396995188,41.03944034006636],[-71.95413642230568,41.03943686573723],[-71.95413537303686,41.03943428377865],[-71.95413319661779,41.039431682785185],[-71.95413222755332,41.03942653974533],[-71.95413005116238,41.03942393785157],[-71.95412905455237,41.03941964909156],[-71.95412690449095,41.03941619379706],[-71.95412698350633,41.03941363269477],[-71.95412598808565,41.039409343955754],[-71.95412609345804,41.03940592855258],[-71.95412391706799,41.03940332665868],[-71.95412292045873,41.03939903789859],[-71.95412299950202,41.03939647589607],[-71.95412197772482,41.0393930414579],[-71.95412098233257,41.03938875181855],[-71.95412106134815,41.039386190716264],[-71.95412232017178,41.03938194184763],[-71.95412245071235,41.03937767212249],[-71.95412255608487,41.039374256719256],[-71.95412376222201,41.039371715552186],[-71.95412384123748,41.039369154449865],[-71.95412507492033,41.03936575900284],[-71.95412523297888,41.03936063589801],[-71.9541342327728,41.0393249146732],[-71.95413439083055,41.03931979156831],[-71.954135650841,41.03931554272046],[-71.95413580889861,41.039310419615525],[-71.95413478596093,41.039306984256164],[-71.95413604597111,41.03930273540827],[-71.95413620402867,41.03929761230336],[-71.9541352074202,41.039293323543276],[-71.95413533914876,41.03928905383907],[-71.95413434372935,41.039284765099964],[-71.9541333471212,41.03928047633984],[-71.95413350398992,41.03927535321387],[-71.95413360936173,41.03927193781058],[-71.954131485634,41.0392676291153],[-71.95413051657209,41.03926248607526],[-71.95412839284481,41.03925817737991],[-71.95412736990826,41.039254742020454],[-71.95412744895121,41.039252180017876],[-71.9541253527426,41.03924701794279],[-71.95412543178561,41.03924445594019],[-71.95412446153554,41.03923931287898],[-71.9541245405508,41.03923675177659],[-71.95412244318175,41.0392315887802],[-71.95412031945598,41.03922728008476],[-71.9541182220875,41.03922211708826],[-71.95411604567606,41.039219516094334],[-71.95411612471942,41.03921695409171],[-71.9541139998056,41.03921264537508],[-71.95411192879516,41.03920662807752],[-71.95410865159506,41.039203153747415],[-71.95410873063867,41.03920059174484],[-71.95410655422825,41.039197990750715],[-71.95410330341382,41.039193661219294],[-71.95410117969055,41.03918935252339],[-71.95409902963804,41.03918589722821],[-71.95409462416009,41.039182402040964],[-71.95409354853965,41.039180674382834],[-71.9540914260063,41.03917636570777],[-71.95408591855194,41.03917199716296],[-71.954082613864,41.03916937531156],[-71.95408159093125,41.03916593995164],[-71.95407828740501,41.03916331902136],[-71.95407388192963,41.039159823833316],[-71.95407055207421,41.039158056303606],[-71.9540695027846,41.039155475244435],[-71.95406512364013,41.03915112665537],[-71.95406289457321,41.03915023246187],[-71.95405851661847,41.03914588389356],[-71.95405413750309,41.039141534403846],[-71.954048630054,41.03913716585722],[-71.95404535169948,41.039133690604054],[-71.95404099891601,41.03912848771309],[-71.95403664610541,41.039123285722184],[-71.954032266993,41.03911893623162],[-71.95402904251763,41.039113753297315],[-71.95402697149022,41.03910773689834],[-71.95402484777469,41.03910342820097],[-71.95402162330065,41.039098245266416],[-71.95402062670253,41.039093956505134],[-71.95401740104035,41.03908877354942],[-71.95401527735378,41.03908446395165],[-71.95401320632853,41.039078447552384],[-71.95401234146735,41.039069889086704],[-71.95401032313171,41.039062164985666],[-71.95400833112716,41.03905358748384],[-71.95400746745585,41.03904502903913],[-71.95400660378478,41.03903647059439],[-71.9540057388972,41.03902791302878],[-71.95400377209153,41.039018480304634],[-71.95400400917829,41.039010796097116],[-71.9540053218802,41.03900483954869],[-71.95400542725817,41.0390014241453],[-71.95400681781814,41.03899290557314],[-71.95400710759337,41.03898351366388],[-71.95400952107883,41.038978430452396],[-71.95400849934174,41.038974995112675],[-71.95400981085362,41.0389690385431],[-71.95401106967647,41.03896478967519],[-71.95401238237689,41.038958833126614],[-71.95401248775443,41.038955417723194],[-71.9540126458207,41.03895029461803],[-71.95401616006062,41.03894608564361],[-71.95401752547656,41.038938420492954],[-71.95401765718422,41.03893415168878],[-71.95402119778112,41.03892908841322],[-71.95402258952653,41.03892056986175],[-71.95402497667814,41.03891634005064],[-71.95402739015978,41.03891125683874],[-71.9540310097732,41.03890363246034],[-71.95403352863028,41.038895133844775],[-71.95403701650802,41.038891779170655],[-71.95403830287451,41.03888667602246],[-71.95404071635404,41.038881592810235],[-71.95404307714527,41.03887821729973],[-71.95404661773723,41.03887315402331],[-71.95404674825397,41.03886888519798],[-71.9540537779371,41.03886046636761],[-71.95405742387459,41.03885198858755],[-71.95406107102785,41.03884350992813],[-71.95406469063367,41.038835885548565],[-71.95406831145546,41.038828260289726],[-71.95406970197594,41.03881974261666],[-71.95407332157949,41.03881211823679],[-71.95407584045539,41.03880361871992],[-71.95407946124634,41.038795994360875],[-71.95408198009306,41.03878749574399],[-71.9540844989392,41.038778997127096],[-71.95408699142746,41.03877135281114],[-71.95408835561494,41.038763688538594],[-71.95408864537761,41.03875429662863],[-71.95409226500318,41.038746671347816],[-71.95409252840811,41.038738133738825],[-71.95409389378315,41.038730469487156],[-71.95409520531035,41.03872451201605],[-71.95409536336969,41.0387193889105],[-71.95409785585441,41.03871174459422],[-71.95409922003942,41.038704080321416],[-71.95410050520856,41.03869897715124],[-71.9541029976919,41.038691332834816],[-71.95410656578747,41.03868541617655],[-71.95410559554703,41.03868027311455],[-71.95410921513886,41.0386726487333],[-71.95411278326057,41.03866673117464],[-71.95411522305548,41.03866079455976],[-71.9541187636581,41.038655730380704],[-71.95412117712308,41.038650647166506],[-71.95412479790042,41.03864302280576],[-71.95412831211694,41.03863881382766],[-71.95412959728256,41.0386337106571],[-71.95413657424494,41.03862699952318],[-71.95414011597751,41.038621937164876],[-71.95414596463995,41.038615206074276],[-71.9541483254164,41.03861183056143],[-71.95415420040558,41.03860424606956],[-71.9541577421634,41.03859918281044],[-71.95416471911932,41.038592471674804],[-71.9541682070023,41.03858911609626],[-71.95417518392831,41.038582405860176],[-71.95418100628325,41.03857652726844],[-71.95418680225357,41.03857150387762],[-71.95419141840348,41.038568169154196],[-71.95419834266906,41.0385631657184],[-71.95420185809337,41.03855895585881],[-71.95420875600162,41.038554806723496],[-71.9542168085611,41.03854982324194],[-71.95422142354681,41.0385464875961],[-71.95422716798967,41.03854317282648],[-71.95423409224993,41.03853816938854],[-71.95424327072392,41.03853320581823],[-71.9542501422997,41.03852991008127],[-71.95425816733693,41.03852577997669],[-71.95426391180392,41.038522464305075],[-71.95427303878077,41.03851920845537],[-71.95427880838439,41.038515039361066],[-71.9542856536297,41.03851259702289],[-71.9542959077111,41.038509361105056],[-71.95430390757757,41.038506085319426],[-71.95431075279322,41.03850364387999],[-71.95431644338619,41.038502035886694],[-71.95432328860096,41.03849959444651],[-71.954330107489,41.03849800640683],[-71.954339181807,41.03849645735378],[-71.95434833394141,41.03849234717602],[-71.95435628109593,41.03849077998905],[-71.9543665088448,41.03848839746584],[-71.95437217308162,41.03848764377098],[-71.95438012145175,41.03848607570315],[-71.95438691282264,41.03848534104001],[-71.95439711540531,41.038483812836304],[-71.95440390674801,41.03848307907235],[-71.95441182760275,41.0384823643823],[-71.95442202902325,41.03848083525513],[-71.95443220406283,41.038480161328415],[-71.95443897026885,41.03848028098442],[-71.95445027479259,41.038479627030235],[-71.9544570398097,41.03847974666416],[-71.95446155061369,41.03847982643391],[-71.95446608776999,41.03847905190233],[-71.95446836949638,41.0384782383861],[-71.95447288030034,41.03847831815539],[-71.95447516205448,41.038477503738804],[-71.95447969918263,41.038476730106886],[-71.95448426266269,41.038475102173635],[-71.95448654441655,41.03847428775683],[-71.95449226132686,41.03847182635394],[-71.95449338843326,41.038471846285525],[-71.9544968511581,41.03846934411902],[-71.95450256806762,41.038466882715625],[-71.95450369636286,41.038466902668155],[-71.95450715789815,41.03846440048029],[-71.95451056675763,41.03846360599444],[-71.95451405580522,41.038460250426425],[-71.95453519599968,41.038433287023516],[-71.95455864662858,41.03840465583943],[-71.95458096778236,41.03837600377736],[-71.95460323502705,41.03834906029224],[-71.95462445533353,41.03831953579013],[-71.95464680275231,41.03829003031381],[-71.95466678941379,41.0382639003567],[-71.9546891631165,41.03823354147079]]},"properties":{"Zone":3,"Object_ID":419}},{"type":"Feature","id":420,"geometry":{"type":"LineString","coordinates":[[-71.9546891631165,41.03823354147079],[-71.95468124229443,41.03823425617989],[-71.95467683803794,41.0382307610351],[-71.95467248407522,41.03822555814583],[-71.95466917938357,41.038222937210826],[-71.95466590223063,41.03821946199552],[-71.95466039603451,41.0382150925979],[-71.95465827230638,41.03821078391123],[-71.95465386686371,41.038207288744566],[-71.95465064119519,41.03820210580546],[-71.9546462883976,41.03819690383637],[-71.95464411202681,41.03819430195159],[-71.95464088635968,41.03818911901214],[-71.9546387626336,41.038184810325156],[-71.95463440986587,41.038179607455405],[-71.95463228614054,41.03817529876823],[-71.95463016244322,41.03817098918081],[-71.95463171620355,41.0381206142129],[-71.95456200681598,41.038149282177855],[-71.95434380712824,41.038200099752395]]},"properties":{"Zone":2,"Object_ID":420}},{"type":"Feature","id":421,"geometry":{"type":"LineString","coordinates":[[-71.95434380712824,41.038200099752395],[-71.95407561960431,41.03826199410822],[-71.95406195672359,41.03826602357928],[-71.95404493645681,41.03826914069816],[-71.95403014409197,41.03827315018739],[-71.95401535169763,41.038277160574985],[-71.95400394420507,41.03828122993268],[-71.9539925618527,41.03828444586733],[-71.95398343489441,41.03828770169503],[-71.95397089907819,41.038291751992084],[-71.95391729195428,41.03831045259435],[-71.95390934597211,41.038312020672436],[-71.9539001663148,41.038316984195525],[-71.95389103931973,41.03832024091611],[-71.95388419529647,41.03832268235185],[-71.95387506713867,41.03832593814994],[-71.95386822192532,41.03832837956374],[-71.95386137668369,41.03833082187727],[-71.95385114896881,41.03833320345572],[-71.95384430375384,41.03833564486808],[-71.95383517678121,41.03833890068402],[-71.9538272044333,41.038341323057566],[-71.9538181038196,41.0383437245711],[-71.95381013144264,41.0383461478437],[-71.95380105718846,41.03834769505488],[-71.95379311001012,41.038349263104],[-71.9537840093663,41.03835166551506],[-71.9537453526592,41.03836123257391],[-71.95370444048757,41.0383707615207],[-71.95366350199716,41.03838114295354],[-71.9536225886125,41.03839067185031],[-71.9535952615524,41.03839873066251],[-71.95356457591203,41.038405877082695],[-71.95353950421,41.038413976684254],[-71.95351335690886,41.03842034861647],[-71.95350197331989,41.03842356448168],[-71.95349628271396,41.03842517243492],[-71.95348831037101,41.038427593884855],[-71.95348146510516,41.03843003617585],[-71.95347582601137,41.03842993640537],[-71.9534678272743,41.03843321305508],[-71.95346216303183,41.03843396670564],[-71.95345078062698,41.03843718258693],[-71.95344283461857,41.038438750632935],[-71.95343716918647,41.03843950426128],[-71.95343145221199,41.03844196651228],[-71.95342355771714,41.03844182683432],[-71.95341332996944,41.038444208373974],[-71.95340651106494,41.038445796359625],[-71.95339971849835,41.03844653094418],[-71.95338723534871,41.03844887257597],[-71.95337480487517,41.03844950740501],[-71.9533680386742,41.03844938768675],[-71.95336124491791,41.03845012224802],[-71.95335332527236,41.03845083598699],[-71.95334765981038,41.038451590511116],[-71.953341995565,41.038452344155864],[-71.95333407589119,41.03845305879375],[-71.95332618258422,41.03845291913018],[-71.95331941638297,41.0384527994091],[-71.95330698593585,41.03845343333063],[-71.95328668611542,41.03845307504202],[-71.9532697184995,41.03845448344489],[-71.95325277722291,41.03845503844459],[-71.95323360572478,41.03845469921117],[-71.95322230238223,41.03845535306742],[-71.95320538747349,41.03845505375932],[-71.9531941116326,41.03845485513342],[-71.95317942575566,41.038455450031925],[-71.95316589216434,41.038455210551156],[-71.9531501043616,41.03845493117949],[-71.95313882854863,41.03845473164801],[-71.95312194000998,41.038453578026804],[-71.95310840639138,41.03845333943956],[-71.95309712938995,41.03845313988295],[-71.95308024082463,41.03845198715592],[-71.95306896501238,41.038451787617625],[-71.95305320239238,41.0384506539108],[-71.95304192539156,41.03845045434884],[-71.95302842052253,41.03844936149345],[-71.95301265906488,41.038448228702386],[-71.9529631995991,41.03844222752081],[-71.95295645974348,41.038441254377894],[-71.95295194894386,41.03844117454949],[-71.95294518274451,41.03844105480653],[-71.95294069831684,41.038440120676825],[-71.95293277745124,41.03844083526618],[-71.9529271659184,41.03843988118919],[-71.95292039971916,41.03843976144476],[-71.95291358077556,41.03844135030157],[-71.9528886934773,41.03844347325711],[-71.95286605922725,41.038445635181],[-71.9528411719259,41.0384477581263],[-71.95281854002292,41.03844992098313],[-71.95279590576835,41.03845208289324],[-71.95276986501047,41.03845503927568],[-71.95274379549791,41.03845884991095],[-71.95272003529334,41.0384609927788],[-71.95271208926485,41.03846256077469],[-71.95270647651655,41.03846160756611],[-71.95270081226299,41.0384623611795],[-71.95269404606192,41.03846224142182],[-71.95268840815548,41.03846214163398],[-71.95268164195446,41.0384620218756],[-71.95267602920664,41.038461068665555],[-71.95266926300576,41.03846094890645],[-71.95266249680489,41.038460829146956],[-71.95265685889864,41.03846072935756],[-71.95265124617907,41.03845977524617],[-71.95264448113949,41.03845965640685],[-71.95263774128678,41.03845868324535],[-71.95263328321029,41.038456895703206],[-71.95262767168032,41.03845594161167],[-71.95261980234478,41.0384549484573],[-71.95258951440263,41.03844928645113],[-71.95256142676168,41.03844537201815],[-71.95251424906007,41.038438558066225],[-71.95246596947989,41.03843086892167],[-71.9524423926242,41.038427035207356],[-71.95241546083504,41.03842228733201],[-71.95236946302806,41.03841378467141],[-71.95235711166177,41.03841185738921],[-71.95234363078573,41.0384099110113],[-71.95233240652557,41.03840800367898],[-71.9523166726585,41.03840601651347],[-71.95230432129512,41.03840408922563],[-71.9522930694957,41.03840303526892],[-71.95227956345974,41.03840194230506],[-71.95226718574547,41.03840086841377],[-71.95225145182644,41.03839888303977],[-71.95223904654338,41.03839866342503],[-71.95222551415594,41.03839842385532],[-71.9522131364432,41.03839734995818],[-71.95220073116056,41.03839713033937],[-71.9521871999625,41.038396890786224],[-71.95217592178446,41.03839669111876],[-71.95216236420468,41.03839730586338],[-71.95214767714232,41.03839790060982],[-71.95213414594427,41.03839766105047],[-71.95211720470051,41.03839821498368],[-71.95210251763756,41.03839880972445],[-71.95207770826153,41.038398370482795],[-71.95205287369136,41.03839878555747],[-71.95203257511122,41.038398426169636],[-71.95200663863129,41.03839796695717],[-71.95198072731925,41.03839665431747],[-71.9519593279924,41.038395421560296],[-71.9519333915142,41.0383949623314],[-71.95191196583156,41.03839458296587],[-71.95189397536602,41.038392556687434],[-71.95187934226226,41.03839144281969],[-71.95187031945574,41.03839128395783],[-71.95186245251713,41.038390290794],[-71.95184666473536,41.038390011244466],[-71.95183208437741,41.038387189669805],[-71.95181634934134,41.038385202415135],[-71.95180061430624,41.03838321515834],[-71.95178600756506,41.038381247878476],[-71.95177030005203,41.03837840813844],[-71.95175459019029,41.038375567453976],[-71.95166267512064,41.03835600050858],[-71.95164922069267,41.038353198848974],[-71.95163804921145,41.03834958374837],[-71.95162797963506,41.03834684292783],[-71.95161455276043,41.03834318788488],[-71.9516033548937,41.03834042708149],[-71.95159213066654,41.03833851967733],[-71.95157867743401,41.03833571803055],[-71.95156632607734,41.038333791564135],[-71.95155397472149,41.03833186509637],[-71.95154049391309,41.03832991772462],[-71.95152927087845,41.0383280103354],[-71.95151689319015,41.03832693636375],[-71.95150451428547,41.03832586326998],[-71.95149098191554,41.03832562361433],[-71.95147750227139,41.03832367715654]]},"properties":{"Zone":3,"Object_ID":421}},{"type":"Feature","id":422,"geometry":{"type":"LineString","coordinates":[[-71.9514662264858,41.03832347746202],[-71.95145946030114,41.038323357632144],[-71.95145384761044,41.03832240346257],[-71.95144485358323,41.03832139030914],[-71.95143806103546,41.03832212387831],[-71.95143129366205,41.038322004025744],[-71.95142452747761,41.03832188419385],[-71.95141776129313,41.038321764361555],[-71.95141096990616,41.0383224988504],[-71.95140420372164,41.03832237901731],[-71.95139738478159,41.03832396688462],[-71.95139177328069,41.03832301273308],[-71.95138382602055,41.038324581516896],[-71.95137706102484,41.03832446170327],[-71.95137139555115,41.03832521613072],[-71.95136344831812,41.0383267840129],[-71.95135778406082,41.038327537560484]]},"properties":{"Zone":2,"Object_ID":422}},{"type":"Feature","id":423,"geometry":{"type":"LineString","coordinates":[[-71.95135778406082,41.038327537560484],[-71.95132232485099,41.03834314111996],[-71.9513498056858,41.03836669396235],[-71.95107556887001,41.038514758109116],[-71.95100234193256,41.038547632790994]]},"properties":{"Zone":2,"Object_ID":423}},{"type":"Feature","id":424,"geometry":{"type":"LineString","coordinates":[[-71.95100234193256,41.038547632790994],[-71.95088793839425,41.03859857297864],[-71.95068449314118,41.038682963934804],[-71.95062288591973,41.0387049376649],[-71.95047677410179,41.038759588605465],[-71.95026867299873,41.038775550933046],[-71.9501097475299,41.038770173913086],[-71.95000948247869,41.03880171494669],[-71.94993539033625,41.03882603135524],[-71.94976541848115,41.038849503991834],[-71.94958831878056,41.03884807526381],[-71.94947867605165,41.038817940525824],[-71.94936529413012,41.03872623120385],[-71.94928750679198,41.03861464918789],[-71.94928387323328,41.03854965840332],[-71.94927863728432,41.03850001693298]]},"properties":{"Zone":2,"Object_ID":424}},{"type":"Feature","id":425,"geometry":{"type":"LineString","coordinates":[[-71.94927863728432,41.03850001693298],[-71.94927512594103,41.038358141491805],[-71.94931767763265,41.03814959381713],[-71.94945548733662,41.03803499760239]]},"properties":{"Zone":3,"Object_ID":425}},{"type":"Feature","id":426,"geometry":{"type":"LineString","coordinates":[[-71.94945548733662,41.03803499760239],[-71.94965236456542,41.03787104395356],[-71.94979310168374,41.03751558875384]]},"properties":{"Zone":3,"Object_ID":426}},{"type":"Feature","id":427,"geometry":{"type":"LineString","coordinates":[[-71.94979310168374,41.03751558875384],[-71.94986407459227,41.03733659054843],[-71.94992866231772,41.03721813436531]]},"properties":{"Zone":2,"Object_ID":427}},{"type":"Feature","id":428,"geometry":{"type":"LineString","coordinates":[[-71.94992866231772,41.03721813436531],[-71.95011207772117,41.03694202885227],[-71.95011567126951,41.036935258893365],[-71.9501169567109,41.036930155765376],[-71.95012052509507,41.03692423832747],[-71.95012299159069,41.036917447493934],[-71.95012543170618,41.036911510060584],[-71.9501278717934,41.0369055735274],[-71.95012921002034,41.0368987626985],[-71.9501327783739,41.03689284616031],[-71.95013513810439,41.03688947070695],[-71.95013763097676,41.03688182647272],[-71.95014001827498,41.03687759764003],[-71.95014248476691,41.03687080680598],[-71.95014602673838,41.03686574366768],[-71.9501495938998,41.03685982710792],[-71.95015203398295,41.03685389057417],[-71.95015672943737,41.03684799310891],[-71.95015916951945,41.03684205657498],[-71.95016160960111,41.03683612004098],[-71.9501674321028,41.03683024344925],[-71.9501710256673,41.03682347258826],[-71.95017338658225,41.03682009715514],[-71.95020182189629,41.03677617743068],[-71.95020420921442,41.036771947696316],[-71.95020657012587,41.03676857226247],[-71.95020777636559,41.03676603113466],[-71.95021352088267,41.036762715662725],[-71.95021475471722,41.03675932025542],[-71.95021711562767,41.03675594482134],[-71.95022060361377,41.036752589360376],[-71.95022296449585,41.03674921482639],[-71.95022642729185,41.036746712786666],[-71.95022881339062,41.03674248393091],[-71.95023342964005,41.03673914846383],[-71.9502358169548,41.036734918728776],[-71.95023927974961,41.03673241668868],[-71.95024276773336,41.03672906122705],[-71.9502462293108,41.03672656006588],[-71.95025084555826,41.03672322459808],[-71.95025430832403,41.03672072345773],[-71.95025666923108,41.03671734802276],[-71.9502590301379,41.0367139725878],[-71.95026477345897,41.03671065709227],[-71.95026823503467,41.036708155930434],[-71.95027169782684,41.036705653889314],[-71.95027521218523,41.036701445026395],[-71.95027867497677,41.036698942985105],[-71.95028323724877,41.036697315195795],[-71.95028670001197,41.03669481405445],[-71.95029244333001,41.03669149855755],[-71.9502959060926,41.036688997415936],[-71.95030049476864,41.03668651532538],[-71.95030398390796,41.03668316078316],[-71.95030852101765,41.03668238551408],[-71.95031198259024,41.036679884350946],[-71.95032690560414,41.03667160561207],[-71.95034177702172,41.03666503459329],[-71.95035329121212,41.03665755021434],[-71.95036700795659,41.036651813499894],[-71.95038300525094,41.03664526242652],[-71.95039451946114,41.03663777714317],[-71.95040815704219,41.03663460152522],[-71.95042305363032,41.03662717707447],[-71.95043336157661,41.03662223381763],[-71.9504447701918,41.0366181648315],[-71.95045617764444,41.036614094922946],[-71.9504676126876,41.03660917073378],[-71.95048017474693,41.03660426831457],[-71.9504904814965,41.03659932503154],[-71.95050191650678,41.03659440173915],[-71.9505122496278,41.03658860505371],[-71.95052255756146,41.03658366178889],[-71.95053291827007,41.03657701082202],[-71.95054099605092,41.0365711741726],[-71.95055017574582,41.036566210013845],[-71.95055709888818,41.036561206772625],[-71.95056517785385,41.03655537014253],[-71.95057322925547,41.03655038689128],[-71.95058130702952,41.036544550238936],[-71.95058938599108,41.03653871360716],[-71.9505974373888,41.03653373035417],[-71.9506044144877,41.03652701942999],[-71.95061246588291,41.03652203617595],[-71.95061939023269,41.03651703205178],[-71.95062636729978,41.03651032202649],[-71.95063675319837,41.0365028167285],[-71.95064596041053,41.036497000082896],[-71.95065178283961,41.03649112346638],[-71.95065875992852,41.03648441253885],[-71.95066796475844,41.036478595849374],[-71.95067609647698,41.036471051510226],[-71.95068307356131,41.03646434058123],[-71.95069123051542,41.036455941019035],[-71.95069933466752,41.03644925005767],[-71.95070515708768,41.03644337343839],[-71.95071210776636,41.03643751680825],[-71.9507191112154,41.036429952476546],[-71.95072496003175,41.03642322155551],[-71.95073314450816,41.03641396951107],[-71.95074009402026,41.03640811195796],[-71.95074707106369,41.036401401925225],[-71.95075179280467,41.03639465103467],[-71.95075874350196,41.03638879350153],[-71.9507961203842,41.03634759545644],[-71.95083221068481,41.036311499614264],[-71.95084385788194,41.03629974550354],[-71.95085783834924,41.036285470223795],[-71.95086945676174,41.03627457036909],[-71.95088002845635,41.03626108856526],[-71.95089403411619,41.03624595895917],[-71.9509045794041,41.036233331453836],[-71.95091399524303,41.036220683938886],[-71.95092682105374,41.03620724206359],[-71.95093623807368,41.03619459456787],[-71.95094680852527,41.03618111363682],[-71.95095735382056,41.0361684852263],[-71.950969130491,41.03615246225696],[-71.95097744679772,41.036138941391116],[-71.95098919708977,41.03612377182027],[-71.95099982028339,41.03610858318275],[-71.95100929003921,41.0360942279793],[-71.95101875981867,41.036079871874826],[-71.95102943578962,41.0360629746327],[-71.9510377772794,41.036048599440335],[-71.95104955509792,41.03603257648343],[-71.95111967279112,41.0359176348917],[-71.95112678166007,41.035906655131164],[-71.95113391575971,41.03589482014801],[-71.95114105099005,41.03588298698585],[-71.95114813348563,41.03587286062464],[-71.95115529510495,41.035860173160614],[-71.95116350465676,41.03585006676249],[-71.95117058711756,41.03583994130005],[-71.95117884942374,41.03582812719917],[-71.9511870865225,41.035817167419694],[-71.95119414144962,41.03580789443517],[-71.95120122392908,41.03579776807049],[-71.95120945983145,41.03578680826828],[-71.95121995222813,41.03577588843454],[-71.95122700711848,41.03576661634817],[-71.95123527059434,41.03575480226413],[-71.9512446335449,41.035743862422585],[-71.95125979484138,41.035727898474775],[-71.95127372115306,41.03571533082356],[-71.95128649400893,41.03570359750875],[-71.95130055340324,41.03568676017077],[-71.95131566070093,41.035672504796366],[-71.95132851271578,41.03565820857383],[-71.9513541651075,41.03563132564759]]},"properties":{"Zone":2,"Object_ID":428}},{"type":"Feature","id":429,"geometry":{"type":"LineString","coordinates":[[-71.9513541651075,41.03563132564759],[-71.95146047098213,41.035513606634936],[-71.95148035255983,41.03549089261547],[-71.95150136233941,41.03546819947451],[-71.95152132183972,41.03544292342364],[-71.95152963797273,41.035429401615694],[-71.95154018182087,41.035416774028974],[-71.951550725665,41.035404146441294],[-71.9515612958936,41.035390664551464],[-71.95156961198411,41.03537714364072],[-71.95157792691022,41.03536362180803],[-71.95158621547263,41.035350953375655],[-71.95159342969993,41.03533655818096],[-71.95160174458825,41.03532303724665],[-71.95161008704984,41.03530866203162],[-71.95161724733099,41.035295974516295],[-71.95162446154559,41.03528157931946],[-71.9516316493696,41.035268038423304],[-71.95163770900652,41.03525447574573],[-71.95164494957163,41.035239227146526],[-71.9516510355348,41.03522481196744],[-71.95165473435385,41.03521462565362],[-71.95165964051628,41.035201898216854],[-71.95166449393062,41.035190878482005],[-71.95166827185098,41.03517813106452],[-71.95167320439505,41.03516454932592],[-71.95167690317952,41.03515436391148],[-71.95167950130057,41.03514330423667],[-71.95168322768637,41.0351322636416],[-71.95170324669219,41.03506854564963],[-71.95170579087161,41.03505919365515],[-71.95170833623921,41.03504984168168],[-71.95171085524754,41.03504134310915],[-71.95171227356657,41.03503197117683],[-71.95171481774335,41.035022619182065],[-71.95171626241991,41.035012393848675],[-71.95171770593501,41.03500216759394],[-71.95171912425222,41.03499279566145],[-71.95171941436172,41.03498340284902],[-71.9517219333661,41.03497490427608],[-71.95172219708894,41.034966365764895],[-71.95172251352844,41.03495612045157],[-71.95172392949411,41.03494674757664],[-71.95172309252933,41.034937335705706],[-71.95172335622404,41.03492879809461],[-71.95172262355983,41.034915970798075],[-71.95172210306278,41.03489631271341],[-71.95171084172017,41.034639825037694],[-71.95171092082313,41.03463726393423],[-71.95170989808308,41.034633828549666],[-71.95171000357229,41.03463041314494],[-71.95170898202127,41.034626977781436],[-71.95170795928149,41.0346235423969],[-71.95170803719566,41.03462098127239],[-71.95170701564487,41.034617545908915],[-71.95170599409421,41.034614110545355],[-71.95170494496848,41.034611529462076],[-71.95170392341801,41.03460809409855],[-71.95170174725264,41.03460549305644],[-71.95169959747373,41.03460203771294],[-71.9516996766049,41.03459947570929],[-71.95169865386598,41.034596040324644],[-71.95169537704787,41.03459256502226],[-71.95169432792295,41.03458998393885],[-71.95168992406586,41.034586488677455],[-71.95168664605984,41.034583013353775],[-71.9516800384645,41.034577771329786],[-71.95167343089805,41.034572528405164],[-71.95166789762621,41.034569013141684],[-71.95166349258307,41.03456551785822],[-71.95165798686021,41.034561149214205],[-71.9516490976433,41.03455672064996],[-71.95164463985572,41.03455493306814],[-71.95163913413501,41.03455056442323],[-71.95163134560026,41.034547009218116],[-71.9516235834258,41.03454260061133],[-71.95161692430925,41.0345390654069],[-71.95161023764491,41.03453638358207],[-71.9516046516044,41.03453457691813],[-71.95159686426223,41.034531021731695],[-71.95158792114474,41.03452829994383],[-71.95157900676568,41.034524724796285],[-71.95157226732846,41.03452375157184],[-71.9515678359053,41.034521110585956],[-71.9515588675911,41.034519243118126],[-71.95155212818248,41.03451826899228],[-71.95154205916347,41.03451552906208],[-71.95153424427745,41.034512827251426],[-71.9515263778038,41.03451183406382],[-71.95151856291885,41.03450913225213],[-71.95151300446067,41.03450647130355],[-71.95150400976115,41.03450545813275],[-71.95149732310476,41.03450277630141],[-71.95149061124879,41.03450094879198],[-71.95148276878858,41.034499101258056],[-71.95147723672189,41.03449558600647],[-71.95146716773722,41.03449284516949],[-71.95146050744509,41.03448930993496],[-71.9514515918894,41.03448573475648],[-71.95144380456111,41.034482179559724],[-71.95143824491934,41.034479518586465],[-71.95143045637592,41.03447596426797],[-71.9514237708865,41.03447328335359],[-71.95141488172482,41.034468853871026],[-71.95141045031157,41.034466212879074],[-71.95140489186139,41.03446355192526],[-71.95139938500301,41.034459182347604],[-71.95139049581702,41.03445475376335],[-71.95138609079606,41.03445125846923],[-71.95137720161203,41.034446829883954],[-71.95137277022958,41.034444187990346],[-71.95136390743797,41.034438905102775],[-71.95136063061736,41.03443543069101],[-71.9513539955386,41.034431041128],[-71.95135071874672,41.0344275658157],[-71.95134185593128,41.034422283826686],[-71.9513385779516,41.03441880849297],[-71.95130771643119,41.03439519661777],[-71.95130221074594,41.03439082795668],[-71.95129673145287,41.03438560499408],[-71.95129237919654,41.03438040199401],[-71.95128571892508,41.034376866749334],[-71.95128249489487,41.03437168373277],[-71.95127588616373,41.03436644166441],[-71.9512715339103,41.03436123866349],[-71.9512671552936,41.034356889063545],[-71.951263931238,41.03435170694665],[-71.95125842439819,41.0343473373622],[-71.95125181688802,41.03434209441323],[-71.95124856647011,41.034337765696954],[-71.95124423939613,41.03433170927295],[-71.95123986078319,41.03432735967187],[-71.95123548214295,41.034323010970844],[-71.95123225811926,41.03431782795284],[-71.95121917498858,41.03430307324589],[-71.951208294364,41.034290066187985],[-71.95119741374361,41.03427705912905],[-71.95118430423588,41.0342631587192],[-71.95117234816026,41.0342484239706],[-71.95116254301769,41.03423714459555],[-71.95114190882177,41.03421115133212],[-71.95113102822737,41.03419814426664],[-71.95112017521974,41.03418428291998],[-71.95110166445191,41.03416259750443],[-71.95108430828304,41.034140078670674],[-71.95106582390576,41.03411753984814],[-71.95104964874191,41.034093333292724]]},"properties":{"Zone":2,"Object_ID":429}},{"type":"Feature","id":430,"geometry":{"type":"LineString","coordinates":[[-71.95104964874191,41.034093333292724],[-71.95100815049943,41.03401229491525],[-71.95105256079363,41.03377985944692],[-71.95114294354373,41.03352004626561],[-71.95140576337488,41.03330258239083],[-71.95156787158561,41.03316791050179],[-71.95166121623647,41.033067902001285],[-71.95174685135035,41.032961777120036]]},"properties":{"Zone":2,"Object_ID":430}},{"type":"Feature","id":431,"geometry":{"type":"LineString","coordinates":[[-71.94776878624832,41.03566092022965],[-71.94780403472087,41.03565214677115],[-71.94780969879004,41.03565139339705],[-71.94781649113227,41.03565065914028],[-71.94782330985541,41.03564907238326],[-71.94783010100836,41.03564833810458],[-71.94783691975877,41.03564675044658],[-71.94784373969767,41.03564516280923],[-71.94784830314578,41.03564353513664],[-71.94785624895157,41.035641967473886],[-71.94793500623982,41.03561260928136],[-71.94795564743244,41.035601868886474],[-71.94797623456022,41.03559283706727],[-71.94800023163275,41.03558301187115],[-71.94802084756039,41.03557312578593],[-71.948041461132,41.03556323875456],[-71.94806548461767,41.03555255924458],[-71.94808607171511,41.03554352740575],[-71.94810902218671,41.03553111931319],[-71.94812963570426,41.03552123316622],[-71.94815258375438,41.03550882592295],[-71.94817319841952,41.03549894068951],[-71.94819271129553,41.035488180237756],[-71.94821563410757,41.035476626403096],[-71.94823627518464,41.035465886858006],[-71.94825809614237,41.03545345960111],[-71.94827873604433,41.03544271912707],[-71.9482971218059,41.03543193956558],[-71.94832119803537,41.035419552301676],[-71.94833958378359,41.035408772733454],[-71.94836143116072,41.0353954902563],[-71.9483809439479,41.03538473067274],[-71.94839935607814,41.0353730976947],[-71.94841889530932,41.03536148290411],[-71.94844074262708,41.03534820131203],[-71.94845802649645,41.03533654831294],[-71.94847866749069,41.03532580872423],[-71.9484971048542,41.035313320508806],[-71.94851782508978,41.035300018912004],[-71.94853967233962,41.03528673820121],[-71.94855923789216,41.035274270886674],[-71.94857772924085,41.03526007497866],[-71.94859839542951,41.03524848104687],[-71.94870196749059,41.03518282809211],[-71.94874797118207,41.03515459711234],[-71.94879730315799,41.03512813377628],[-71.9488444613749,41.03509907026579],[-71.94889269145781,41.03507173258045],[-71.94893754030585,41.03504433671806],[-71.94898571868444,41.03501870671563],[-71.94903397739363,41.03499051651283],[-71.94912735854686,41.034999005059916],[-71.94932551819414,41.03493929981768],[-71.94937144810217,41.03487689544082],[-71.94946471227037,41.03481618498295],[-71.94940804285521,41.03467849382328],[-71.94936528017811,41.03463843791995],[-71.9493041585503,41.03460830922663],[-71.94919373795034,41.03456705547772],[-71.94910469749068,41.034491154103485],[-71.94900106941597,41.03444916583651],[-71.94891875296116,41.034447706134735],[-71.94880509430857,41.03447473829512],[-71.94868145634601,41.034569081403184],[-71.9486202925793,41.03461327508926],[-71.94857397347347,41.034651751348285],[-71.94847715658351,41.03464490914169],[-71.94843971506184,41.03461519999481],[-71.94840387729619,41.03457014063942],[-71.94840470371058,41.03450693749439],[-71.94841792218722,41.034371339289244],[-71.94846862715231,41.03430047856335]]},"properties":{"Zone":2,"Object_ID":431}},{"type":"Feature","id":432,"geometry":{"type":"LineString","coordinates":[[-71.95174685135035,41.032961777120036],[-71.95175863189226,41.03276293447396],[-71.9517577937613,41.03275352257758],[-71.95175808382773,41.03274413066041],[-71.95175834753702,41.032735592144654],[-71.95175643514041,41.03272445258678],[-71.95175347364693,41.03271073194481],[-71.95175056492451,41.032695302699395],[-71.95174875920331,41.03268074775596],[-71.9517445916071,41.0326695682599],[-71.9517427571253,41.032655867575926],[-71.95173872140127,41.032640418371585],[-71.95173568081553,41.03262925883353],[-71.95173387509945,41.032614703889664],[-71.9517286320577,41.03260179671014],[-71.95172454238099,41.03258805608747],[-71.95172048028009,41.03257346118393],[-71.95171644575508,41.032558011999534],[-71.95171235727243,41.03254427139734],[-71.95170829398808,41.0325296764722],[-71.95170412640815,41.03251849697428],[-71.95170009070148,41.03250304776812],[-71.95169699857416,41.032493595952985],[-71.95169492796497,41.032487579503055],[-71.95169178190693,41.03247983536993],[-71.95168868859308,41.03247038353346],[-71.95168782411791,41.032461825037366],[-71.95168577989621,41.03245495428553],[-71.95168483748134,41.0324489578154],[-71.95168287236176,41.03243952595874],[-71.95168088088491,41.03243094750356],[-71.95167891576645,41.032421515646824],[-71.95167687154688,41.03241464489475],[-71.95167713523753,41.03240610727882],[-71.95167514257356,41.03239752880239],[-71.95167427928997,41.03238897032717],[-71.95167341484559,41.0323804109306],[-71.95167252517659,41.03237270675701],[-71.95167074465054,41.03235729838874],[-71.95166891140923,41.032343596823395],[-71.95166592359281,41.032330729579535],[-71.95166409032542,41.03231702891422],[-71.9516600018963,41.032303287409185],[-71.95165824776092,41.03228702473874],[-71.95165533905141,41.03227159638963],[-71.95165235124082,41.032258729145155],[-71.95165245672922,41.03225531373862],[-71.95164920638746,41.03225098503152],[-71.95164821007343,41.03224669534282],[-71.9516449597323,41.03224236663563],[-71.95164396339092,41.03223807784708],[-71.95164299462454,41.03223293477785],[-71.95164081853949,41.032230333733175],[-71.95163869522689,41.032226024084956],[-71.9516322197458,41.032216512347034],[-71.95162679216236,41.03220958167314],[-71.9516202902982,41.03220092423625],[-71.95161271420982,41.03219053823586],[-71.95160508418971,41.03218185991713],[-71.9515985835199,41.032173202500054],[-71.95159095231477,41.03216452415935],[-71.95158442526167,41.03215672104319],[-71.95157789707693,41.032148916105136],[-71.95157136886587,41.03214111206695],[-71.95156374001782,41.03213243466668],[-71.95155721064909,41.032124629706416],[-71.95155285849293,41.03211942761366],[-71.95154735300821,41.032115058061734],[-71.95154297449386,41.03211070937012],[-71.95153862236755,41.03210550637661],[-71.95153424385443,41.032101157684664],[-71.9515265083602,41.0320958947672],[-71.95152323048582,41.0320924194369],[-71.9515188783622,41.03208721644264],[-71.95151337285465,41.03208284778926],[-71.95150676554985,41.03207760485215],[-71.95150123368383,41.03207408959976],[-71.95149688156313,41.0320688866046],[-71.95149134969836,41.03206537135174],[-71.95148474118044,41.03206012929248],[-71.95147923570521,41.03205575973729]]},"properties":{"Zone":2,"Object_ID":432}},{"type":"Feature","id":433,"geometry":{"type":"LineString","coordinates":[[-71.95147923570521,41.03205575973729],[-71.95147483083882,41.03205226444458],[-71.95146263890197,41.032045214854435],[-71.95145936103344,41.03204173952228],[-71.95145382917292,41.032038224267566],[-71.95144719427212,41.03203383650789],[-71.95144276304814,41.032031194615506],[-71.95143494961978,41.03202849371789],[-71.95143384782371,41.03202761943365],[-71.95142716258093,41.03202493851797],[-71.95142047614989,41.03202225758084],[-71.95141491674306,41.032019595704746],[-71.95140820514061,41.03201776818955],[-71.95140146477179,41.03201679493348],[-71.95139813415727,41.03201502730286],[-71.95139254955156,41.03201321974848],[-71.95138806558023,41.03201228555721],[-71.95138137915204,41.032009604617805],[-71.9513746148004,41.03200948480388],[-71.9513678756217,41.032008511566964],[-71.95136116283287,41.03200668402797],[-71.95135439729275,41.03200656419177],[-71.9513476569536,41.03200559003239],[-71.95133976439024,41.03200545113327],[-71.95133638221462,41.03200539122513],[-71.95133299885026,41.03200533129584],[-71.95132961667468,41.03200527138749],[-71.9513262333103,41.032005211458014],[-71.95132169774901,41.0320059858887],[-71.95131831438457,41.032005925958984],[-71.95131716102658,41.03200675939791],[-71.95131603284219,41.032006739414285],[-71.95131149609182,41.03200751382351],[-71.95130808755361,41.03200830731605],[-71.95130577962065,41.032009975072874],[-71.95130239744488,41.03200991516373],[-71.95129896132718,41.03201156293667],[-71.95129552639813,41.032013210730554],[-71.95129434546037,41.03201489844994],[-71.95129093692157,41.03201569194196],[-71.9512874744127,41.03201819401624],[-71.95128519405831,41.032019007491996],[-71.95126085462952,41.03203993477754],[-71.95121453888017,41.032078411216354],[-71.95121223094236,41.03208007897131],[-71.95120876961595,41.03208258106427],[-71.95120871686046,41.03208428876745],[-71.95120410101188,41.03208762337681],[-71.95120063849599,41.03209012544846],[-71.9511983833132,41.032090085499966],[-71.95119717719643,41.03209262664086],[-71.9511937158688,41.03209512873336],[-71.95119025335214,41.0320976308047],[-71.95118684478003,41.032098425193865],[-71.95118453684081,41.03210009294825],[-71.95118110074334,41.032101739817406],[-71.95117769217094,41.03210253420634],[-71.95117423086988,41.03210503539802],[-71.95117079474409,41.032106683167065],[-71.9511673861713,41.032107477555684],[-71.95116395004516,41.03210912532458],[-71.95116056786449,41.03210906541132],[-71.95115713173811,41.032110713179954],[-71.95115372200395,41.032111506646906],[-71.95115028706611,41.03211315443639],[-71.95114572394193,41.03211478224056],[-71.95114006021258,41.032115535778544],[-71.95113662408541,41.032117183546625],[-71.9511332419043,41.03211712363254],[-71.95112870514424,41.032117898034556],[-71.95112639720296,41.03211956578778],[-71.95112416841194,41.03211867153624],[-71.95111850465425,41.03211942597339],[-71.9511128397354,41.03212017948899],[-71.95110945755422,41.032120119574216],[-71.95110269197511,41.032120000623564],[-71.95109477303332,41.03212071510916],[-71.9510868781069,41.03212057525049],[-71.95107785856074,41.03212041546848],[-71.95107109300947,41.032120295615734],[-71.9510643274583,41.0321201757626],[-71.95105643490966,41.032120035943954],[-71.95104856875481,41.03211904182316],[-71.9510395480201,41.032118882017116],[-71.95103278128025,41.032118762141074],[-71.95102601572927,41.03211864228569],[-71.95101814954724,41.032117649063],[-71.95101028336538,41.03211665583978],[-71.95100464481202,41.0321165559487],[-71.95099565163318,41.032115542758916],[-71.95098775789643,41.03211540291452],[-71.95096646497693,41.03211075364455],[-71.95094619588295,41.03210954068525],[-71.95092823354683,41.0321066599521],[-71.95090909026314,41.03210546693157],[-71.95088659238449,41.03210335970603],[-71.95086747668734,41.032101312398034],[-71.95084835980256,41.03209926506589],[-71.95082580916262,41.03209886553149],[-71.95081348535814,41.0320960855805],[-71.95080110646667,41.032095011488636],[-71.95078985811116,41.032093958326556],[-71.95077632701518,41.03209371858698],[-71.95076395047457,41.03209264543345],[-71.95075267456153,41.03209244564809],[-71.95074027046287,41.03209222587233],[-71.95072896817999,41.03209287948598]]},"properties":{"Zone":2,"Object_ID":433}},{"type":"Feature","id":434,"geometry":{"type":"LineString","coordinates":[[-71.95036212384407,41.03217181280521],[-71.9503495889904,41.03217586181534],[-71.95034159088084,41.032179137353374],[-71.95033359158175,41.032182412869766],[-71.95032443890823,41.032186521814644],[-71.95031418442176,41.0321897573641],[-71.95030052256327,41.03219378639662],[-71.95029021645625,41.032198730567906],[-71.95027993556249,41.032202820415804],[-71.95026858166526,41.03220518170822],[-71.95025824920577,41.03221097837768],[-71.95024461133816,41.0322141539602],[-71.95023089550091,41.032219890665985],[-71.95021959435223,41.03222054515114],[-71.95020587848357,41.032226282754166],[-71.95019452336307,41.03222864491845],[-71.95017975970633,41.0322317996406],[-71.95016725001868,41.032234995208654],[-71.9501547415186,41.03223819079644],[-71.95014336001664,41.03224140635686],[-71.950128675488,41.03224200086894],[-71.95011729398412,41.03224521642677],[-71.95010368366965,41.032247538612495],[-71.95009007338211,41.03224985989642],[-71.95007420906695,41.03225214212961],[-71.95006062515613,41.032253610008894],[-71.95004701486583,41.032255931287736],[-71.95003345733265,41.03225654576268],[-71.95001984701292,41.032258867938516],[-71.9500062642883,41.03226033583246],[-71.94999270678167,41.0322609494024],[-71.94997907007995,41.03226412497458],[-71.94996551254441,41.03226473944157],[-71.94995192862856,41.03226620730804],[-71.9499394992808,41.032266841768894],[-71.94992363379545,41.032269123060146],[-71.94991010385566,41.03226888324034],[-71.94989654512976,41.03226949767812],[-71.94988411580867,41.03227013123275]]},"properties":{"Zone":2,"Object_ID":434}},{"type":"Feature","id":435,"geometry":{"type":"LineString","coordinates":[[-71.95069286123805,41.03209309450161],[-71.95067927618463,41.032094562432476],[-71.95066800027153,41.03209436263883],[-71.9506555181931,41.032096704879535],[-71.9506430625127,41.03209819281729],[-71.95063286198672,41.032099721613505],[-71.95062265911042,41.03210124946647],[-71.95061248501064,41.032101923059145],[-71.95060225813955,41.03210430435376],[-71.95059087668221,41.0321075199583],[-71.95058064978164,41.03210990215123],[-71.95057044928025,41.032111430041745],[-71.95056022240617,41.03211381133265],[-71.9505477127591,41.032117006941895],[-71.95053748466673,41.03211938910992],[-71.95052841234897,41.03212093698792],[-71.95051815788257,41.03212417255553],[-71.95050564942031,41.032127368181364],[-71.9504965495389,41.03212976943706],[-71.9504863490325,41.03213129732013],[-71.95047834974633,41.03213457284659],[-71.95046809646414,41.03213780843081],[-71.95045786952669,41.03214019151311],[-71.95044876964184,41.03214259276506],[-71.9504396433547,41.032145848317775],[-71.95043051706665,41.03214910386981],[-71.95042029018177,41.032151485148276],[-71.95041116389199,41.032154740698765],[-71.95040203760136,41.03215799624852]]},"properties":{"Zone":4,"Object_ID":435}},{"type":"Feature","id":436,"geometry":{"type":"LineString","coordinates":[[-71.94988411580867,41.03227013123275],[-71.94976553537511,41.03227401177145]]},"properties":{"Zone":4,"Object_ID":436}},{"type":"Feature","id":437,"geometry":{"type":"LineString","coordinates":[[-71.94976553537511,41.03227401177145],[-71.9497406755119,41.0322752797304],[-71.9497339111361,41.032275159820514],[-71.94972376100598,41.03227497989172],[-71.94971471505899,41.03227567340457],[-71.94970794949438,41.032275553472125],[-71.94970341270687,41.032276327818224],[-71.94969436557061,41.032277021308346],[-71.94968870181098,41.03227777477531],[-71.94967852764684,41.03227844918599],[-71.94967286267023,41.03227920353132],[-71.94966379031044,41.032280751341396],[-71.9496569443493,41.03228319338857],[-71.94965015240008,41.032283926853765],[-71.94964448861148,41.03228468121873],[-71.94963538867731,41.03228708240661],[-71.94962631512678,41.03228863019273],[-71.94962059856886,41.03229109135869],[-71.94961603539483,41.03229271910245],[-71.94960919061951,41.03229516116779],[-71.94960239866855,41.032295894630195],[-71.9495955010952,41.03230004439709],[-71.94958865750718,41.03230248648231],[-71.94958293856902,41.03230494760424],[-71.94957381340585,41.03230820310958],[-71.94956812204047,41.03230981085081],[-71.9495635060659,41.0323131462948],[-71.9495577630905,41.032316461758874],[-71.94955091833842,41.03231890292055],[-71.94954627594917,41.03232309266508],[-71.94953709798303,41.03232805586985],[-71.94953245562012,41.03233224471363],[-71.94952676425169,41.03233385245273],[-71.9495198414728,41.03233885563722],[-71.9495140445327,41.032343877880066],[-71.94950601992011,41.03234800856167],[-71.94950025055293,41.032352177423874],[-71.94949335299518,41.032356326284415],[-71.94948642902263,41.032361329445756],[-71.94947730146932,41.03236458490129],[-71.94947037749469,41.03236958806172],[-71.9494623793184,41.03237286353882],[-71.94945548175615,41.032377012397056],[-71.94944861057962,41.032380307853856],[-71.94944058601422,41.03238443673045],[-71.94943368839373,41.03238858738783],[-71.94942571662808,41.03239100856115],[-71.94941656386953,41.03239511743401],[-71.94940856568748,41.032398392907325],[-71.94940056750467,41.032401668380096],[-71.94939256813221,41.03240494383129],[-71.94938572333709,41.03240738588337],[-71.94937662337672,41.032409787050845],[-71.94936862519098,41.0324130625214],[-71.9493594988136,41.03241631798876],[-71.9493526540161,41.03241876003886],[-71.94934355405299,41.03242116120373],[-71.94933448166611,41.032422708988],[-71.94932648228787,41.032425984434575],[-71.94931740871112,41.0324275321964],[-71.94930715413825,41.032430767656436],[-71.94930031052611,41.03243320972455],[-71.9492901351732,41.032433883179785],[-71.94928326517137,41.032437178647804],[-71.94927308981761,41.032437852101495],[-71.94926401739902,41.032439400780426],[-71.94923011027285,41.03244136298565]]},"properties":{"Zone":4,"Object_ID":437}},{"type":"Feature","id":438,"geometry":{"type":"LineString","coordinates":[[-71.94923011027285,41.03244136298565],[-71.94918484800671,41.03244568544548],[-71.94918143820392,41.03244647975442],[-71.94918028481136,41.032447313171986],[-71.94917572158799,41.03244894179849],[-71.9491745417774,41.03245062951714],[-71.94917110558396,41.03245227722672],[-71.94917107916594,41.03245313152783],[-71.94916764416121,41.032454779258394],[-71.94916536257695,41.03245559267119],[-71.94916305457448,41.032457260385115],[-71.9491618735746,41.032458948082514],[-71.94916069376342,41.03246063580102],[-71.94915725875798,41.03246228353127],[-71.94915723236758,41.0324631369322],[-71.94915489794647,41.03246565894706],[-71.9491537169462,41.0324673466444],[-71.94915140894308,41.0324690143581],[-71.94914912735814,41.03246982777058],[-71.94914679296426,41.032472348885086],[-71.94914451135132,41.03247316319768],[-71.94914220334779,41.03247483091119],[-71.94913989653288,41.032476498645735],[-71.94913876834116,41.03247647864087],[-71.9491364867558,41.0324772920531],[-71.9491330517489,41.03247893978261],[-71.94912964194378,41.03247973409001],[-71.94912851494082,41.0324797141061],[-71.94912510516339,41.03248050751316],[-71.94912282354994,41.032481321825344],[-71.94910918797792,41.03248449641573],[-71.94909557636241,41.03248681936188],[-71.94908991257809,41.03248757279945],[-71.94908196717931,41.03248914054814],[-71.9490683567786,41.03249146261193],[-71.94905474640477,41.03249378377389],[-71.94904111079909,41.03249695925643],[-71.94902865381844,41.03249844699919],[-71.94901504344182,41.032500768156474],[-71.94901166121522,41.03250070908059],[-71.9490093795997,41.03250152339054],[-71.94900712440423,41.03250148339936],[-71.94900484281641,41.03250229680898],[-71.94900143300855,41.03250309111258],[-71.94899915142058,41.03250390452213],[-71.94899684341227,41.03250557223269],[-71.94899458940553,41.03250553226234],[-71.948989894183,41.032511428786144],[-71.94898527816527,41.032514764206844],[-71.94898173633756,41.032519827314665],[-71.9489770686944,41.03252487045811],[-71.94897242628231,41.03252905927922],[-71.94896775744898,41.03253410240117],[-71.94896306222205,41.032539998923816],[-71.94895954678418,41.032544208630064],[-71.9489560589556,41.03254756405623],[-71.94895246552659,41.0325543339859],[-71.94894664207592,41.03256021140139],[-71.94894538305017,41.03256446022045],[-71.94894068779125,41.032570357642335],[-71.94893604534583,41.032574547362145],[-71.94893365812578,41.03257877617421],[-71.94893006466496,41.032585547003364]]},"properties":{"Zone":4,"Object_ID":438}},{"type":"Feature","id":439,"geometry":{"type":"LineString","coordinates":[[-71.94893006466496,41.032585547003364],[-71.94887204743968,41.03263748502957],[-71.94886858602375,41.032639986151985],[-71.94886174118507,41.03264242817293],[-71.9488582797685,41.03264492929502],[-71.94885371655147,41.032646557008505],[-71.94884802632845,41.03264816473527],[-71.94884230852179,41.03265062584146],[-71.94883546368106,41.03265306786085],[-71.94883318208592,41.03265388126711],[-71.94882749186175,41.0326554889928],[-71.9488251838439,41.032657156699905],[-71.94882180163735,41.03265709671824],[-71.94881495682306,41.03265953783621],[-71.94880816479812,41.032660272152135],[-71.94880362800163,41.03266104556269],[-71.94879683597644,41.032661779877955],[-71.94879345255303,41.03266172077459],[-71.94879001752805,41.032663368493836],[-71.948787735932,41.032664181899186],[-71.94878432611321,41.03266497619637],[-71.94878204451703,41.03266578960158],[-71.94877973649763,41.03266745730777],[-71.94877632789523,41.03266825072561],[-71.94877401987566,41.03266991843168],[-71.94877173825134,41.032670732736875],[-71.94876717503044,41.032672360446995],[-71.94876602162871,41.032673193860376],[-71.9487648406149,41.032674881553675],[-71.94876140558854,41.03267652927208],[-71.94875912396381,41.032677343577035],[-71.94875681594351,41.03267901128276],[-71.94875448152735,41.03268153238924],[-71.94875219993023,41.03268234579386],[-71.94874296784668,41.032689016615905],[-71.948734811137,41.03269741514778],[-71.94872552622968,41.03270579367021],[-71.94871626890497,41.03271331881214],[-71.9486989329439,41.032726679558635],[-71.94869080143168,41.0327342246655],[-71.9486826711342,41.032741768892656]]},"properties":{"Zone":2,"Object_ID":439}},{"type":"Feature","id":440,"geometry":{"type":"LineString","coordinates":[[-71.9486826711342,41.032741768892656],[-71.94865379384177,41.032763468131556],[-71.94864102105848,41.03277520206382],[-71.9486260458883,41.032785188294326],[-71.94861332591877,41.0327952145218],[-71.94859829794449,41.03280690755012],[-71.94858673140085,41.03281609946269],[-71.94857288438291,41.0328261065967],[-71.94856367868734,41.03283192310328],[-71.94855670177066,41.032838633910046],[-71.94854862426976,41.03284447042598],[-71.94854049153714,41.03285201550101],[-71.94853128702393,41.03285783202605],[-71.94852431010125,41.03286454283086],[-71.94851620619556,41.03287123274521],[-71.9485092292699,41.03287794354904],[-71.94850227874184,41.0328838009518],[-71.94849530181348,41.032890511754815],[-71.94848829848458,41.032898075958066],[-71.94848247615137,41.032903953370834],[-71.94847437223666,41.03291064328212],[-71.94846626710358,41.032917334071996],[-71.94846154656639,41.03292408489575],[-71.94845344143042,41.0329307756847],[-71.94844643809245,41.032938339885376],[-71.94844292381747,41.03294254869642],[-71.9484393831143,41.03294761180824],[-71.94843237974504,41.032955176908224],[-71.94842650460198,41.03296276111936],[-71.9484206810688,41.03296863850781],[-71.94841595936231,41.03297538840829],[-71.94841011061575,41.03298211921797],[-71.94840533605098,41.032990577719744],[-71.94839940807313,41.03299986963097],[-71.94839465993397,41.03300747383143],[-71.94838991179378,41.03301507803166],[-71.94838629182546,41.0330227031441],[-71.94838038908163,41.033031140732334],[-71.94837789612357,41.03303878583568],[-71.94837427615256,41.03304641094769],[-71.94837065501976,41.033054035138285],[-71.9483670086463,41.03306251365071],[-71.948365643915,41.033070177865895],[-71.948363230212,41.03307526096652],[-71.9483619963512,41.033078656356984],[-71.94836071087734,41.033083758569795],[-71.94835947701618,41.033087153960274],[-71.94835931852725,41.03309227706461],[-71.94835808585475,41.0330956724761],[-71.9483568255923,41.033099921267166],[-71.94835666710314,41.033105044371474],[-71.94835653504275,41.03310931317501],[-71.94835637655355,41.033114436279305],[-71.94835514388048,41.03311783169077],[-71.94835501300877,41.03312210051536],[-71.9483549073492,41.03312551591823],[-71.94835582304391,41.03313236671538],[-71.94835684558707,41.033135802130744],[-71.94835558532384,41.033140050921716],[-71.9483565022076,41.03314690173991],[-71.94835621165778,41.03315629364768],[-71.9483579650066,41.03317255636495],[-71.94835770085783,41.03318109487203],[-71.94835971835626,41.03318881908212],[-71.94836055601048,41.033198231002245],[-71.94836257350975,41.03320595521228],[-71.94836233576237,41.033213640318685],[-71.94836317341728,41.033223052238725],[-71.9483652425584,41.03322906872623],[-71.94836605378521,41.03323933494697],[-71.94836807128637,41.03324705915683],[-71.9483689077537,41.033256471055694],[-71.94837092525573,41.03326419526546],[-71.9483728911176,41.03327362719769],[-71.94837273260144,41.033278751202005],[-71.94837480290612,41.03328476861053],[-71.94837469727516,41.03328818311306],[-71.94837566699232,41.03329332622952],[-71.94837548210336,41.03329930273423],[-71.94837535001595,41.03330357243777],[-71.94837406332208,41.03330867552956],[-71.94837390486158,41.033313797733484],[-71.94837267218567,41.03331719314498],[-71.9483725665267,41.033320608547704],[-71.94837243443904,41.03332487825126],[-71.94837120060191,41.033328272741414],[-71.9483711213437,41.03333083474358],[-71.94836873406034,41.03333506354324],[-71.94836750138381,41.033338458954645],[-71.94836624111743,41.03334270774554],[-71.9483650348415,41.03334524975638],[-71.94836154575187,41.033348605142905],[-71.9483603130747,41.033352000554224],[-71.94835908042529,41.033355395065364],[-71.94835671954132,41.03335877046419],[-71.94835323045059,41.03336212585045],[-71.94835199777275,41.0333655212617],[-71.94835079033489,41.03336806235101],[-71.94834840302104,41.03337229205045],[-71.94834606856504,41.03337481314829],[-71.94834373408094,41.03337733514633],[-71.9483413744121,41.03338070966567],[-71.94834129515266,41.03338327166775],[-71.94833893426686,41.03338664706618],[-71.94833770039897,41.03339004245619],[-71.94833644131852,41.03339429126777],[-71.94833523387956,41.03339683235697],[-71.94833400120012,41.033400227768006],[-71.9483350225575,41.03340366316223],[-71.9483326616706,41.03340703856056],[-71.94833255719826,41.03341045398426],[-71.94833132449062,41.03341385029548],[-71.94833121882938,41.03341726569808],[-71.94833113959734,41.033419826799914],[-71.9483308226135,41.03343007300776],[-71.94833165907784,41.03343948490648],[-71.94833134212182,41.03344973021406],[-71.94833220617679,41.03345828873327],[-71.94833304264168,41.03346770063193],[-71.94833385386642,41.03347796685236],[-71.94833581854053,41.03348739876366],[-71.9483355820057,41.0334950829904]]},"properties":{"Zone":2,"Object_ID":440}},{"type":"Feature","id":441,"geometry":{"type":"LineString","coordinates":[[-71.9484378786789,41.03387193147708],[-71.94842724394091,41.033814505714],[-71.94841435401138,41.033757039046236],[-71.94841459172683,41.03374935484087],[-71.94840924358355,41.0337398629167],[-71.94840948129956,41.03373217871131],[-71.94840638842285,41.03372272588962],[-71.94840442373173,41.033713293980036],[-71.94840237981161,41.033706423172134],[-71.94839923526902,41.03369867897274],[-71.94839721775048,41.03369095476421],[-71.9483941248496,41.033681502842285],[-71.94839208093147,41.03367463203421],[-71.9483889880321,41.0336651801121],[-71.94838697051577,41.03365745590336],[-71.94838379957648,41.03365056510395],[-71.94838068027858,41.033641966582096],[-71.94837648676088,41.03363164126792],[-71.94837444284612,41.03362477045941],[-71.9483712454809,41.03361873396034],[-71.94836587095334,41.033610095434376],[-71.94836387987027,41.03360151692443],[-71.9483607341483,41.03359377270268],[-71.94835761604486,41.033585174201185],[-71.94835452315456,41.033575722277966],[-71.94835250683386,41.033567998089545],[-71.94834938754381,41.03355939956673],[-71.94834847062727,41.0335525496493],[-71.94834532493726,41.03354480452687],[-71.9483433074297,41.03353708031714],[-71.9483402157325,41.033527628414525],[-71.94833935167563,41.033519069895505],[-71.94833848878001,41.033510512297745],[-71.94833754668056,41.033504514901644],[-71.9483355820057,41.0334950829904],[-71.94833581854053,41.03348739876366],[-71.94833385386642,41.03347796685236]]},"properties":{"Zone":3,"Object_ID":441}},{"type":"Feature","id":442,"geometry":{"type":"LineString","coordinates":[[-71.9484687328079,41.0342970631613],[-71.94846773785773,41.03429277346833],[-71.94846572031312,41.034285049262046],[-71.94846590519667,41.03427907275852],[-71.94846616933589,41.03427053425338],[-71.9484652788253,41.03426283003739],[-71.94846538448098,41.03425941463529],[-71.94846551656453,41.03425514493258],[-71.94846575308694,41.03424746070691],[-71.94846599082607,41.034239775602096],[-71.94846730393095,41.034233819109915],[-71.94846979689576,41.034226174906976],[-71.94847000820657,41.03421934410277],[-71.94847137294944,41.03421167988838],[-71.94847271248096,41.03420486909547],[-71.94847284453606,41.03420060029293],[-71.94847523187177,41.034196370591765],[-71.9484776984066,41.03418958068921],[-71.94848131840028,41.03418195647616],[-71.94848667411273,41.0341547141618],[-71.9484880388802,41.034147049046915],[-71.94848827658853,41.0341393648421],[-71.94848848789714,41.03413253403769]]},"properties":{"Zone":2,"Object_ID":442}},{"type":"Feature","id":443,"geometry":{"type":"LineString","coordinates":[[-71.94848848789714,41.03413253403769],[-71.94848867158939,41.03412655751284],[-71.9484888300708,41.03412143440952],[-71.94848906777895,41.03411375020464],[-71.94848815205698,41.034106899410105],[-71.94848720871882,41.034100902895126],[-71.94848519117785,41.034093178688856],[-71.94848763130813,41.034087242186445],[-71.94848558736786,41.034080371380604],[-71.94848354342798,41.03407350057468],[-71.9484826012796,41.03406750408073],[-71.94848171195864,41.03405979988557],[-71.94848076746072,41.0340538024492],[-71.94847869709456,41.03404778594381],[-71.94847778140242,41.03404093424887],[-71.94847571103692,41.0340349177435],[-71.9484726445365,41.03402461152376],[-71.948469579198,41.034014306225224],[-71.94846651269947,41.03400400000524],[-71.9484634462019,41.0339936937852],[-71.94846040729405,41.03398253418567],[-71.94845734077052,41.033972228865615],[-71.94845537606481,41.03396279695743],[-71.94845338495959,41.033954218449686],[-71.9484378786789,41.03387193147708]]},"properties":{"Zone":2,"Object_ID":443}},{"type":"Feature","id":444,"geometry":{"type":"LineString","coordinates":[[-71.94588824558691,41.03758388924308],[-71.94589406004543,41.03750539695544],[-71.94589539988029,41.03749858709779],[-71.94589673855381,41.03749177631876],[-71.94589700303654,41.037483237825775],[-71.94589718816047,41.03747726133081],[-71.94589742618092,41.03746957713719],[-71.94589648424598,41.0374635797266],[-71.94589669580422,41.037456749832415],[-71.9458957791149,41.03744989900151],[-71.94589711897636,41.03744308824352],[-71.94589504873876,41.03743707169664],[-71.94589413086099,41.03743022084459],[-71.94589208708638,41.03742334999824],[-71.94589009618092,41.0374147723534],[-71.9458880535961,41.037407901528105],[-71.94588600982273,41.03740103068161],[-71.94588396604979,41.03739415983507],[-71.94587759668336,41.03738123238911],[-71.94587240611267,41.037366617238604],[-71.94586386191347,41.037351088662774],[-71.94585749255508,41.03733816121553],[-71.94584996849106,41.03732606713025],[-71.94584359913779,41.037313139682226],[-71.94583502732827,41.03729846448214],[-71.94582750443391,41.03728637131661],[-71.94582427949992,41.03728118813035],[-71.94582330992222,41.03727604499726],[-71.9458189843409,41.03726998839554],[-71.94581686121737,41.03726567954567],[-71.9458147645573,41.03726051639635],[-71.9458126678976,41.03725535324698],[-71.94581062413674,41.037248482398894],[-71.94580847457907,41.037245026948106],[-71.94580640435575,41.03723901039935],[-71.94580656305178,41.037233887303415],[-71.9458044940178,41.03722787077577],[-71.94580349679025,41.03722358192072],[-71.9458025548673,41.03721758450903],[-71.9458015852644,41.03721244227592],[-71.94580174396074,41.037207319179885],[-71.94580080203814,41.03720132176822],[-71.94580059945419,41.0371714183544]]},"properties":{"Zone":4,"Object_ID":444}},{"type":"Feature","id":445,"geometry":{"type":"LineString","coordinates":[[-71.94647826950016,41.036529055653254],[-71.94649198774198,41.03652331941918],[-71.94650683186337,41.03651760317174],[-71.94652057536527,41.03651101261342],[-71.94653434412918,41.03650356773264],[-71.94659152052131,41.03647895411414],[-71.94659836465058,41.03647651220859],[-71.94660290173374,41.0364757388852],[-71.9466131835444,41.03647164846794],[-71.94662002764426,41.03646920746128],[-71.9466245911791,41.0364675798373],[-71.94663489819479,41.0364626368976],[-71.94664512706925,41.03646025597722],[-71.9466554076581,41.03645616643527],[-71.94666568940669,41.03645207781373],[-71.94667135355714,41.03645132449551],[-71.94667930067635,41.03644975693494],[-71.94668727308587,41.036447334152705],[-71.94669637369746,41.03644493319902],[-71.94670321898046,41.036442492208536],[-71.94671344668829,41.036440110360786],[-71.9467202919701,41.036437669369306],[-71.94673051967658,41.036435287520035],[-71.94673736614611,41.03643284654864]]},"properties":{"Zone":4,"Object_ID":445}},{"type":"Feature","id":446,"geometry":{"type":"LineString","coordinates":[[-71.94780403472087,41.03565214677115],[-71.94776878624832,41.03566092022965],[-71.9477527877721,41.0356674700217],[-71.94773802320599,41.03567062533],[-71.94772202588537,41.03567717603911],[-71.94770723490535,41.03568118474336],[-71.94769016096542,41.03568600860825],[-71.94767757243524,41.035691765025675],[-71.94766162676441,41.035696608005175],[-71.94764337412653,41.035703118685966],[-71.94759545780029,41.035720209603895],[-71.94759089434066,41.03572183726645],[-71.94758633088084,41.03572346492885],[-71.94758176742084,41.035725092591065],[-71.94757943285282,41.03572761367205],[-71.94757371592249,41.03573007473489],[-71.94757025426836,41.035732576716875],[-71.94756571724733,41.0357333500783],[-71.94756110093377,41.03573668543971],[-71.94754497027301,41.03574750490318],[-71.94753466340842,41.03575244882495],[-71.94752540436245,41.035759972945016],[-71.9475092736902,41.03577079240342],[-71.94749891280433,41.03577744310074],[-71.94748970779388,41.03578325953897],[-71.9474735506689,41.035794933292436],[-71.94746431799567,41.03580160490787],[-71.94745508656514,41.03580827474326],[-71.94744582747444,41.03581579975706],[-71.94743662126508,41.03582161616999],[-71.9474273886123,41.035828286882264],[-71.94741815717434,41.0358349567146],[-71.94741238615586,41.03583912634848],[-71.94740774341304,41.03584331510359],[-71.94739963900287,41.035850005835286],[-71.94739612450714,41.03585421461169],[-71.94738919998338,41.03585921854373],[-71.94738222144056,41.03586592925389],[-71.94737519125587,41.03587434678447],[-71.94736703398122,41.03588274521373],[-71.94736008306529,41.03588860164361],[-71.9473553610152,41.03589535239654],[-71.94735189934418,41.03589785437187],[-71.94734484270933,41.03590712620057],[-71.9473378125155,41.03591554372876],[-71.9473296552311,41.0359239421553],[-71.94732383252959,41.035929819505654],[-71.94731682871829,41.03593738453289],[-71.94730867145643,41.035945782057766],[-71.94730051297569,41.03595418046111],[-71.9472935103759,41.0359617446078],[-71.94717830726574,41.0360750308729],[-71.94714468068688,41.036104334784625],[-71.94714116497254,41.036108543531974],[-71.94713770328235,41.03611104550081],[-71.94713195869585,41.03611435992022],[-71.94712849700504,41.03611686188883],[-71.94712388064278,41.03612019723249],[-71.94712041895131,41.036122699200796],[-71.94711695609858,41.03612520024767],[-71.94711011202465,41.03612764218412],[-71.94709875615384,41.03613000314215],[-71.94708509207167,41.03613403267034],[-71.94707827325324,41.036135620283865],[-71.94707142920466,41.03613806131779],[-71.94705891744164,41.036141256525724],[-71.94704528099055,41.03614443177038],[-71.94703843575095,41.0361468727813],[-71.94703159045513,41.03614931559216],[-71.94702474521449,41.03615175660223],[-71.94701790116234,41.036154197633],[-71.94700646596935,41.03615912058152],[-71.94699962069896,41.03616156249029],[-71.94699393012942,41.03616317012454],[-71.94699049371742,41.0361648168677],[-71.9469859025758,41.036167298785074],[-71.94698018558563,41.036169759818335],[-71.94697334031318,41.03617220172555],[-71.94696982577332,41.03617641048869],[-71.94696523584687,41.03617889152611],[-71.94696180059435,41.03618053918971],[-71.94695721061164,41.03618302202727],[-71.9469536948813,41.036187230768796],[-71.94694795144,41.03619054610036],[-71.94694336151183,41.03619302713689],[-71.94693984694109,41.03619723679934],[-71.94693520414329,41.03620142553513],[-71.94693056134497,41.03620561427072],[-71.94692930090413,41.036209863943384],[-71.9469235574597,41.03621317927369],[-71.94692229823502,41.03621742806717],[-71.94691875605209,41.03622249110751],[-71.9469152415061,41.036226699868976],[-71.94691398109181,41.03623094864119],[-71.94691049296586,41.036234304002846],[-71.94690805258747,41.0362402413693],[-71.94690566510616,41.03624447013595],[-71.9469055064974,41.03624959323456],[-71.94690311901562,41.036253822001164],[-71.94690070508467,41.03625890506756],[-71.94689941940888,41.036264008160565],[-71.94689823828357,41.036265695833436],[-71.94689807970205,41.03627081803182],[-71.94689792106476,41.03627594203061],[-71.94689660893958,41.0362818994235],[-71.94689526923209,41.036288709294645],[-71.94689282885042,41.036294646660735],[-71.94689149152008,41.03630145657407],[-71.94688787120015,41.036309081633824],[-71.94688545729389,41.036314163799645],[-71.94688414397794,41.03632012117118],[-71.94688167720075,41.0363269110364],[-71.94687813619775,41.03633197409649],[-71.94687569584077,41.036337910561905],[-71.94687097370937,41.03634466129433],[-71.94686968802964,41.03634976438694],[-71.94686614583563,41.03635482742555],[-71.94686252553772,41.036362451584246],[-71.94685895692093,41.03636836802222],[-71.94685538946456,41.03637428538139],[-71.94685305484616,41.036376806447365],[-71.94685187490657,41.036378494140756],[-71.94684956670943,41.036380161807024],[-71.9468483855808,41.03638184947931],[-71.94684605093394,41.036384371445344],[-71.94684374273648,41.0363860391115],[-71.9468425627965,41.03638772680477],[-71.94683909989153,41.036390228743436],[-71.94683676527193,41.036392749809046],[-71.94683443065209,41.036395270874586],[-71.94683102180699,41.03639606513461],[-71.9468287400585,41.03639687850061],[-71.94682643186022,41.03639854616641],[-71.94682412366174,41.03640021383215],[-71.94682071481627,41.03640100809187],[-71.9468195336865,41.03640269576387],[-71.94681040666299,41.036405950126856],[-71.94680240667972,41.03640922539587],[-71.94679443430691,41.03641164728588],[-71.94678412731103,41.03641659023984],[-71.94677271850597,41.036420658865126],[-71.94676474613071,41.03642308075308],[-71.94675672088125,41.03642721033984],[-71.94674880021739,41.03642792360593],[-71.94673736614611,41.03643284654864]]},"properties":{"Zone":2,"Object_ID":446}},{"type":"Feature","id":447,"geometry":{"type":"LineString","coordinates":[[-71.94646224542142,41.03653645958636],[-71.94644732195563,41.03654473782695],[-71.94643357841153,41.03655132927674],[-71.94641980846541,41.036558773224144],[-71.94640609258778,41.0365645094918],[-71.94639232141901,41.03657195431502],[-71.94637857910853,41.03657854397892],[-71.94636480909482,41.036585989720194],[-71.94634993851776,41.036592559348726],[-71.9463383974307,41.036600897629036],[-71.94632465508093,41.036607488186704],[-71.94631201218331,41.036614952132375],[-71.94630742220198,41.03661743314343],[-71.9463017051199,41.036619895043124],[-71.94629824339921,41.03662239608631],[-71.94629362577116,41.03662573137535],[-71.94629016286099,41.03662823239721],[-71.94628444574946,41.03663069519629],[-71.94628098402761,41.03663319623895],[-71.94627749465957,41.03663655156005],[-71.94627287821841,41.036639886869416],[-71.94626941649558,41.03664238791171],[-71.94626480005363,41.03664572322074],[-71.94626131187302,41.036649078562455],[-71.94625669543012,41.036652413871145],[-71.94625433432182,41.03665578922448],[-71.94625087259753,41.036658290266274],[-71.94624622969607,41.03666247987417],[-71.94624276678222,41.03666498089458],[-71.94623930505696,41.03666748193597],[-71.9462357892275,41.03667169155548],[-71.94623230104408,41.03667504689629],[-71.94622878643054,41.03667925563647],[-71.94622529705747,41.03668261095597],[-71.9462229359465,41.03668598630867],[-71.94621944776165,41.03668934164912],[-71.94621706019237,41.036693571301306],[-71.94621357200683,41.036696926641575],[-71.94621005620208,41.03670113536004],[-71.94620769508965,41.03670451071241],[-71.94620538686505,41.03670617836566],[-71.94620302575223,41.03670955371795],[-71.94620061175104,41.03671463676922],[-71.94619597005929,41.03671882549594],[-71.94619583785263,41.03672309429339],[-71.94619234847559,41.03672644961192],[-71.9461922162408,41.03673071930958],[-71.94619098341762,41.03673411379497],[-71.94619085118273,41.036738383492626],[-71.94618849006802,41.03674175884456],[-71.94618835786085,41.036746027642046],[-71.94618709739011,41.03675027640582],[-71.94618701804345,41.03675283840448],[-71.94618693872464,41.03675539950287],[-71.94618573230312,41.036757941489],[-71.94618339764573,41.03676046254123],[-71.94618331832679,41.03676302363963],[-71.94618211071611,41.03676556560459],[-71.94617982894695,41.03676637895771],[-71.9461785960946,41.036769774343114],[-71.94617395320871,41.03677396304781],[-71.94616818321919,41.036778132639796],[-71.94616351387356,41.036783175643684],[-71.94615771745188,41.036788198634504],[-71.94615194627123,41.03679236820457],[-71.94614617630658,41.036796536895295],[-71.94614150695799,41.036801579898224],[-71.94613573699189,41.03680574858839],[-71.94612771046816,41.03680987811005],[-71.94612196695954,41.03681319249992],[-71.94611504226742,41.03681819545434],[-71.94611042580543,41.036821530757024],[-71.94610240046705,41.03682566029803],[-71.94609665695585,41.036828974686614],[-71.94608978515117,41.03683226994059],[-71.94608406801467,41.03683473272959],[-71.94607604032315,41.036838861326345],[-71.94606911562491,41.03684386427797],[-71.9460610903091,41.0368479929159],[-71.94605416560879,41.03685299586659],[-71.9460472685563,41.03685714453849],[-71.94604034385395,41.036862147488385],[-71.94603341915058,41.03686715043786],[-71.94602649444616,41.03687215338691],[-71.9460125656806,41.036884721282185],[-71.9460021792268,41.03689222526418],[-71.94599407454673,41.03689891589581],[-71.94597899228692,41.03691231627169],[-71.94596975933568,41.03691898686593],[-71.94596160175459,41.03692738519407],[-71.94595347063277,41.03693492922214],[-71.94594646658692,41.036942493264476],[-71.94593607889986,41.03694999811953],[-71.94592907482252,41.03695756306098],[-71.94591399253623,41.03697096342822],[-71.94590583375282,41.036979361731234],[-71.94589880445162,41.036987779191],[-71.94589649620939,41.036989446838014],[-71.94589418796697,41.03699111448497],[-71.94589185326237,41.036993636431376],[-71.94588951858552,41.03699615747752],[-71.94588831098721,41.03699869853907],[-71.94588597628211,41.03700122048534],[-71.94588366803909,41.03700288813208],[-71.94588133455045,41.03700540919918],[-71.94588012692384,41.03700795116082],[-71.94587889405157,41.03701134654283],[-71.94587658583592,41.03701301328924],[-71.94587535174661,41.03701640955036],[-71.94587411887402,41.0370198049323],[-71.94587296414366,41.03702063919515],[-71.94587283191562,41.03702490799193],[-71.9458704972369,41.03702742903767],[-71.94586913210766,41.03703509411659],[-71.94586556336607,41.03704101052305],[-71.94586301828717,41.03705036238477],[-71.94586063071004,41.037054591129014],[-71.94585939664711,41.03705798648974],[-71.94585577616719,41.037065611515864],[-71.94585341505167,41.03706898596049],[-71.94585102744537,41.0370732156048],[-71.94584738055676,41.037081693129686],[-71.94584499294967,41.03708592277384],[-71.94584263299387,41.03708929813959],[-71.94583914357969,41.03709265344712],[-71.94583791073173,41.03709604792844],[-71.94583444775193,41.037098549836614],[-71.94583318844066,41.03710279861732],[-71.94583085372986,41.03710532056244],[-71.94582736434214,41.03710867496943],[-71.94582274784543,41.03711201026042],[-71.94582154021462,41.037114552221375],[-71.94581807842214,41.03711705415013],[-71.94581569083974,41.03712128289345],[-71.94581220142253,41.03712463820012],[-71.94581212206091,41.03712720019834],[-71.94580976091308,41.03713057554222],[-71.94580852925178,41.03713397004428],[-71.94580726991035,41.03713821972494],[-71.94580606230632,41.03714076078553],[-71.94580059945419,41.0371714183544]]},"properties":{"Zone":2,"Object_ID":447}},{"type":"Feature","id":448,"geometry":{"type":"LineString","coordinates":[[-71.94622116092135,41.03860213573156],[-71.94617684736805,41.038357021872486],[-71.94608700334378,41.03812476771685],[-71.94598156603891,41.03795887163989],[-71.94585746116424,41.03788576245059],[-71.94581619592125,41.03783377229192],[-71.94581269922921,41.03776451261173],[-71.94588824558691,41.03758388924308]]},"properties":{"Zone":3,"Object_ID":448}},{"type":"Feature","id":449,"geometry":{"type":"LineString","coordinates":[[-71.94622116092135,41.03860213573156],[-71.94624877123856,41.038730769255885],[-71.94625406658676,41.03874196896725],[-71.94625941363603,41.03875146095897],[-71.94626019698535,41.03876258055936],[-71.9462655187681,41.03877292687113],[-71.94626858398408,41.03878323221676],[-71.94627275220243,41.03879441281564],[-71.94627581742054,41.03880471816104],[-71.94627783484756,41.0388124423974],[-71.94627880448289,41.038817585524896],[-71.94627972001386,41.03882443722966],[-71.94628071610731,41.03882872605789],[-71.94628165809637,41.03883472346341],[-71.94628149946111,41.038839845657925],[-71.94628244263939,41.03884584308459],[-71.94628228400414,41.03885096527908],[-71.9462821265299,41.03885608839489],[-71.94628196786672,41.038861211489575],[-71.94628062801623,41.03886802224978],[-71.94628046935289,41.038873145344446],[-71.94627918360653,41.03887824752731],[-71.94627784375538,41.038885058287484],[-71.94627768509181,41.03889018138211],[-71.94627524458696,41.03889611783136],[-71.94627398524197,41.038900367515325],[-71.94622138810614,41.03906858333067],[-71.94622129120104,41.03914461371238],[-71.94621641010633,41.03915648840816],[-71.94621378448616,41.03916840134895],[-71.94621013750083,41.03917687978143],[-71.94620646408353,41.03918621161265],[-71.94620268369616,41.03919895881881],[-71.94620013739306,41.03920831066215],[-71.94619643751358,41.03921849679217],[-71.94619383831851,41.039229556333375],[-71.9461911345308,41.03924403129172],[-71.9461886146556,41.03925252973581],[-71.94618829734077,41.039262775023815],[-71.94618457102507,41.03927381455216],[-71.94618301959378,41.03928745610268],[-71.94618047328446,41.03929680794543],[-71.9461812842194,41.03930707506734],[-71.94617863212765,41.03931984230602],[-71.94617847348324,41.03932496449979],[-71.94617946836087,41.03932925420748],[-71.94617930968863,41.039334377301486],[-71.94617915223319,41.03933949951635],[-71.9461800954093,41.039345496943135],[-71.94617991030564,41.03935147343598],[-71.94618085232091,41.03935746994144],[-71.9461818483881,41.0393617596702],[-71.94618281686303,41.039366901876505],[-71.94618376003982,41.03937289930316],[-71.94618475494636,41.039377188110585],[-71.94618572458278,41.03938233123815],[-71.94618892202693,41.03938836778958],[-71.9461887633553,41.039393490883526],[-71.94618973180327,41.03939863398996],[-71.94619185620824,41.039402942851936],[-71.9461916975368,41.03940806594584],[-71.94619489617165,41.03941410251823],[-71.94619696649818,41.039420119056956],[-71.94619903679717,41.0394261364959],[-71.94620223424461,41.03943217304689],[-71.94620433100351,41.03943733618661],[-71.94620750199302,41.03944422703656],[-71.94620839231098,41.03945193126069],[-71.94620933433023,41.03945792776581],[-71.94621137938941,41.03946479862437],[-71.94621232259804,41.039470795150535],[-71.94621323815905,41.03947764595462],[-71.94621418136805,41.03948364248072],[-71.94621512338828,41.039489638985664],[-71.94621606656979,41.03949563641195],[-71.946215828579,41.039503320602606],[-71.94621561701922,41.03951015139438],[-71.94621650615002,41.03951785559723],[-71.94621634748019,41.03952297869105],[-71.94621503525742,41.03952893517152],[-71.94619925492036,41.03971061987206],[-71.94619904338609,41.03971744976327],[-71.94619893760498,41.03972086515897],[-71.94619872604275,41.039727695950376],[-71.94619856737106,41.0397328190439],[-71.94619838345692,41.03973879555738],[-71.94619707122826,41.03974475203736],[-71.94619809257262,41.0397481874454],[-71.94619903575628,41.03975418487146],[-71.94619885065319,41.03976016136377],[-71.94620094742218,41.03976532450315],[-71.94620078875056,41.03977044759668],[-71.94620060364758,41.03977642408898],[-71.94620159856127,41.03978071289585],[-71.94620254177352,41.039786709421584],[-71.94620353665962,41.03979099912862],[-71.94620560699867,41.03979701566668],[-71.94620542189605,41.039802992158975],[-71.94620754628713,41.03980730192046],[-71.94620848831134,41.039813298425045],[-71.94621171339857,41.03981848159758],[-71.94621155472765,41.039823604691016],[-71.94621590697041,41.03982880697549],[-71.94621690185798,41.039833096682344],[-71.9462189721996,41.0398391132201],[-71.94622109543162,41.03984342206002],[-71.94622319220493,41.0398485851989],[-71.9462241618512,41.039853728325596],[-71.94622738575264,41.03985891147652],[-71.94623055795363,41.03986580234629],[-71.94623270764612,41.03986925688693],[-71.9462359327379,41.03987444005871],[-71.94623918307211,41.0398787698105],[-71.94624345597241,41.039886534090634],[-71.94624893532203,41.03989175728598],[-71.94625438943073,41.0398978339009],[-71.94625868876467,41.03990474478167],[-71.9462641164448,41.03991167479491],[-71.9462695957981,41.039916897989244],[-71.94627504991077,41.03992297460314],[-71.94628275825399,41.039929092140184],[-71.94628380606382,41.03993167324834],[-71.94628490792336,41.03993254758004],[-71.94628821117992,41.03993516873236],[-71.9462915156257,41.039937789905714],[-71.94629371818411,41.03993953764762],[-71.94629702260242,41.03994215972097],[-71.94630037874808,41.03994307317515],[-71.94630258130688,41.03994482091686],[-71.9463070657428,41.0399457553035],[-71.94630926830186,41.03994750304509],[-71.94631375276593,41.03994843653127],[-71.94631485343714,41.039949310841585],[-71.94631818434252,41.039951077715116],[-71.94632382236584,41.03995117781336],[-71.94632492422623,41.03995205214468],[-71.94633056224967,41.039952152242535],[-71.94633394485386,41.039952211396724],[-71.94633732861917,41.0399522714721],[-71.94634181308395,41.0399532049572],[-71.94634519566031,41.039953265011256],[-71.94634857942562,41.03995332508634],[-71.94635198962041,41.03995253176249],[-71.94635650051487,41.03995261184822],[-71.9463610378665,41.03995183763478],[-71.94637352154703,41.03994949676191],[-71.94638374977963,41.03994711584546],[-71.94639736180432,41.03994479410153],[-71.94640871716437,41.03994243319331],[-71.94642120205829,41.0399400914362],[-71.94643140507611,41.03993856303528],[-71.94644501588056,41.03993624216482],[-71.94645634599824,41.039934734671824],[-71.94646085689156,41.039934814753494],[-71.9464664949138,41.03993491484477],[-71.9464698786783,41.039934974916285],[-71.94647664382941,41.03993509501682],[-71.9464800275939,41.039935155088045],[-71.94648338490279,41.03993606945819],[-71.94649015124298,41.039936189579066],[-71.94649463570889,41.039937123058266],[-71.94649909371942,41.03993891083631],[-71.94650470531457,41.03993986432459],[-71.946510316882,41.039940818712765],[-71.94651590323907,41.03994262562043],[-71.94652484571735,41.039945346875705],[-71.94653045728556,41.039946301262944],[-71.94653604361574,41.039948109069854],[-71.94654608676997,41.039951704631626],[-71.94655051835598,41.03995434580654],[-71.94655725827138,41.03995531932231],[-71.94656058915555,41.03995708708913],[-71.94656504598026,41.039958874843535],[-71.94657506387216,41.03996332472298],[-71.94658285277195,41.03996688026405],[-71.94658843794424,41.039968687147116],[-71.94659399782368,41.03997134925028],[-71.94660291266601,41.039974924777496],[-71.9466062171262,41.0399775459418],[-71.94661064868849,41.03998018801461],[-71.94661951068083,41.03998547033824],[-71.94662396869803,41.03998725811148],[-71.94662842793228,41.03998904500545],[-71.94663280661658,41.03999339477536],[-71.94663726463462,41.03999518254808],[-71.94664502592683,41.03999959146273],[-71.94672086399548,41.040028274948256],[-71.94689791631271,41.04014076493738],[-71.94687727356407,41.04015150423207],[-71.94689384640522,41.04016290407328],[-71.94690928974111,41.04017428386437],[-71.94692476188239,41.0401848102967],[-71.94693802909461,41.040193588055075],[-71.94695342076267,41.040206675559304],[-71.94696889172957,41.040217201964545],[-71.94698315627515,41.04023026945986],[-71.94699642347634,41.040239048111665],[-71.94701186925333,41.04025042703088],[-71.94702285458338,41.040260019048425],[-71.94703827270435,41.04027225314226],[-71.94705038755465,41.04028186520358],[-71.94706465094123,41.040294932667535],[-71.94708122385046,41.040306332481464],[-71.94709218396864,41.040316777912324],[-71.9471065002108,41.04032813857324],[-71.94707917156066,41.0403361958427],[-71.94720033968281,41.040431462827776],[-71.94721788119253,41.040448005718524],[-71.94723655103802,41.04046456862988],[-71.9472552197039,41.04048113151709],[-71.94727168696534,41.04049594669933],[-71.94729035567669,41.040512508680564],[-71.94730902555843,41.04052907158003],[-71.94732997617352,41.04054482018002],[-71.94734864607427,41.040561383072955],[-71.94736401027521,41.04057532479949],[-71.94736734002309,41.04057709252167],[-71.94737402834168,41.04057977370887],[-71.94737507739327,41.04058235482788],[-71.94738063616673,41.04058501687176],[-71.94738616852429,41.040588532314295],[-71.94738837113314,41.04059028003506],[-71.9473939047083,41.04059379459815],[-71.94739608087339,41.04059639661788],[-71.94740161323271,41.04059991205966],[-71.94740381584236,41.04060165978015],[-71.94740599203591,41.04060426089949],[-71.94740926892626,41.04060773631855],[-71.94741260105492,41.04060950408164],[-71.94741697985948,41.040613852921055],[-71.947419129638,41.04061730743907],[-71.9474224065297,41.0406207828577],[-71.9474279124765,41.04062515169714],[-71.9474301150877,41.04062689941711],[-71.94743336672569,41.04063122915569],[-71.94743441459146,41.040633810253006],[-71.94743771792832,41.04063643137209],[-71.94744096956734,41.040640761110446],[-71.94744419360211,41.04064594422651],[-71.94744524384639,41.04064852536592],[-71.94744846788186,41.04065370848192],[-71.94744954335313,41.040655436201256],[-71.94745171955029,41.04065803731969],[-71.94745497003011,41.040662366136345],[-71.947458194067,41.04066754925201],[-71.94745811476474,41.04067011124919],[-71.94746133999129,41.040675294385835],[-71.94746230858453,41.040680436579876],[-71.94746644951903,41.040692470508624],[-71.94747284714533,41.0407045435792],[-71.94747701449853,41.04071572410859],[-71.94748228260843,41.04072777713638],[-71.94748642354949,41.040739811064306],[-71.94749166522003,41.04075271839079],[-71.9474969621285,41.04076391806111],[-71.94750327927763,41.04077855310582],[-71.9475074454795,41.04078973271266],[-71.94751045931301,41.04080174573967],[-71.94751572859693,41.04081379968701],[-71.94751986954941,41.040825833613496],[-71.94752398408868,41.040838720938744],[-71.94752925221691,41.04085077396404],[-71.94753226602923,41.04086278789055],[-71.9475375353498,41.04087484093655],[-71.94754458325157,41.04090230326284],[-71.94754555301567,41.0409074463772],[-71.94754767636809,41.0409117551917],[-71.94754641587738,41.04091600486645],[-71.94754741208419,41.04092029368168],[-71.94754725351382,41.04092541677566],[-71.94754712138575,41.04092968557052],[-71.94754701567214,41.04093310096652],[-71.94754570354098,41.04093905746009],[-71.947538638292,41.04098506526669],[-71.94753729855543,41.040991875137884],[-71.94753708712699,41.040998705929745],[-71.94753574855115,41.04100551672221],[-71.94753669071247,41.04101151321431],[-71.94753425024233,41.041017449687175],[-71.94753514070759,41.04102515479852],[-71.94753610931166,41.041030296991515],[-71.947535899072,41.04103712780434],[-71.94753684239488,41.041043125217726],[-71.94753665740876,41.04104910171038],[-71.9475375731283,41.04105595250149],[-71.94753959077076,41.04106367671184],[-71.9475404812652,41.04107138092285],[-71.94754257818005,41.04107654403637],[-71.94754239319433,41.04108252052902],[-71.94754441083816,41.04109024473923],[-71.94754540583061,41.04109453443343],[-71.94754629632614,41.04110223864433]]},"properties":{"Zone":2,"Object_ID":449}},{"type":"Feature","id":450,"geometry":{"type":"LineString","coordinates":[[-71.94755455189322,41.041127158991934],[-71.94755651665517,41.04113659180001],[-71.94756068407754,41.04114777142506],[-71.94756485150124,41.041158951049944],[-71.94756786536188,41.041170964074475],[-71.94757211205892,41.04117958260224],[-71.94757627948654,41.04119076222668],[-71.94758157406636,41.04120196184976],[-71.94758686983693,41.04121316149376],[-71.94759109131407,41.04122263344073],[-71.94759641231283,41.04123297966425],[-71.94760286165369,41.04124334590729],[-71.94760823553936,41.04125198353212],[-71.94761465847017,41.04126320317335],[-71.9476222361578,41.04127358943496],[-71.94762868550666,41.041283955676484],[-71.94764236903849,41.0413158068637],[-71.94767377026056,41.041394958526645],[-71.94774087371421,41.04156017266675],[-71.94774627524465,41.041567956906825],[-71.94774942005624,41.041575702010135],[-71.94775589708323,41.0415852139659],[-71.94775901551264,41.04159381156752],[-71.9477633151133,41.04160072238966],[-71.94776756186326,41.041609340909424],[-71.9477729622118,41.04161712512707],[-71.9477772354037,41.041624889347446],[-71.9477826357547,41.04163267356464],[-71.94778693654933,41.04163958440692],[-71.9477923116522,41.04164822294371],[-71.94779884035434,41.04165602717805],[-71.9478042142711,41.04166466569315],[-71.94780851388109,41.041671576513494],[-71.94781504377644,41.04167938076793],[-71.94782157132323,41.04168718407961],[-71.94782589737551,41.04169324060028],[-71.94783019698964,41.04170015141974],[-71.9478333958842,41.04170618794362],[-71.947837720722,41.04171224534288],[-71.94784089320682,41.04171913526532],[-71.9478440392256,41.04172688038686],[-71.9478462419122,41.04172862719828],[-71.94784723812278,41.04173291691032],[-71.94785040939273,41.041739807711586],[-71.94785245353111,41.041746677616224],[-71.9478544976421,41.04175354842107],[-71.94785654175351,41.04176041922586],[-71.9478586651534,41.041764728033804],[-71.9478585594545,41.041768143429394],[-71.94786060356678,41.04177501423411],[-71.9478605243066,41.041777575330684],[-71.94786036575837,41.041782698424065],[-71.9478623846495,41.0417904226486],[-71.94786330041292,41.04179727343593],[-71.9478654502252,41.04180072884491],[-71.94786534452659,41.04180414424051],[-71.94786859508963,41.04180847304432],[-71.94786848939115,41.04181188843992],[-71.9478706656427,41.0418144895498],[-71.94787166185608,41.04181877926157],[-71.9478738116695,41.04182223467035],[-71.94787480672208,41.04182652346079],[-71.94787698297435,41.04182912457053],[-71.94787687727629,41.04183253996609],[-71.94787564441664,41.04183593536559],[-71.94787779423076,41.04183939077434],[-71.9478788156945,41.0418428261659],[-71.94787981312567,41.04184711499847],[-71.9478808345896,41.04185055038998],[-71.94788075530225,41.04185311238679],[-71.94788172510634,41.041858255497196],[-71.9478827465705,41.04186169088871],[-71.94788038535955,41.04186506627119],[-71.94788250876434,41.041869375078576],[-71.9478824030665,41.041872790474144],[-71.94788235021758,41.041874498171886],[-71.9478823237792,41.04187535247088],[-71.94788216526025,41.04188047466398],[-71.94788208597292,41.04188303666071],[-71.94788195386451,41.04188730545505],[-71.94788184816662,41.04189072085054],[-71.94788176890711,41.04189328194707],[-71.94788161036024,41.04189840504035],[-71.9478803774996,41.04190180043988],[-71.94788024539103,41.041906069234166],[-71.94787898490277,41.04191031891155],[-71.94787890564314,41.04191288000806],[-71.94787887920467,41.04191373430707],[-71.94787651799163,41.04191710968939],[-71.9478764387319,41.0419196707859],[-71.9478752058706,41.04192306618534],[-71.94787512661081,41.04192562728187],[-71.94787732927692,41.041927374992795],[-71.94787496806333,41.04193075037509],[-71.94787714550802,41.04193335150587],[-71.94787706622041,41.04193591350261],[-71.94787806127493,41.041940202292864],[-71.94787803483646,41.041941056591874],[-71.94788021109261,41.041943657701474],[-71.94788125899645,41.041946238793976],[-71.94788230806148,41.041948820807775],[-71.94788338237605,41.04195054850145],[-71.94788668698531,41.041953169628],[-71.94788773486168,41.041955751620684],[-71.94788881036547,41.04195747933541],[-71.94789096021212,41.041960933843576],[-71.9478931892903,41.04196182815544],[-71.94789536554772,41.041964429264766],[-71.94789759462603,41.04196532357651],[-71.94790092445791,41.04196709128281],[-71.94790197236293,41.04196967237509],[-71.94790532979444,41.04197058670362],[-71.94790865965464,41.041972353509436],[-71.94790863440552,41.041973207829464],[-71.94791422094403,41.04197501556901],[-71.94791532169783,41.04197588896341],[-71.94791865153073,41.041977656669204],[-71.9479242909178,41.04197775671049],[-71.94792539164392,41.04197863100504],[-71.94792872266619,41.04198039873157],[-71.9479309782112,41.04198043784351],[-71.94793320612939,41.04198133123328],[-71.9479354352088,41.041982225544324],[-71.94793766431614,41.041983118955066],[-71.94793989339571,41.041984013265974],[-71.9479410217488,41.041984033282496],[-71.94794319800884,41.041986634390916],[-71.94794542711642,41.04198752780156],[-71.94794650143325,41.04198925549465],[-71.94794873051306,41.04199014980544],[-71.94794980601904,41.0419918775196],[-71.9479509331833,41.04199189751493],[-71.94795310944399,41.041994498623104],[-71.94795308300644,41.04199535292213],[-71.94795533971308,41.041995392954874],[-71.94795638762068,41.04199797404667],[-71.94795859029136,41.04199972175603],[-71.94795969223514,41.042000595171096],[-71.94796189490602,41.042002342880394],[-71.94796181562162,41.04200490487711],[-71.9479628635296,41.04200748596883],[-71.94796283709218,41.042008340267806],[-71.94796509261029,41.04200838027926],[-71.94796501335387,41.04201094137581],[-71.94796608886057,41.04201266908983],[-71.9479671631784,41.042014396782754],[-71.9479659831668,41.0420160844853],[-71.94796818464937,41.04201783217337],[-71.94796815823989,41.04201868557214],[-71.94796807895572,41.04202124756885],[-71.94796802610888,41.042022955266596],[-71.94796671399398,41.04202891176347],[-71.94796770905567,41.042033200552886],[-71.94796639691268,41.04203915794994],[-71.94796623839984,41.04204428014297],[-71.94796607985913,41.04204940323615],[-71.94796482056256,41.04205365293543],[-71.94796581562458,41.04205794172481],[-71.94796675902872,41.042063938233056],[-71.94796670618182,41.04206564593074],[-71.94796434615685,41.04206902133589],[-71.94796536762856,41.04207245672653],[-71.94796646838465,41.04207333012043],[-71.94796413474111,41.042075853027015],[-71.94796405548458,41.04207841412347],[-71.94796282143577,41.04208180950265],[-71.94796276858877,41.04208351720038],[-71.94796153572884,41.04208691260062],[-71.9479603545269,41.042088600282014],[-71.94795920095132,41.042089433685526],[-71.9479590688196,41.04209370337993],[-71.9479567340418,41.04209622446483],[-71.94795557927705,41.04209705784726],[-71.9479543728262,41.04209959984863],[-71.94795203804796,41.04210212093342],[-71.94795080399818,41.04210551631242],[-71.94795075115083,41.04210722401015],[-71.94794728920591,41.042109725099515],[-71.94794605634472,41.04211312049956],[-71.94794259318243,41.042115622467875],[-71.94794028481313,41.04211729015366],[-71.94793913123678,41.042118123556996],[-71.94793564166409,41.042121478923896],[-71.94793451449763,41.04212145892843],[-71.94793212687001,41.042125687710474],[-71.94792866370662,41.04212818967842],[-71.9479264093735,41.04212814968733],[-71.94792294623754,41.042130650754885],[-71.94792173978482,41.0421331927559],[-71.94791948426248,41.0421331527436],[-71.94791602112608,41.042135653810924],[-71.94791486754916,41.042136487213995],[-71.94791140319558,41.042138989160286],[-71.94790909601357,41.04214065686655],[-71.9479056592867,41.04214230453483],[-71.94790327165653,41.042146533316256],[-71.94790096328508,41.042148201001275],[-71.94789978324162,41.04214988960335],[-71.9478963201036,41.04215239067006],[-71.94789511364948,41.0421549326708],[-71.94789277886704,41.04215745375438],[-71.94789157241267,41.04215999575508],[-71.94789033838653,41.04216339023318],[-71.94788910552141,41.04216678563262],[-71.94788795072678,41.042167619914515],[-71.94788781861817,41.04217188870856],[-71.94788774051969,41.042174450726215],[-71.94788530003811,41.042180387204894],[-71.94788734416586,41.042187258008475],[-71.94788603204046,41.042193214504195],[-71.9478857942335,41.042200898693466],[-71.94788545072822,41.04221199827799],[-71.94788523933177,41.042218829068524],[-71.94788505437374,41.04222480556013],[-71.94788374105836,41.0422307620347],[-71.9478846580191,41.04223761284224],[-71.94788554738035,41.04224531702738],[-71.94788649075205,41.04225131443621],[-71.94788633220469,41.042256437529076],[-71.94788722275543,41.0422641417353],[-71.94788813974479,41.04227099164253],[-71.9478879811975,41.04227611473535],[-71.94788997129046,41.04228469321524],[-71.94788978633268,41.04229066970676],[-71.94789180405373,41.042298393908766],[-71.94789164550666,41.04230351700162],[-71.94789363678983,41.04231209550244],[-71.94789460660168,41.04231723861219],[-71.94789654506465,41.042327523910366],[-71.94789845827884,41.042338663528454],[-71.94790044956396,41.0423472420291],[-71.94790029101743,41.04235236512184],[-71.94790343591208,41.04236010931938],[-71.94790553289597,41.04236527242475],[-71.94790752418287,41.04237385092523],[-71.94790959475706,41.04237986742921],[-71.9479105898204,41.04238415621874],[-71.94791373587888,41.042391901337204],[-71.9479147321316,41.0423961901478],[-71.9479178253706,41.04240564206347],[-71.9479220181548,41.04241596825244],[-71.94792403588336,41.04242369245364],[-71.94792610646068,41.0424297089573],[-71.94793032687473,41.04243918086811],[-71.9479346001101,41.0424469459814],[-71.94793669831603,41.04245210820699],[-71.9479387953054,41.042457271311655],[-71.94794194020953,41.04246501550788],[-71.94794516556112,41.0424701986289],[-71.94794831046659,41.04247794282495],[-71.9479536316218,41.042488289029016],[-71.94795790489097,41.042496053241194],[-71.94796005473083,41.04249950864785],[-71.9479642763431,41.042508980578376],[-71.94796750169857,41.04251416369871],[-71.94797075230306,41.042518492499],[-71.9479750519858,41.04252540331176],[-71.9479804524333,41.042533187518046],[-71.94798257583817,41.042537497223144],[-71.94798902658316,41.04254786256244],[-71.94799227716284,41.04255219226229],[-71.94799767880359,41.04255997648879],[-71.94800085012868,41.04256686728462],[-71.94800407551772,41.04257204950367],[-71.94800958163698,41.04257641921364],[-71.94801388132754,41.042583330024904],[-71.94801815460983,41.042591094234645],[-71.94802253358498,41.04259544304914],[-71.94802693896959,41.04259893846476],[-71.94803121225445,41.04260670267398],[-71.94803669315858,41.04261192580238],[-71.94804324720413,41.042618876601416],[-71.94804757333748,41.04262493311249],[-71.94805192588022,41.04263013622469],[-71.94806068500176,41.0426388347721],[-71.94806724026932,41.04264578469063],[-71.9480705172952,41.04264926008928],[-71.94807707253696,41.042656210907424],[-71.94808142508411,41.04266141401848],[-71.94809957512301,41.04265831779508],[-71.94811654392421,41.04265691015188],[-71.94813125718446,41.04265546249796],[-71.94814825239175,41.042653201451394],[-71.94816635074417,41.042651813836414],[-71.94818442033872,41.04265127867494],[-71.9481991335963,41.042649831012376],[-71.94821717791679,41.04265015106597],[-71.94823527507795,41.0426487634191],[-71.94824880831824,41.042649003455324],[-71.94826687904467,41.042648470102456],[-71.94828605056854,41.04264880923732],[-71.94830302055233,41.04264740158782],[-71.94832103727853,41.04264857500283],[-71.94833564485674,41.042650542718256],[-71.94835371677189,41.04265000937292],[-71.94836273774355,41.04265016936693],[-71.94837283545975,41.04265205619105],[-71.94838185643171,41.04265221618356],[-71.94839195412091,41.042654103906266],[-71.94840774290319,41.04265438392701],[-71.94841786583628,41.04265541732737],[-71.94842686156612,41.04265643163643],[-71.94843472895938,41.04265742503289],[-71.94844259751395,41.04265841935007],[-71.9484493377319,41.042659392755006],[-71.94845494958527,41.04266034614812],[-71.94846392012983,41.042662212973894],[-71.94847063272834,41.04266404065546],[-71.94847624574356,41.04266499496877],[-71.94848516104943,41.04266857034871],[-71.94849413037912,41.042670438051246],[-71.94850087059909,41.04267141145323],[-71.9485053024168,41.0426740534518],[-71.94851091427222,41.04267500684213],[-71.94851647567255,41.04267766797211],[-71.94852654575004,41.04268040996093],[-71.94853097759723,41.04268305105833],[-71.94853653659321,41.04268571304539],[-71.94854319758039,41.04268924754139],[-71.94854988494272,41.04269192953843],[-71.94855767307982,41.04269548492323],[-71.94856213133139,41.04269727262066],[-71.94856876708019,41.042701661435224],[-71.9485754268817,41.04270519590824],[-71.9485798323028,41.04270869130272],[-71.9485842113225,41.04271304009582],[-71.94858982434351,41.0427139944036],[-71.94859420217519,41.04271834317527],[-71.94860081030977,41.042723586265836],[-71.9486040897455,41.0427270616915],[-71.94860964877594,41.042729722774794],[-71.94861402779897,41.042734071566784],[-71.94861730485785,41.04273754694985],[-71.94862504136245,41.04274281004895],[-71.9486371028748,41.04275412961524],[-71.94864363178527,41.04276193379991],[-71.94865128903605,41.04276975889397],[-71.94866009992312,41.04277674877669],[-71.94866775598857,41.0427845738485],[-71.94868091948241,41.042796766818306],[-71.94868519285656,41.04280453100303],[-71.94869505286219,41.04281410288905],[-71.9487016598253,41.04281934595265],[-71.94870929068932,41.04282802444156],[-71.94872130062035,41.04284105081749],[-71.94873003226853,41.042850602691516],[-71.9487354856589,41.04285667916424],[-71.94874859632421,41.04287058072409],[-71.94875286971104,41.04287834490621],[-71.94876165419576,41.04288618908],[-71.94876592755733,41.04289395416178],[-71.94877361010396,41.04290092402723],[-71.94878006098003,41.042911290221724],[-71.94878661632211,41.04291824099924],[-71.94879204332395,41.04292517086794],[-71.9487985458424,41.042933829342545],[-71.94880937458663,41.04294854429882],[-71.94881910255349,41.04296238586844],[-71.94882783423172,41.04297193773482],[-71.94883103208944,41.04297797420823],[-71.94883425634646,41.04298315728276],[-71.94883640624776,41.042986612672735],[-71.94883965812112,41.04299094146922],[-71.94884062682719,41.04299608454914],[-71.94884387989036,41.04300041336656],[-71.94884600336624,41.04300472305535],[-71.94884815329671,41.04300817754489],[-71.94884914840226,41.04301246722597],[-71.94885127190676,41.043016776014404],[-71.94885339541155,41.043021084802845],[-71.94885664607085,41.04302541447793],[-71.94885758956933,41.04303141097751],[-71.94885861110211,41.043034846359504],[-71.94886073460795,41.04303915514775],[-71.94886170450546,41.04304429824849],[-71.94886159885614,41.04304771364405],[-71.94886144038222,41.043052836737274]]},"properties":{"Zone":3,"Object_ID":450}},{"type":"Feature","id":451,"geometry":{"type":"LineString","coordinates":[[-71.94867894757557,41.04333493549781],[-71.94958654350837,41.043724343309506]]},"properties":{"Zone":4,"Object_ID":451}},{"type":"Feature","id":452,"geometry":{"type":"LineString","coordinates":[[-71.94886144038222,41.043052836737274],[-71.94867894757557,41.04333493549781]]},"properties":{"Zone":3,"Object_ID":452}},{"type":"Feature","id":453,"geometry":{"type":"LineString","coordinates":[[-71.94958654350837,41.043724343309506],[-71.94962647127292,41.043673792904],[-71.95053601110244,41.04367196129134],[-71.95090753177908,41.04406467948249],[-71.95088520251731,41.04427614814492],[-71.9507406833561,41.044607617308216],[-71.95065727347433,41.04464116622649]]},"properties":{"Zone":3,"Object_ID":453}},{"type":"Feature","id":454,"geometry":{"type":"LineString","coordinates":[[-71.95853984708486,41.0421629209798],[-71.95916573861285,41.04184420292524]]},"properties":{"Zone":4,"Object_ID":454}},{"type":"Feature","id":455,"geometry":{"type":"LineString","coordinates":[[-71.959736690744,41.039862919521305],[-71.95974445526932,41.03986732759922],[-71.95996545513366,41.03998228098219],[-71.95998095558394,41.03999195136674],[-71.95999427699327,41.03999902082436],[-71.9600098288256,41.04000698257981],[-71.96002420096488,41.040016633059665],[-71.96003865070716,41.04002372241078],[-71.96005527712349,41.04003341264186],[-71.96007193098662,41.040042249489595],[-71.9600863544868,41.040050192236635],[-71.96009970336067,41.040056408301105],[-71.96011633098306,41.04006609854425],[-71.9601329837289,41.04007493356172],[-71.96014745974757,41.040081169497284],[-71.96016188445427,41.04008911225581],[-71.96017966429234,41.0400979689433],[-71.96019411409672,41.04010505737467],[-71.96021192257247,41.04011306069717],[-71.96022637238352,41.040120149124476],[-71.96024305256972,41.040128131645204],[-71.96025752863797,41.04013436666667],[-71.96027533596802,41.0401423690582],[-71.96028978695354,41.04014945839871],[-71.96030874767828,41.0401566272582],[-71.96032322375892,41.040162862271465],[-71.96034103110453,41.04017086465277],[-71.9603555334684,41.040176245359746],[-71.9603744942079,41.04018341420839],[-71.96039009981595,41.04018966912943],[-71.96040793223654,41.040196818077504],[-71.9604235366619,41.040203072973],[-71.96044252488132,41.04020938752925],[-71.96046035734058,41.040216535568995],[-71.96047598802335,41.04022193705545],[-71.9606757234938,41.04029465401503],[-71.96072369030783,41.04031258505539],[-71.9607739126442,41.040330554937285],[-71.96082636417839,41.04034941976053],[-71.96087545937456,41.040367371528774],[-71.96092791221113,41.04038623452632],[-71.96097810836179,41.04040505952181],[-71.96102720247892,41.04042301030426],[-71.96107960167802,41.04044358181638],[-71.96108516217885,41.04044624322284],[-71.96108626308072,41.04044711649225],[-71.96109289821646,41.040451505469996],[-71.9610985100924,41.04045245735009],[-71.96109955964833,41.04045503924491],[-71.9611061948135,41.04045942732168],[-71.96111175415538,41.04046208780564],[-71.96111395712173,41.04046383526514],[-71.96111836305467,41.040467330184015],[-71.96112389731944,41.04047084499066],[-71.96112610028638,41.04047259244991],[-71.96113047998101,41.040476940770354],[-71.96113268294835,41.040478688229484],[-71.96113703637678,41.04048389085197],[-71.96114259572197,41.04048655133447],[-71.96114364528023,41.040489133228824],[-71.96114692288471,41.04049260825887],[-71.96115242972489,41.04049697644519],[-71.96115570851924,41.04050045149591],[-71.96115788643779,41.04050305237759],[-71.96116111153772,41.04050823511152],[-71.96116549123708,41.04051258343063],[-71.96116653960766,41.04051516530383],[-71.96116981840358,41.04051864035411],[-71.96117304350527,41.040523823087675],[-71.96117524650295,41.0405255696458],[-71.96117731819538,41.04053158681502],[-71.96118172413615,41.04053508173145],[-71.96118494926726,41.04054026356445],[-71.9611860250945,41.04054199115612],[-71.9611859463227,41.04054455316278],[-71.96118917261587,41.040549735916834],[-71.96118909387184,41.04055229702328],[-71.96119121809919,41.04055660558765],[-71.96119113932755,41.04055916759429],[-71.96119436562189,41.04056435034819],[-71.96119646361129,41.040569512314576],[-71.9611985615734,41.04057467518106],[-71.961198482802,41.04057723718769],[-71.96119945245887,41.04058237926679],[-71.96120155042162,41.04058754213324],[-71.9612025200512,41.04059268511248],[-71.96120244130766,41.04059524621889],[-71.96120453927101,41.04060040908528],[-71.96120438175636,41.04060553219829],[-71.96120430301285,41.04060809330468],[-71.96120414549814,41.040613216417675],[-71.96120406791589,41.040615778445265],[-71.96120503876277,41.04062092054518],[-71.96120488124811,41.040626043658186],[-71.96120480247691,41.040628605664786],[-71.96120464498988,41.04063372787756],[-71.96120448747514,41.040638850990504],[-71.96120328036963,41.04064139310993],[-71.96120312285476,41.0406465162229],[-71.96120070988766,41.04065159868224],[-71.96120063111628,41.040654160688824],[-71.96120047360118,41.040659283801745],[-71.96120152319205,41.04066186479531],[-71.96119911019655,41.0406669481548],[-71.96119782434654,41.04067205138054],[-71.96119541256702,41.040677133860655],[-71.96119412671652,41.040682237086344],[-71.96119292079884,41.04068477922658],[-71.96119050782953,41.04068986168568],[-71.9611893269891,41.04069154950267],[-71.96118578684536,41.04069661299551],[-71.96118450096603,41.04070171712122],[-71.96118208796777,41.04070680048032],[-71.96117977998043,41.0407084684308],[-71.96117849531701,41.04071357167722],[-71.96117728823688,41.04071611289611],[-71.9611738005967,41.04071946868428],[-71.96117256843849,41.040722864226325],[-71.96116792622283,41.04072705352885],[-71.9611643848866,41.040732117000076],[-71.96116312648849,41.04073636594398],[-71.96115848424363,41.04074055614634],[-71.96115615001523,41.04074307749836],[-71.96115266237254,41.04074643328591],[-71.96114909479475,41.04075235015859],[-71.96114568589715,41.040753144839584],[-71.96114217082494,41.040757354007816],[-71.96114096493157,41.040759895247305],[-71.9611352218036,41.040763211279625],[-71.96113401469317,41.040765753398276],[-71.96112939873946,41.040769088397],[-71.96112588482669,41.04077329848589],[-71.96111901333255,41.040776595529685],[-71.96111439734962,41.04077993142805],[-71.96111208938564,41.0407815984769],[-71.96110857547116,41.04078580856526],[-71.96110401199466,41.040787436758954],[-71.96109939601025,41.04079077265667],[-71.96109252454067,41.040794068798704],[-71.96109139739276,41.0407940489314],[-71.96108562683014,41.04079821834229],[-71.96093760425025,41.040878476362245],[-71.96079076213977,41.04095704727866],[-71.96064383972674,41.04103817909209],[-71.96049699694231,41.041116748732605],[-71.9603489729392,41.04119700599346],[-71.96020097482956,41.041276409661776],[-71.96004951372738,41.04135831457023],[-71.95990151489924,41.04143771785251],[-71.95974892708804,41.04151960250646],[-71.95960092635117,41.04159900538027],[-71.9594540548003,41.04167842798849],[-71.95930605454498,41.04175783050314],[-71.95915805393523,41.041837232827014]]},"properties":{"Zone":2,"Object_ID":455}},{"type":"Feature","id":456,"geometry":{"type":"LineString","coordinates":[[-71.93671202122157,41.034059855594045],[-71.93673940167442,41.03405009306609],[-71.93676903741563,41.034040368961044],[-71.93679760041148,41.03402891797001],[-71.93682380068618,41.03402084301373],[-71.93684889934569,41.03401189272865],[-71.93687740918946,41.03400214941366],[-71.936907044861,41.03399242617335],[-71.93693214349857,41.03398347587012],[-71.93696172837961,41.03397546125423],[-71.93699026238902,41.03396486357089],[-71.93701984490507,41.033956847997466],[-71.9370460463411,41.03394877211174],[-71.93707227312835,41.0339398428011],[-71.93710070205324,41.03393266050344],[-71.93713143930007,41.03392381162587],[-71.93715651249687,41.03391571559313],[-71.93718609618774,41.03390769909812],[-71.93721339684613,41.03390049755157],[-71.93724408094657,41.03389335634],[-71.93727025578632,41.03388613380133],[-71.9373009652566,41.033878138255275],[-71.93732711232418,41.03387176998066],[-71.93735669597488,41.03386375344194],[-71.93738740658522,41.03385575879434],[-71.93741693710948,41.033849449936355],[-71.9374476211644,41.03384230867067],[-71.93747717700133,41.03383514727832],[-71.937503298711,41.0338296314828],[-71.9375328014273,41.03382417777233],[-71.93756123141358,41.033816996282795],[-71.93759301594832,41.033810727572906],[-71.93762023687658,41.03380608702442],[-71.937726006195,41.033778926021235],[-71.93851280753377,41.033583642931255],[-71.93854362290769,41.0335722307611],[-71.938577901284,41.03355831869023],[-71.93861212778175,41.03354611342695],[-71.93864635305012,41.03353390903255],[-71.9386771707276,41.033522497769255],[-71.9387103220609,41.03350856467311],[-71.93874454729178,41.033496360249536],[-71.93877877372694,41.03348415493679],[-71.9388096155048,41.03347189019734],[-71.93884389615113,41.03345797808971],[-71.9388747113817,41.03344656673124],[-71.93890670787995,41.033433467772156],[-71.93893865248194,41.0334220765224],[-71.93897177716029,41.033408997649595],[-71.93900605536244,41.03339508545137],[-71.93903918120283,41.03338200658037],[-71.93908943044633,41.03336239914411],[-71.93912357716145,41.033352754824534],[-71.93915549395112,41.03334221779214],[-71.93918856669767,41.03333084567515],[-71.93922273868385,41.03332034880678],[-71.93925916709304,41.03330989123053],[-71.93929218552566,41.03330022766006],[-71.93932525579426,41.03328885726191],[-71.93935824887889,41.033280047092234],[-71.93955344074858,41.0332433709491],[-71.93949800945728,41.03310707373418],[-71.93967586682741,41.033043082658125],[-71.94024973893735,41.032873895551646],[-71.9408213517056,41.032704666320086],[-71.9415204702464,41.03249840492134],[-71.94221845744153,41.03229211923655],[-71.94291649210335,41.03208412070984],[-71.94362587762612,41.03187375824304],[-71.94432387699182,41.03166660550402],[-71.94502077145665,41.03145857511945],[-71.94573014483262,41.031248198839435],[-71.94642815749687,41.0310401790731],[-71.94662624674729,41.03090957100077]]},"properties":{"Zone":1,"Object_ID":456}},{"type":"Feature","id":457,"geometry":{"type":"LineString","coordinates":[[-71.90279734056142,41.04058877041034],[-71.90280702205769,41.04068159530038],[-71.90369792545205,41.04034266612535],[-71.90407546008284,41.04032035129324],[-71.90416094225802,41.04031356943416],[-71.90425732229669,41.0403101095381],[-71.90436895253214,41.04030276094308],[-71.90450666630637,41.04029692508988],[-71.90461276594432,41.04029051639549],[-71.90471474226392,41.04028403381572],[-71.9048125283451,41.040279557701034],[-71.90485805111072,41.04027517521516],[-71.9049255657975,41.04027119193299],[-71.90499854647933,41.04026834883478],[-71.90505781464222,41.04026421521846],[-71.90512941969891,41.04026134712414],[-71.90514591396153,41.04026164583876],[-71.90514361898043,41.040290760409384],[-71.90535080719918,41.04030596682203],[-71.9055278544384,41.040317502529554],[-71.90617984418742,41.04044488852466],[-71.90684169370306,41.040355570747074],[-71.9069200585445,41.04034424996688],[-71.90703067229842,41.040328880271744],[-71.90710135681535,41.040318577820855],[-71.90717047694628,41.04030940624237],[-71.90723344460012,41.040301280729636],[-71.90729332013515,41.04029425665929],[-71.9073824583983,41.04028081474014],[-71.90745514659535,41.04025549378782],[-71.90751389364236,41.040235710390824],[-71.90763608411652,41.040192755306634],[-71.90779227134671,41.0401388336291],[-71.90807377802622,41.04003969706171],[-71.90823393406362,41.03995689492585],[-71.90841429024023,41.03986403477274],[-71.9086085868467,41.03976563570439],[-71.90877813320341,41.039676054507105]]},"properties":{"Zone":1,"Object_ID":457}},{"type":"Feature","id":458,"geometry":{"type":"LineString","coordinates":[[-71.9120229496629,41.03929130461778],[-71.91172808697506,41.039303070925975],[-71.91142763770245,41.039313026058984],[-71.91053587541607,41.0393610021508],[-71.9105268011752,41.03936254688887],[-71.91051552414856,41.03936234318175],[-71.91050421901424,41.0393629937429],[-71.9104952254725,41.03936197740633],[-71.91048504863518,41.03936264834729],[-71.91047374590671,41.0393632980482],[-71.91046134058303,41.03936307395386],[-71.91045119185365,41.03936289062247],[-71.91043988793588,41.039363540298595],[-71.91043089320614,41.03936252393558],[-71.91041848907166,41.03936229985809],[-71.91040833915353,41.03936211650148],[-71.91039596188276,41.039361039931144],[-71.91038806855903,41.03936089733808],[-71.91037684415679,41.03935898591449],[-71.91036554142794,41.039359635604825],[-71.91035544532356,41.039357744562096],[-71.91034416948726,41.03935754085972],[-71.9103317922467,41.039356463382354],[-71.91031828554902,41.0393553645985],[-71.91030929079382,41.0393543491262],[-71.91029806877285,41.03935243773792],[-71.91028794577825,41.039351400079916],[-71.91027446835363,41.039349447943344],[-71.91026434414252,41.03934841116195],[-71.91025086671921,41.039346459022646],[-71.91023964351228,41.03934454760717],[-71.91022954860273,41.039342656574895],[-71.91021832539711,41.039340745157375],[-71.91020935756805,41.0393388753865],[-71.91019700606704,41.039336943582384],[-71.91018803945639,41.03933507293116],[-71.91006023604466,41.03930884451117],[-71.91005239535984,41.0393069941924],[-71.91004455586443,41.03930514389452],[-71.91003781655166,41.03930416825161],[-71.91002995016039,41.03930317134332],[-71.91002092854839,41.039303008338926],[-71.91001421616131,41.03930117840388],[-71.91000519452125,41.0393010162985],[-71.90999848091754,41.039299187241205],[-71.90999174282335,41.03929821071688],[-71.90998274810927,41.039297194318976],[-71.90997372649818,41.03929703131094],[-71.9099658601088,41.03929603439827],[-71.90995796679375,41.03929589177585],[-71.9099489451829,41.039295728765886],[-71.90994217778587,41.03929560648642],[-71.90993543847557,41.039294630837546],[-71.90992188035068,41.03929523973169],[-71.90990834790635,41.039294996112396],[-71.90989594378628,41.0392947719789],[-71.90988241018161,41.03929452743494],[-71.90986997913471,41.03929515758941],[-71.9098564467189,41.03929491306387],[-71.90984401570013,41.03929554231536],[-71.90983043064672,41.03929700548952],[-71.90981689701341,41.03929676183806],[-71.90980446599384,41.03929739108527],[-71.9097909066499,41.039298000842805],[-71.90977844870169,41.039299484377935],[-71.9097649162854,41.03929923984168],[-71.9097513569691,41.0392998486944],[-71.90973664361687,41.03930129146855],[-71.90972305734263,41.03930275550882],[-71.909697066975,41.03930399449248],[-71.90967099587454,41.039307794541955],[-71.90964382334818,41.039310721705284],[-71.90962006025985,41.03931285569932],[-71.90959514434972,41.03931582273145],[-71.90957138247533,41.039317955836786],[-71.90954528440255,41.03932261104879],[-71.90952262269991,41.039325618804234],[-71.90948409243131,41.0393309022963],[-71.90944215387343,41.03933697985493],[-71.9093990589462,41.039343889474765],[-71.90936278522187,41.039349214611356],[-71.90932422799274,41.0393553523408],[-71.90928113420183,41.03936226283829],[-71.90924029583513,41.03936921318599],[-71.90919948314973,41.03937531100757],[-71.9091926092487,41.03937860406761],[-71.90918468898963,41.03937931568302],[-71.90917786895933,41.03938090016106],[-71.90916992060323,41.039382465144314],[-71.9091642557487,41.03938321752604],[-71.90915743568914,41.03938480290309],[-71.90914946161308,41.039387221296785],[-71.90914376984993,41.03938882706783],[-71.90913466744736,41.039391225965794],[-71.90913123111736,41.0393928716045],[-71.9091232815698,41.03939443656301],[-71.90911753593191,41.03939775091389],[-71.90910843352717,41.039400149809794],[-71.9091027417619,41.03940175557883],[-71.90909704880738,41.039403361326094],[-71.9090901491786,41.03940750779187],[-71.90904557706943,41.03942549638141],[-71.90900218702548,41.03944179946952],[-71.90895987024871,41.0394598296971],[-71.90891645208966,41.039476985221526],[-71.90887413645606,41.0394950154391],[-71.90883066439935,41.03951387861192],[-71.90877683309029,41.03953168799812],[-71.90877898099376,41.03967961324261]]},"properties":{"Zone":1,"Object_ID":458}},{"type":"Feature","id":459,"geometry":{"type":"LineString","coordinates":[[-71.91695604940931,41.03936140440486],[-71.91656820741935,41.03942362110217],[-71.91623825277185,41.03947491877749],[-71.91579703205797,41.039548132770975],[-71.9157664247189,41.039552707230094],[-71.91573127731583,41.03955805465059],[-71.91569497715909,41.039564235164185],[-71.91565870263092,41.03956956225311],[-71.9156246578768,41.039575783385814],[-71.91558953852076,41.03958027559243],[-71.91555329198985,41.03958474927793],[-71.91551929970956,41.0395892626744],[-71.91548189803987,41.03959456939654],[-71.91544680546292,41.03959820906829],[-71.91541061262404,41.03960097412507],[-71.91537551885084,41.039604613753774],[-71.91533929917715,41.03960823218001],[-71.91531891985677,41.03961042922654],[-71.91529969572335,41.03961179141222],[-71.91526234654978,41.03961538945809],[-71.9152295373854,41.03961821634257],[-71.91519224189324,41.03962010668218],[-71.9151741460574,41.03962148918288],[-71.91515717733485,41.0396228919956],[-71.91513797883647,41.03962340074125],[-71.91512216405789,41.039623970472114],[-71.9151029936076,41.03962362494154],[-71.9150939451081,41.03962431572441],[-71.9150815409089,41.03962409214692],[-71.91506462468686,41.03962378724107],[-71.91504545420865,41.03962344260113],[-71.91502856600829,41.039622284319755],[-71.915011649787,41.03962197940612],[-71.9149936345019,41.03962079990318],[-71.91497674630311,41.03961964161425],[-71.91495757466593,41.039619296038126],[-71.91494074013508,41.03961643096068],[-71.91492272366388,41.03961525142526],[-71.9149069906327,41.03961325917276],[-71.9148912552246,41.03961126687533],[-71.91487774956013,41.039610169545476],[-71.91486429881066,41.039607363651875],[-71.91485081998212,41.0396054129273],[-71.91483846826799,41.039603482519034],[-71.91482273524214,41.03960149025513],[-71.9148092833078,41.03959868433361],[-71.91480031534277,41.03959681401855],[-71.91478686338203,41.03959400899468],[-71.91477338458681,41.039592057360835],[-71.91475990579231,41.03959010572544],[-71.91474978385226,41.039589069379545],[-71.91473633070632,41.03958626432836],[-71.91472626246801,41.039583520296965],[-71.91471281173034,41.03958071438572],[-71.91469935977653,41.039577909351685],[-71.91468480638693,41.03957422968343],[-71.91467471131567,41.03957233903913],[-71.91466013225225,41.03956951368099],[-71.91465121796979,41.039565936571144],[-71.9146388943517,41.03956315097103],[-71.91462769663023,41.039560386568304],[-71.91461427155016,41.03955672723254],[-71.9146030762087,41.039553962870365],[-71.91459185284126,41.03955205187719],[-71.9145784534424,41.039547538224056],[-71.91456841205473,41.03954394078735],[-71.91455501503694,41.039539427174354],[-71.91454156306986,41.03953662302211],[-71.91453039222397,41.03953300431821],[-71.91452035086947,41.03952940597708],[-71.91450695264064,41.03952489323734],[-71.91430792502184,41.03947219877135],[-71.91412640630345,41.039588518657894],[-71.91376703904908,41.03953719576965],[-71.91343841277997,41.03954342248757],[-71.91310519622478,41.03952638561243],[-71.9127719747745,41.039509319764],[-71.91283074033335,41.03950100641888],[-71.91276980133338,41.03921172911681]]},"properties":{"Zone":1,"Object_ID":459}},{"type":"Feature","id":460,"geometry":{"type":"LineString","coordinates":[[-71.91276980133338,41.03921172911681],[-71.91266272648122,41.039219123838386],[-71.91259933334842,41.0392256683515],[-71.91253704276669,41.03923308840472],[-71.91247593184723,41.03923882106135],[-71.91241253986611,41.03924536549356],[-71.91236611653125,41.03925050839029],[-71.9123231037832,41.039254858047265],[-71.9122767073023,41.03925914751701],[-71.91223028397562,41.03926428945899],[-71.912213288357,41.03926654703146],[-71.91219626589697,41.0392696570924],[-71.91217927033254,41.03927191285951],[-71.912162273578,41.03927416860266],[-71.9121441765845,41.039275550608075],[-71.91212833615417,41.03927697424245],[-71.91211128560039,41.03928093856064],[-71.91209087946032,41.039283986629364]]},"properties":{"Zone":1,"Object_ID":460}},{"type":"Feature","id":461,"geometry":{"type":"LineString","coordinates":[[-71.91695604940931,41.03936140440486],[-71.91703095952629,41.03934737462559],[-71.91710699788196,41.03933336601526],[-71.91718647117129,41.03931771055541],[-71.91726481853098,41.03930203386785],[-71.91734429174551,41.039286378299416],[-71.9173635961774,41.03928245469687],[-71.91738402893314,41.03927855050543],[-71.91739882373628,41.03927454570306],[-71.91741922849707,41.039271494876274],[-71.91743971484851,41.03926588389043],[-71.9174556355934,41.03926189845172],[-71.91747153188518,41.039258767346084],[-71.9174897616335,41.03925311572402],[-71.91751024800156,41.03924750382541],[-71.91752845094345,41.03924270558954],[-71.91754552796337,41.03923788708065],[-71.9175648591971,41.03923310915195],[-71.91758534555264,41.039227497240034],[-71.9176035752827,41.039221845599954],[-71.9176194971678,41.03921786106028],[-71.91763778173501,41.039210500851105],[-71.91766398641694,41.03920242934383],[-71.91768796248644,41.03919346383659],[-71.9177130132505,41.03918622542046],[-71.91773921788543,41.03917815479636],[-71.9177620656965,41.0391691671622],[-71.91778711641501,41.03916192963015],[-71.91781222074906,41.039152984407714],[-71.9178396329383,41.039142371171906],[-71.91786707191443,41.03913090453715],[-71.917891022296,41.03912279330167],[-71.91791615345277,41.039112992863735],[-71.91794015506163,41.03910317389022],[-71.91796410426356,41.03909506171798],[-71.91798810826499,41.03908524187705],[-71.91801208427658,41.039076275402195],[-71.91803952316728,41.03906480962657],[-71.91910600807003,41.03862608489833],[-71.919123164022,41.03861870415566],[-71.91914029316281,41.03861217770344],[-71.91915744907915,41.03860479785586],[-71.91917227162071,41.038599938554434],[-71.91919162935794,41.038594306060176],[-71.919206476295,41.038588593318735],[-71.91922360541984,41.038582066854154],[-71.91923839876763,41.03857806179447],[-71.91925662939545,41.038572409014265],[-71.91927483321457,41.03856761052425],[-71.91928962658429,41.03856360455781],[-71.91930901104958,41.03855711955122],[-71.91932377879888,41.03855396789488],[-71.91934310970521,41.03854918966828],[-71.91936131235104,41.038544390243],[-71.91938061644765,41.038540466303225],[-71.91939200052131,41.038537253774344],[-71.91940107682068,41.03853570838337],[-71.91940786977244,41.038534975795095],[-71.91942153481287,41.038530950417154],[-71.91943520104051,41.03852692505895],[-71.91944655717347,41.038524564996045],[-71.9194591230766,41.03851966596909],[-71.91947053275703,41.03851559911797],[-71.91948420016746,41.03851157377541],[-71.9194956378083,41.038506653550236],[-71.91950704745595,41.03850258759567],[-71.91952074050317,41.03849770703406],[-71.91953104985384,41.03849276651171],[-71.9195424874879,41.03848784628192],[-71.91955279683538,41.03848290575758],[-71.91956426123973,41.0384771321327],[-71.91957682715342,41.038472232192674],[-71.91981633922069,41.03835437267337],[-71.92073664228882,41.03800697905847],[-71.92108193849964,41.03789785219306],[-71.92176587055614,41.03771193828522],[-71.92186641167527,41.037636002499084],[-71.92270409757798,41.03740414937221],[-71.92389689138025,41.03707358137169],[-71.92595466748084,41.03650307227588],[-71.92795890120088,41.03594779878339],[-71.93010769581356,41.03535065429637]]},"properties":{"Zone":1,"Object_ID":461}},{"type":"Feature","id":462,"geometry":{"type":"LineString","coordinates":[[-71.93664758802467,41.03406383299368],[-71.9362598200435,41.03419787654894],[-71.93599274558018,41.03429648430492],[-71.93598697400539,41.03430065247006],[-71.93597202314655,41.034309783661364],[-71.9359581993419,41.03431893406262],[-71.93594327509214,41.034327210052204],[-71.93592950559135,41.034334653676176],[-71.935914554717,41.03434378485995],[-71.93590193764119,41.03435039427429],[-71.93588588634644,41.03435865014362],[-71.9358720878929,41.03436694711581],[-71.93574294165252,41.03442017277085],[-71.9355654141226,41.0344691183672],[-71.93546362054047,41.03451343392962],[-71.93535946758391,41.03456112547728],[-71.93518862542926,41.03461275235766],[-71.93490893167512,41.03471796605765],[-71.93460737575495,41.03480057723388],[-71.93435239604547,41.03487291281285],[-71.9337876504582,41.034965346997936],[-71.93332842748417,41.035002423913504],[-71.93288985783376,41.035064643926816],[-71.93258098815991,41.03512832498432],[-71.93243676960326,41.03515821134741],[-71.9322814177428,41.03521950798896],[-71.93197090507206,41.035263509097405],[-71.93164234000997,41.03527130500876],[-71.93134653022669,41.03527797897432],[-71.93092724886553,41.0353003829527],[-71.9306695909855,41.03531371657561],[-71.93013342672327,41.03539382911325]]},"properties":{"Zone":1,"Object_ID":462}},{"type":"Feature","id":463,"geometry":{"type":"LineString","coordinates":[[-71.96472930778094,41.025085317490706],[-71.96472353997451,41.02508948801924],[-71.96472007955012,41.025091989620236],[-71.96471779838218,41.02509280424137],[-71.96471323607388,41.025094432583266],[-71.9647097744601,41.02509693416303],[-71.96470403286654,41.02510025038444],[-71.96469718822773,41.02510269242539],[-71.96469378017684,41.02510348721383],[-71.9646903185619,41.02510598879299],[-71.96468347629944,41.02510843087498],[-71.96468001465624,41.025110933354036],[-71.9646754785612,41.02511170738835],[-71.964611554975,41.02513621186815],[-71.96460125105877,41.02514115642214],[-71.9645932282846,41.0251452872568],[-71.96458066824962,41.025150191200396],[-71.9645692112013,41.02515597112442],[-71.96455890611779,41.0251609147535],[-71.96454634723837,41.02516581961447],[-71.96453488902323,41.025171598613916],[-71.96452568578951,41.02517741640083],[-71.96451884232494,41.02517985845211],[-71.96451081954105,41.025183989281025],[-71.96450276940496,41.025188972594066],[-71.96449705395558,41.02519143629956],[-71.96449021048845,41.02519387834912],[-71.96448216151072,41.025198862581874],[-71.96447644611499,41.025201324485906],[-71.96446836972844,41.025207163002825],[-71.96446262811318,41.025210479212156],[-71.96445570604317,41.02521548237737],[-71.96445109131085,41.025218818420704],[-71.96444191425412,41.025223782795095],[-71.96443617144742,41.02522709898221],[-71.96442925053472,41.02523210306691],[-71.96442348150792,41.02523627355943],[-71.96441655940464,41.02524127762246],[-71.9644084842243,41.02524711525585],[-71.96440161452914,41.02525041160616],[-71.9643946400121,41.025257123379674],[-71.96438546413461,41.02526208777043],[-71.96437854205335,41.02526709093097],[-71.96437057166136,41.02526951403825],[-71.96436249528487,41.02527535164744],[-71.96435331940238,41.02528031603565],[-71.96433042792829,41.02529101966799],[-71.96430641077745,41.02530170258047],[-71.9642834954728,41.02531325965112],[-71.96426175827156,41.02532312882101],[-71.96424112413384,41.02533387127113],[-71.96421710695317,41.02534455416493],[-71.964196524001,41.0253535897746],[-71.96417250677835,41.02536427355935],[-71.964161048524,41.025370051621294],[-71.96414961646244,41.02537497627646],[-71.96413815939296,41.025380754357045],[-71.96412675355039,41.025384824703984],[-71.96411639714152,41.02539147692611],[-71.96410493884997,41.02539725588271],[-71.96409468608519,41.02540049265875],[-71.96408432848197,41.02540714485709],[-71.96407169090608,41.02541461078353],[-71.96405910571909,41.02542036989722],[-71.96404652055756,41.025426128109295],[-71.96403503605778,41.02543276046462],[-71.96402132397637,41.02543849973547],[-71.96400530215743,41.0254459060753],[-71.96399384387446,41.02545168412057],[-71.96398125867368,41.025457443225754],[-71.96396526544784,41.02546399529601],[-71.96394927100252,41.025470548243284],[-71.96392871417243,41.02547873039939],[-71.9639138740226,41.0254844488966],[-71.96389675267862,41.02549098199674],[-71.96387960513303,41.02549836849993],[-71.96385907451183,41.02550569633778],[-71.96384197816691,41.025511376003244],[-71.96383513464271,41.02551381801389],[-71.96383054608486,41.02551629972641],[-71.96382370372083,41.02551874265754],[-71.96381575831633,41.02552031139972],[-71.96380891597893,41.02552275342973],[-71.96380322554077,41.025524361873785],[-71.96379412704657,41.02552676417915],[-71.96378956587441,41.02552839250539],[-71.96378162044032,41.02552996214545],[-71.96377362260672,41.02553323859617],[-71.96376683147712,41.025533973791575],[-71.96375888725814,41.02553554255076],[-71.96375094303885,41.02553711130945],[-71.96374299763043,41.02553868004666],[-71.96373846268389,41.02553945406507],[-71.96373164535312,41.025541042664],[-71.9637271092176,41.02554181666103],[-71.96372257305428,41.02554259155811],[-71.96371803691855,41.025543365554825],[-71.96371347455465,41.02554499385712],[-71.96370893720231,41.025545768732755],[-71.96370440106615,41.025546542728904],[-71.96370096678002,41.02554819089355],[-71.96369640438779,41.02554982009544],[-71.96369412319154,41.02555063469625],[-71.96368843396455,41.02555224225538],[-71.9636849996778,41.02555389041952],[-71.96368043731235,41.025555518720545],[-71.96367587494674,41.02555714702139],[-71.96367131258086,41.02555877532205],[-71.9636701320729,41.02556046317017],[-71.96366441658819,41.025562925934125],[-71.96335942421695,41.02572329007713],[-71.96335140129511,41.02572742082515],[-71.96334225031863,41.02573153080602],[-71.96333307429668,41.025736495112724],[-71.9633250502106,41.02574062493772],[-71.96331702728448,41.0257447556833],[-71.96330790250911,41.02574801225599],[-71.96329872648238,41.02575297655998],[-71.96328957547144,41.025757087436865],[-71.96328267946191,41.02576123712576],[-71.96327240039463,41.02576532723408],[-71.96326324938035,41.02576943810889],[-71.96325181718323,41.02577436267482],[-71.96324156553489,41.025777598495665],[-71.96323241451702,41.02578170936801],[-71.96322441781462,41.02578498580152],[-71.96321526679466,41.02578909667251],[-71.96291402323072,41.02590083095459],[-71.96290379772964,41.0259032142403],[-71.96289351858937,41.025907305215036],[-71.9628821387911,41.02591052203342],[-71.96287073278039,41.02591459225599],[-71.96285935297982,41.02591780907214],[-71.96285022815819,41.02592106560855],[-71.96284000267936,41.025923447988404],[-71.9628286240645,41.025926664822464],[-71.96281268065846,41.025931509880124],[-71.96279679086354,41.02593464814595],[-71.96278087607094,41.02593863893557],[-71.9627615519705,41.02594342443341],[-71.96274563479619,41.02594741517632],[-71.96272969375663,41.02595226026442],[-71.9627149058243,41.02595627179658],[-71.96269896359162,41.025961116859484],[-71.96268302254528,41.02596596194114],[-71.96266710536092,41.025969952673236],[-71.96265116312144,41.025974797729546],[-71.96263637515175,41.02597881015186],[-71.96262043412428,41.02598365432463],[-71.96260561996353,41.025988519248045],[-71.96258854962959,41.02599334442218],[-71.96257376170723,41.025997355036026],[-71.96251112074007,41.02601675597115],[-71.96249743348892,41.02602163983398],[-71.96248261931069,41.026026504741644],[-71.96246895940537,41.026030537017235],[-71.96245301597584,41.026035381125006],[-71.96244043053056,41.026041140061764],[-71.9624244882851,41.026045984186545],[-71.96239255245774,41.02605738196146],[-71.96237881267102,41.02606397532121],[-71.96236056293947,41.0260704883173],[-71.96234341507304,41.02607787459182],[-71.96232516655061,41.02608438670302],[-71.96231142677917,41.026090979154546],[-71.96229427768563,41.02609836630102],[-71.96227602793631,41.02610487928372],[-71.9622611350378,41.026112305278524],[-71.96224511520941,41.02611971231554],[-71.96223019608438,41.0261279917115],[-71.96221645507816,41.02613458503092],[-71.96219928093137,41.026142825589304],[-71.96218323370736,41.02615108510162],[-71.96216716139222,41.026160199838195],[-71.96215452345709,41.02616766555389],[-71.96213844994529,41.02617678026551],[-71.96208003013822,41.02620565059358],[-71.9620571927993,41.02621464700554],[-71.96203888936166,41.02622286673985],[-71.96201717896724,41.02623188120156],[-71.96199887786968,41.02624010187165],[-71.96197950112376,41.02624659584909],[-71.96196230069538,41.02625568977708],[-71.96193948841335,41.02626383093929],[-71.96191895736855,41.02627115753126],[-71.96190068247195,41.02627852478069],[-71.96188353331179,41.02628591096573],[-71.96185959410802,41.026294032252444],[-71.96184131803743,41.0263013985713],[-71.96182084060895,41.02630701835677],[-71.9618014364121,41.02631436568829],[-71.96177862530654,41.02632250593934],[-71.96175924854268,41.026328998979544],[-71.96162586370671,41.026374489872985],[-71.9615871101149,41.02638747589876],[-71.96154835531922,41.02640046189053],[-71.96150844856436,41.02641428143187],[-71.9614696937099,41.02642726829743],[-71.9614297595037,41.02644194119548],[-71.96139095212885,41.02645663574457],[-71.96135217221193,41.02647047509625],[-71.96131341732178,41.02648346100905],[-71.9612745848811,41.02649900804456],[-71.9612392392848,41.026511200166176],[-71.96120045930437,41.026525039466826],[-71.96116277995213,41.02653975292613],[-71.96112284558268,41.026554426618056],[-71.96108516622422,41.02656913915173],[-71.96104635988739,41.026583833605756],[-71.9610075261366,41.026599380530335],[-71.96098471361923,41.02660752150355],[-71.96095959359354,41.026617330423775],[-71.96093337291761,41.026626265164644],[-71.96091166221333,41.02663528031828],[-71.96088544152386,41.02664421504822],[-71.96086268147866,41.026650648287664],[-71.96083643569976,41.02666043733238],[-71.96081136813613,41.026668538510656],[-71.96078632680484,41.02667578627875],[-71.96076010608246,41.02668472098023],[-71.9607327834676,41.02669278327949],[-71.96070999834023,41.02670006991444],[-71.96068611137825,41.026706482347755],[-71.96065878755672,41.02671454460853],[-71.96063374740784,41.02672179146428],[-71.9606087334942,41.02672818490997],[-71.96057915583667,41.02673620740768],[-71.96054957819959,41.02674422899763],[-71.96052453802758,41.02675147582972],[-71.96049498661935,41.02675864400105],[-71.96046653706024,41.02676668546388],[-71.96043693315296,41.026775560429584],[-71.96040845730849,41.02678445618292],[-71.96038116209762,41.026791663214844],[-71.9603538131763,41.02680057792875],[-71.96032536355435,41.026808620257],[-71.96029575960951,41.026817495186435],[-71.96026502874642,41.02682635023294],[-71.96024111655606,41.026833618700344],[-71.9602126132534,41.02684336688869],[-71.96018306298699,41.026850534100944],[-71.96015455961314,41.026860284075354],[-71.9599028375727,41.02693871230165],[-71.95986977397008,41.02695008949876],[-71.9598332998017,41.02696226038906],[-71.95980026123802,41.026972784140845],[-71.95976832332491,41.02698418116782],[-71.95973187656013,41.02699549864261],[-71.95969886424406,41.02700516806072],[-71.95966579941232,41.02701654427816],[-71.9596293513958,41.027027862599816],[-71.95959400524305,41.02704005331708],[-71.95955758348354,41.02705051731145],[-71.95952339166315,41.02706187450596],[-71.95948925236948,41.0270715239815],[-71.95945734063883,41.02708206661781],[-71.95942210066674,41.027090842785825],[-71.95938562631123,41.02710301443483],[-71.95935261391888,41.02711268285366],[-71.95931503888107,41.02712398119173],[-71.95928205272601,41.02713279618611],[-71.95924788591351,41.02714329897349],[-71.95921146523143,41.027153762879685],[-71.95917389017401,41.027165060271564],[-71.9591420308679,41.02717389601218],[-71.95910678964431,41.02718267116278],[-71.959073777144,41.02719234040208],[-71.95903625459137,41.02720193004057],[-71.95900211515475,41.02721157937198],[-71.95896800078151,41.02722037526812],[-71.95893388761567,41.027229170275],[-71.95889749193887,41.02723877975671],[-71.95886337872652,41.02724757564295],[-71.95882813623822,41.02725635068753],[-71.95879515111366,41.02726516646399],[-71.9586938320067,41.0272949883881],[-71.95865284738365,41.02730707930033],[-71.9586118364513,41.02732002450227],[-71.95857195479867,41.02733298962353],[-71.9585297894594,41.02734676828748],[-71.958489934043,41.02735887997634],[-71.95844776985895,41.027372658631286],[-71.95840668119887,41.02738816489357],[-71.95836795146587,41.027400296412786],[-71.95832919663705,41.02741328134398],[-71.95828697978773,41.027428768548575],[-71.95824589105538,41.02744427475354],[-71.95820716126015,41.02745640621884],[-71.95816945444261,41.02747197210384],[-71.95812729009239,41.027485751541846],[-71.95808622758861,41.0275004033858],[-71.9580451112744,41.02751676380236],[-71.95803137196971,41.027523355764295],[-71.95801647827761,41.02753078121021],[-71.9580039172771,41.02753568533716],[-71.95798904866518,41.027542257354625],[-71.95797418121133,41.02754883029137],[-71.95796162142076,41.02755373353449],[-71.95794678026469,41.027559452163565],[-71.95793306605594,41.02756518978869],[-71.95791594239715,41.02757172197946],[-71.95790112753683,41.027576586298586],[-71.95788856770784,41.02758149043394],[-71.95787259842807,41.02758718913391],[-71.95785893797661,41.02759121906327],[-71.95784412310775,41.027596083375066],[-71.95783156208209,41.02760098748325],[-71.95781449217472,41.02760581197203],[-71.95778714254511,41.027614726977596],[-71.95777122704803,41.02761871707643],[-71.95775528286606,41.02762356143513],[-71.95772570568066,41.02763158232239],[-71.95770978895942,41.02763557329199],[-71.95769384714634,41.027640417684204],[-71.95766542198746,41.02764760413143],[-71.95764840464219,41.02765072088784],[-71.95763241023438,41.027657272979326],[-71.95761539169631,41.027660389709865],[-71.95759950126912,41.02766352636026],[-71.95757105097094,41.027671567109266],[-71.9575403981904,41.02767786121884],[-71.95752560958738,41.0276818711858],[-71.9575074378329,41.027685821402024],[-71.95747788568248,41.02769298880109],[-71.95746204783194,41.02769441772482],[-71.95744497787365,41.02769924215897],[-71.9574154532092,41.027705555259026],[-71.95738595363304,41.027711014926865],[-71.95736893625839,41.02771413164205],[-71.95735301949588,41.02771812256249],[-71.95732241932323,41.027722707106165],[-71.95730652886722,41.02772584371632],[-71.95729179277936,41.027728147746075],[-71.95727813107482,41.027732177585726],[-71.95726113881291,41.02773443996018],[-71.95724635015262,41.027738450791574],[-71.95723043459338,41.02774244081586],[-71.95721564592947,41.02774645164332],[-71.95720090867282,41.02774875474037],[-71.9571838649945,41.027752724832006],[-71.95717020327842,41.02775675465887],[-71.957155440921,41.02775991117473],[-71.95713952413467,41.027763902065736],[-71.95712470795804,41.02776876716445],[-71.95710991930959,41.02777277707814],[-71.95709282301908,41.02777845486386],[-71.95707690744098,41.02778244486702],[-71.95700157174993,41.02781101567476],[-71.95692510790644,41.027839565604054],[-71.95685320785032,41.02786648837317],[-71.95677677016957,41.027894184800495],[-71.95669805227782,41.027922694760385],[-71.95662161565626,41.02795039110581],[-71.95654515148865,41.02797894078304],[-71.95646761291509,41.028005763690224],[-71.95639117612936,41.02803345898268],[-71.95631473925205,41.028061155124604],[-71.95624286384452,41.028087223188415],[-71.95616417179274,41.028114879380304],[-71.95608778616484,41.0281408676438],[-71.95601019461608,41.028169397050114],[-71.9559338100538,41.0281953852326],[-71.95585968048584,41.02822141322226],[-71.95571485461225,41.0282718211111],[-71.95569316899257,41.02827998097833],[-71.95567040909917,41.02828641231452],[-71.95564762046318,41.02829369880777],[-71.95562593601679,41.02830185868345],[-71.95560435565505,41.02830660312074],[-71.95558266882166,41.028314762946245],[-71.95555875442071,41.02832202952193],[-71.95553712140652,41.02832848165328],[-71.95551433514665,41.02833576726206],[-71.9554915991465,41.02834134511771],[-71.95546881282176,41.028348632517925],[-71.95545058811882,41.02835429011703],[-71.95542782695992,41.02836072228453],[-71.95540504067698,41.028368007871705],[-71.95538340760505,41.028374460874446],[-71.95535957098221,41.028379164477805],[-71.95531176844489,41.02839284232826],[-71.95526401850823,41.02840481335273],[-71.95521618837765,41.02841934634611],[-71.955168412121,41.02843216983389],[-71.95511717364008,41.02844749639311],[-71.955069422468,41.02845946641583],[-71.955021620974,41.02847314506737],[-71.95497381711053,41.02848682275685],[-71.95491804207388,41.02850292378096],[-71.95490781591218,41.028505305458154],[-71.95489415390281,41.028509335015485],[-71.95488161996232,41.02851338632052],[-71.95487139379775,41.02851576799453],[-71.95486001316308,41.02851898402176],[-71.95484978580807,41.0285213656728],[-71.95483955961336,41.02852374824418],[-71.9548259502556,41.02852607008729],[-71.95481572405929,41.028528452656545],[-71.95480319016593,41.02853250215264],[-71.95479296396782,41.0285348847199],[-71.95478273539145,41.028537267244175],[-71.95476912721765,41.02853958910162],[-71.95475779923525,41.028541097412614],[-71.95474644493537,41.028543459125466],[-71.9547339636691,41.02854580180811],[-71.9546488727085,41.02856138336336],[-71.95460801937587,41.02856920494504],[-71.95456262961129,41.02857779924916],[-71.95452285052944,41.02858734843771],[-71.95447974096676,41.02859512826886],[-71.954437733145,41.028603783240435],[-71.954394572052,41.028613271666956],[-71.95435028279103,41.028622741023604],[-71.9543105312185,41.028631434956765],[-71.95426739522361,41.028640069911994],[-71.95422646163787,41.02865045154622],[-71.95418670881595,41.028659146316],[-71.95414239319771,41.028669468095515],[-71.95410033379535,41.0286798306712],[-71.95405714506217,41.028690173253686],[-71.95401846645406,41.02870059560724],[-71.95397412564378,41.02871177074599],[-71.9539513893853,41.02871734829843],[-71.95392978357428,41.02872294764709],[-71.95390702214144,41.02872937951479],[-71.9538854151896,41.028734977033686],[-71.95386262741995,41.02874226229536],[-71.9538444287727,41.028747067138404],[-71.95382164218314,41.02875435241306],[-71.95379888072902,41.02876078425945],[-71.95377724740052,41.02876723606101],[-71.95375558771032,41.02877454216139],[-71.95373505498466,41.028781867296566],[-71.95371226718241,41.02878915252856],[-71.95369058114724,41.02879731201944],[-71.95366897412725,41.028802910398],[-71.95364838869314,41.02881194322327],[-71.95362560084325,41.02881922933836],[-71.95356966834005,41.02884045194847],[-71.95351260766944,41.02886165456916],[-71.95345670026698,41.02888202280055],[-71.95340307424026,41.02890157750776],[-71.95334604098774,41.0289219266645],[-71.95329241492388,41.02894148042004],[-71.95323881513718,41.028960181648316],[-71.95318290875638,41.02898054976797],[-71.95316237468717,41.02898787568028],[-71.95314412446292,41.02899438633872],[-71.95312249099463,41.02900083801749],[-71.9531042395186,41.029007350449],[-71.95308714137833,41.02901302762002],[-71.95306660969376,41.02902035265716],[-71.95304728399489,41.02902513652875],[-71.95302905889962,41.02903079374545],[-71.95301193435184,41.029037326108245],[-71.9529925823044,41.02904296337309],[-71.95297435836054,41.02904862150241],[-71.95295385302052,41.02905509221683],[-71.95293560032425,41.02906160460059],[-71.95291740273878,41.02906640841826],[-71.95289579559368,41.02907200575186],[-71.95287757044477,41.02907766384485],[-71.95282748544086,41.0290921550533],[-71.95277857891367,41.02910495756212],[-71.95272736570402,41.02911942965798],[-71.95267620640396,41.02913219314694],[-71.95262722191794,41.029147557620234],[-71.95257831644439,41.02916036186566],[-71.95252933310366,41.029175726318435],[-71.95248147547177,41.02919111158085],[-71.95233683065138,41.02923553783312],[-71.95232316830766,41.02923956798634],[-71.95230719817842,41.02924526501559],[-71.95229351067088,41.02925014858863],[-71.9522786674857,41.029255865567045],[-71.95226269732093,41.02926156349033],[-71.95224788166868,41.02926642708356],[-71.95223414023675,41.02927301833318],[-71.95221701676476,41.0292795496988],[-71.95215179942366,41.02930915042947],[-71.952140339441,41.02931492729543],[-71.95213231541398,41.0293190563616],[-71.9521220362967,41.029323145496775],[-71.95211060147135,41.02932806893647],[-71.95209919415662,41.02933213989409],[-71.95208776054459,41.029337062452356],[-71.95207519995249,41.029341965954536],[-71.95206492080035,41.0293460559848],[-71.95205236023268,41.02935095858427],[-71.95204323440836,41.02935421426555],[-71.95203298044352,41.02935744996956],[-71.95201931805622,41.02936148008678],[-71.95200675745444,41.029366383581475],[-71.95199653102736,41.02936876590109],[-71.9519874051978,41.029372021578006],[-71.95197151531109,41.029375156574865],[-71.95191571244511,41.029392109550145]]},"properties":{"Zone":1,"Object_ID":463}},{"type":"Feature","id":464,"geometry":{"type":"LineString","coordinates":[[-71.95191571244511,41.029392109550145],[-71.95167189540757,41.029433071902545],[-71.95035135252104,41.02981804132849],[-71.94848547189997,41.03036248018942],[-71.9482497187821,41.03043433217045],[-71.94662624674729,41.03090957100077]]},"properties":{"Zone":1,"Object_ID":464}},{"type":"Feature","id":465,"geometry":{"type":"LineString","coordinates":[[-71.91658432554414,41.069271348639916],[-71.9163263371534,41.06907534428976]]},"properties":{"Zone":3,"Object_ID":465}},{"type":"Feature","id":466,"geometry":{"type":"LineString","coordinates":[[-71.9163263371534,41.06907534428976],[-71.91607938941702,41.06885134605102]]},"properties":{"Zone":3,"Object_ID":466}},{"type":"Feature","id":467,"geometry":{"type":"LineString","coordinates":[[-71.91607938941702,41.06885134605102],[-71.915905102319,41.0686141319471]]},"properties":{"Zone":3,"Object_ID":467}},{"type":"Feature","id":468,"geometry":{"type":"LineString","coordinates":[[-71.91574024712209,41.068364273976364],[-71.91579289358606,41.06834130121595],[-71.9157896169542,41.06833782582463],[-71.91578080616462,41.06833083258129],[-71.91577653499897,41.068323067228654],[-71.91577438480984,41.068319611223885],[-71.91576672965017,41.068311784923466],[-71.91576460751425,41.06830747465367],[-71.91575923561304,41.06829883470539],[-71.91575595779561,41.06829535929163],[-71.9157516866634,41.068287593037844],[-71.91574846373406,41.06828240997301],[-71.91574416455111,41.06827549798376],[-71.91574319804327,41.06827035465787],[-71.91573997395426,41.0682651706711],[-71.91573683158808,41.06825742564732],[-71.91573473629069,41.068252261990885],[-71.91573159392574,41.06824451696692],[-71.91573070676287,41.06823681256107],[-71.91572635507595,41.06823160826484],[-71.91572538857011,41.068226464938725],[-71.91572339948172,41.068217885915935],[-71.91572364110989,41.06821020184056],[-71.91572157264999,41.068204184797736],[-71.91571955788885,41.06819646008254],[-71.91571859019463,41.068191316734946],[-71.91571773108677,41.06818275806401],[-71.91571789218203,41.068177635046986],[-71.91571805324892,41.068172512930154],[-71.91571719414145,41.068163954259234],[-71.91571743458073,41.0681562701623],[-71.91571762253926,41.068150292858995],[-71.91571665481753,41.06814515041148],[-71.9157191797253,41.06813665178936],[-71.91571947505201,41.06812726004145],[-71.91571754085514,41.06811697336743],[-71.91571896496997,41.068107601950125],[-71.91571818520707,41.068096482199195],[-71.91571737979892,41.06808621585567],[-71.9157154175508,41.06807678344636],[-71.9157157397128,41.06806653831226],[-71.91571485258252,41.06805883300577],[-71.91571291836009,41.068048547231705],[-71.91571321368728,41.06803915548361],[-71.91571119896041,41.0680314298678],[-71.91570926473938,41.0680211440936],[-71.91570620176087,41.068010837088394],[-71.91570421387091,41.06800225808625],[-71.91570230651524,41.067991118025596],[-71.91569913730294,41.06798422728654],[-71.91568884761973,41.067952432573954]]},"properties":{"Zone":3,"Object_ID":468}},{"type":"Feature","id":469,"geometry":{"type":"LineString","coordinates":[[-71.91558859714227,41.067801981538686],[-71.91558534744101,41.067797650954624],[-71.915578685717,41.06779411368223],[-71.91557427915146,41.067790617930946],[-71.91557102945168,41.06778628734643],[-71.91556665094164,41.06778193732998],[-71.9155611180025,41.06777842038867],[-71.91555781338425,41.067775798355],[-71.91555225360904,41.06777313479942],[-71.91554784826408,41.06776963816833],[-71.91554234216406,41.067765267840024],[-71.9155379368201,41.06776177120855],[-71.91553350342166,41.067759128841786],[-71.91552794364881,41.06775646528498],[-71.91552353830623,41.067752968652954],[-71.9155191329358,41.06774947292094],[-71.91551131679034,41.06774676871964],[-71.91550580950519,41.06774239836812],[-71.9155013504611,41.06774060940765],[-71.91549581752884,41.067737092463226],[-71.91549020283769,41.06773613745582],[-71.91548466871694,41.067732620489416],[-71.91547913578623,41.067729103544174],[-71.91547467674376,41.06772731458267],[-71.9154679881663,41.06772463159017],[-71.91546130077882,41.06772194861871],[-71.91545909811035,41.06772020030148],[-71.91545573979424,41.06771928593724],[-71.91545351028775,41.06771839100599],[-71.91545018002788,41.067716622376714],[-71.91544687541708,41.06771400033984],[-71.91544690228373,41.06771314605358],[-71.91544357083487,41.06771137740268],[-71.91544249694832,41.06770964941838],[-71.91544029425245,41.06770790200093],[-71.91543696280402,41.067706133349866],[-71.91543588891776,41.0677044053655],[-71.91543707021455,41.067702718005066],[-71.9154337668227,41.06770009508902],[-71.91543156415568,41.067698346771245],[-71.91543161786109,41.06769663909881],[-71.91542944203282,41.06769403739486],[-71.91542731991028,41.067689728018415],[-71.91542740048267,41.067687166059734],[-71.91542525152181,41.0676837100694],[-71.9154241776079,41.067681982985086],[-71.91542087302817,41.067679360047244],[-71.91541762331556,41.06767503035857],[-71.91541542064981,41.06767328204041],[-71.91541324366183,41.06767067941453],[-71.91540991340541,41.067668910784086],[-71.9154088651698,41.06766632939194],[-71.91540330538149,41.0676636667293],[-71.91540112958371,41.06766106412462],[-71.91539892691885,41.06765931580614],[-71.91539672425418,41.067657567487636],[-71.91539342083786,41.06765494547063],[-71.91538783302256,41.06765313617196],[-71.915386732271,41.067652262473445],[-71.91538340082674,41.06765049382079],[-71.91537776049482,41.067650392215455],[-71.91537443024036,41.06764862358399],[-71.91537107195737,41.06764770831713],[-71.91536997120606,41.06764683461841],[-71.91536663857316,41.06764506594389],[-71.91536438220265,41.067645025297175],[-71.9153610251094,41.06764411005141],[-71.9153566466226,41.06763976002684],[-71.91535216072153,41.06763882534686],[-71.9153406911503,41.06760871798174],[-71.91533021370546,41.067582900537964]]},"properties":{"Zone":3,"Object_ID":469}},{"type":"Feature","id":470,"geometry":{"type":"LineString","coordinates":[[-71.9159406140748,41.06859768599097],[-71.91574024712209,41.068364273976364]]},"properties":{"Zone":3,"Object_ID":470}},{"type":"Feature","id":471,"geometry":{"type":"LineString","coordinates":[[-71.97076374941534,41.04071202155086],[-71.97034780012486,41.04069874875726],[-71.96998149788068,41.040685490083824]]},"properties":{"Zone":3,"Object_ID":471}},{"type":"Feature","id":472,"geometry":{"type":"LineString","coordinates":[[-71.9085539103267,41.06092788688553],[-71.90832984020498,41.06080338202822]]},"properties":{"Zone":3,"Object_ID":472}},{"type":"Feature","id":473,"geometry":{"type":"LineString","coordinates":[[-71.85877096237354,41.073771343333064],[-71.85846166296088,41.0736656693501],[-71.85839930631346,41.073638886397],[-71.85833587957308,41.07361037584306],[-71.85827589112014,41.073580219317314],[-71.85801045851903,41.07344460082718],[-71.85794604007368,41.07341179958519],[-71.85788503585285,41.07337820761956],[-71.85782298326126,41.073342032767734],[-71.85776434489587,41.07330506719833],[-71.85770578940588,41.07326553968435],[-71.8576495180658,41.07322520144096],[-71.857079568165,41.07280116952608],[-71.8570019460209,41.07272284586714],[-71.85690258846348,41.07261848967248],[-71.85680669699909,41.07251163502506],[-71.85678526396912,41.07247621181256],[-71.85676611508406,41.07243997611336],[-71.85659914131315,41.07208747376768],[-71.85655795448399,41.07199957168853],[-71.8562754494756,41.07151934602913],[-71.85622061070691,41.07146963635389],[-71.8561883931243,41.071418635235986],[-71.85616068851205,41.07136771771025],[-71.8561375508767,41.0713151770151],[-71.8561201102799,41.07126103228668],[-71.85610721022498,41.07120611778739],[-71.85609884954077,41.07115043259645],[-71.85609860796099,41.07108806405049],[-71.85610741980915,41.071025008439854],[-71.85612745985608,41.070963868600636],[-71.85616334432453,41.070936341723325],[-71.85618021533851,41.07090333481332],[-71.85619818746244,41.070871204883815],[-71.85621838843842,41.0708399692223],[-71.85623968941955,41.07080960781723],[-71.85626214557897,41.07077841482505],[-71.85628685937526,41.070747262748576],[-71.856354424605,41.07064770479328],[-71.85644647780964,41.07055885328581],[-71.85660944619109,41.07040638585022],[-71.85668537046303,41.07036251283693],[-71.85674021691324,41.0703071435293],[-71.85676740757815,41.07026920346152],[-71.85681294900193,41.07025723143285],[-71.85684448563799,41.07022449693179],[-71.85688078472981,41.0701841620705],[-71.85694074677332,41.07014512018819],[-71.85700406640537,41.07010699343383],[-71.85705637811728,41.07009514668402],[-71.85707602634737,41.07008098730665],[-71.85708766609555,41.07007009696339],[-71.85713557415907,41.070054751302045],[-71.85721702770881,41.07001439766778],[-71.85726975214658,41.06998974391884],[-71.8573110024089,41.06997085938084],[-71.85734897670903,41.06994849503987],[-71.85739674660432,41.06993741883046],[-71.85760984091539,41.069875579910985]]},"properties":{"Zone":4,"Object_ID":473}},{"type":"Feature","id":474,"geometry":{"type":"LineString","coordinates":[[-71.85752867590551,41.06976728970071],[-71.85764549158928,41.06968060347847],[-71.85765589317613,41.06967310749087],[-71.85864843642644,41.068965305512386],[-71.85884866748394,41.06811299123671],[-71.85889105064571,41.06795401918364],[-71.85892941051581,41.06791970261563],[-71.85907354746948,41.06726625856606],[-71.85929686490795,41.066712524270876],[-71.85947609494691,41.0662656182348],[-71.85966901441346,41.06605902424868],[-71.8606042612752,41.065060536956025],[-71.8617811917728,41.064162189400434],[-71.86247208185658,41.063634169567536],[-71.8649117576794,41.06249853393819],[-71.86540110846799,41.062269205728896],[-71.86549921614832,41.06213176245482],[-71.86599561044899,41.061437818218344],[-71.86622098709319,41.06018613855332],[-71.86623468476925,41.060111212550346],[-71.86734646187537,41.058741740104985],[-71.86824970085391,41.058240665511896],[-71.86968965843165,41.05803650865122],[-71.87217331541166,41.056047226250335],[-71.8724823460444,41.05584274611183],[-71.8723512469051,41.05577797313927],[-71.87257907252383,41.055642053776864],[-71.87286610946549,41.05538420143266],[-71.87300278328043,41.05520474536119],[-71.87307108314823,41.05504087296213],[-71.87336126670596,41.0545743949884],[-71.87341228029936,41.05435841597946],[-71.87345202688392,41.05400598880825],[-71.8734109342954,41.05335156231237],[-71.87348638301611,41.05311032402352],[-71.87362177206363,41.05268907511581],[-71.87368984094037,41.05274841807754],[-71.87371322080412,41.052723218684626],[-71.87379102200944,41.0525845415601],[-71.87386634922589,41.05245265268107],[-71.8739529004698,41.0523226795798],[-71.8741480448102,41.05211439547281],[-71.87436426168802,41.05191760319309],[-71.8744150927648,41.051880947365284],[-71.87446699756514,41.05184601900731],[-71.8745211295406,41.051811986326975],[-71.8745786172161,41.05177886915296],[-71.87469092836453,41.05172540212117],[-71.87484853938535,41.05163175913434],[-71.8751283931693,41.05149166377309],[-71.8753449807896,41.051388851320475],[-71.87543052888387,41.05136052026619],[-71.87563099797637,41.051267663280086],[-71.87571434587949,41.051237583855226],[-71.87599923206321,41.051116374157665],[-71.87604684974286,41.051109558025],[-71.87608802701797,41.05109237434962],[-71.87613583493132,41.051079581796024],[-71.87619369491941,41.05105830793162],[-71.87661192260396,41.05081200171536],[-71.87668649688362,41.050791916186895],[-71.87675339317532,41.05077145911499],[-71.87680758963059,41.05075619126601],[-71.87767270638913,41.050499575694374],[-71.87771658636954,41.05054144715274],[-71.87874151377804,41.050133181031484],[-71.87980225987724,41.04979290922099],[-71.87974645035604,41.04970463466286],[-71.88115488015535,41.04931358060874],[-71.88202281855213,41.04915419930747],[-71.88294204594726,41.04909925349274],[-71.88441796593546,41.04857350305513],[-71.88477269696921,41.048455257183214],[-71.88516442493737,41.04841542753954],[-71.88622317199145,41.0481605357965],[-71.88701582328437,41.047898212978055],[-71.88730104232344,41.047800902434496],[-71.88771903254822,41.047609478427205],[-71.88813104359127,41.04732226058876],[-71.8888287377069,41.047170961899326]]},"properties":{"Zone":1,"Object_ID":474}},{"type":"Feature","id":475,"geometry":{"type":"LineString","coordinates":[[-71.8888287377069,41.047170961899326],[-71.88922152885746,41.04706194049914],[-71.8893536047023,41.047025051086024],[-71.88983726873656,41.046897180727456],[-71.88990300746822,41.04688812696651],[-71.89034841893336,41.046690034027584],[-71.89058626357165,41.046592246110656],[-71.89107202465871,41.04625683601845],[-71.89242620592324,41.04556529494612],[-71.89269645586708,41.04540683633533],[-71.89310162584188,41.04529859046949],[-71.89380204358446,41.04531802379952],[-71.89399916925062,41.045306203211844],[-71.8942284069503,41.045230499867316],[-71.89425304515906,41.04525877418673],[-71.89433656199539,41.04522267059061],[-71.89475386514034,41.045106192037],[-71.89525534254031,41.04488758641777],[-71.8956270902801,41.044666068466],[-71.89566278275055,41.04464365131307],[-71.89570722655257,41.04462993573245],[-71.89579671859796,41.044547841150695],[-71.89584076549289,41.04451105186317],[-71.89588212322042,41.044487883813474],[-71.89613471901438,41.044279754122954],[-71.89620728456873,41.044233231414935],[-71.89652347651005,41.04397670817958],[-71.89660390822671,41.04393118214488],[-71.89685375779985,41.04373837892628],[-71.89716502363464,41.04359400444843],[-71.8974344812864,41.043467414096405]]},"properties":{"Zone":1,"Object_ID":475}},{"type":"Feature","id":476,"geometry":{"type":"LineString","coordinates":[[-71.93488828348396,41.07789952127103],[-71.93272191856025,41.07807614881399],[-71.9313974512883,41.07826265297612],[-71.92820035832266,41.07912386133169],[-71.92686260661863,41.07940917329225],[-71.92467821883218,41.07954603198497],[-71.92156133642268,41.07975240093206],[-71.92109411647195,41.079818337727396],[-71.91832156646339,41.08020422173264],[-71.91576507539224,41.0807195094612],[-71.91281158342247,41.08168634317307],[-71.9088377064658,41.08364360128036],[-71.90836530142009,41.08387256531708],[-71.90793315826384,41.08422099955016],[-71.90697863452272,41.08466421635075],[-71.90641504232028,41.08474116819831],[-71.90534461881259,41.08517117159422],[-71.90411026803277,41.0855358360407],[-71.90345295387701,41.08557690477162],[-71.90336923761693,41.08554634341003]]},"properties":{"Zone":2,"Object_ID":476}},{"type":"Feature","id":477,"geometry":{"type":"LineString","coordinates":[[-71.90336923761693,41.08554634341003],[-71.90331155031845,41.085549570554754],[-71.90320332483894,41.085544194694066],[-71.90308612555499,41.08553694662947],[-71.90298698326032,41.08553002557198],[-71.90288348798317,41.08551789965085],[-71.9027880548448,41.085500794692074],[-71.90270051939453,41.08548383184934],[-71.90261653334919,41.08546180823835],[-71.90255347448884,41.0854563953832],[-71.90247926597164,41.085446507507626],[-71.90238810254952,41.08543716800823],[-71.90229162286808,41.08541748026233],[-71.9021658014581,41.08539726156807],[-71.90208613926248,41.0853812948138],[-71.90199651173282,41.08535916849955],[-71.9018974485267,41.08534968542751],[-71.90179502992628,41.08533928667848],[-71.90169962318727,41.08532132652075],[-71.90162659685386,41.08530975268567],[-71.90153581228383,41.085288458904124],[-71.90145201616673,41.085260457191914],[-71.90135368447311,41.08522792073465],[-71.90128326798536,41.085205288293245],[-71.90118990219088,41.08519419927018],[-71.9011045716427,41.08517898292225],[-71.90101953859077,41.085154375740224],[-71.90092891786942,41.085127959428306],[-71.90083034202308,41.085103106516755],[-71.9007312616448,41.08505859636675],[-71.90066377638696,41.085014658256554],[-71.90060795587381,41.0849589711915],[-71.90057607626831,41.084896029893926],[-71.90055827118192,41.08485213799745],[-71.90050924757783,41.084795720287296],[-71.90049383475235,41.08474760062008],[-71.90048175269139,41.084701249102764],[-71.90047507129847,41.08466268487121],[-71.90045463896914,41.08459482524394],[-71.90070041806895,41.08449932804775]]},"properties":{"Zone":2,"Object_ID":477}},{"type":"Feature","id":478,"geometry":{"type":"LineString","coordinates":[[-71.90070041806895,41.08449932804775],[-71.90029870895793,41.08306537319042],[-71.89980007586827,41.0819115760949]]},"properties":{"Zone":2,"Object_ID":478}},{"type":"Feature","id":479,"geometry":{"type":"LineString","coordinates":[[-71.89980007586827,41.0819115760949],[-71.89956864839785,41.08151867469664]]},"properties":{"Zone":2,"Object_ID":479}},{"type":"Feature","id":480,"geometry":{"type":"LineString","coordinates":[[-71.89956864839785,41.08151867469664],[-71.89913619828349,41.080913677102735],[-71.89835410171531,41.08015539514242],[-71.89772685075609,41.07939222891514],[-71.89623176335621,41.077657338660075],[-71.8960276814062,41.07750669177088],[-71.89593061078182,41.07743487628166],[-71.89587208191742,41.077393660437025],[-71.89562706683984,41.07721663985251],[-71.89542156163392,41.077075363049794],[-71.89530874979238,41.07700155212329],[-71.89522145435826,41.07694187248114],[-71.89501436327454,41.07681509001238],[-71.89495107809387,41.07678147652527],[-71.89487334341969,41.0767407647004],[-71.89483219228701,41.07672122290115],[-71.89441783712782,41.076508657771186],[-71.89413735279801,41.07638224705766],[-71.8940276023956,41.076318741503385],[-71.8939663589974,41.07629199829347],[-71.89380387787178,41.07621813677332],[-71.89351893690113,41.07608993565975],[-71.89297481906212,41.07583997741889],[-71.89253891094675,41.07577309910877],[-71.89135930112921,41.07559101658378],[-71.88886381108334,41.07539433687364],[-71.88697418530532,41.07524539457449],[-71.88690363140586,41.075262902465475],[-71.88498601861367,41.07574389072453],[-71.8841318190661,41.07590768851922],[-71.88337761396312,41.07605109639198],[-71.88259519613766,41.076370823746934],[-71.8810213992642,41.076830696696454],[-71.8795704970345,41.07690665459563],[-71.87916111901623,41.07692820344196],[-71.87746204308374,41.07615126693077],[-71.87702033472479,41.07605432346472],[-71.87601357724795,41.07583424583433],[-71.87460335818413,41.0754162450516],[-71.87356017955422,41.07534668979781],[-71.87201959206261,41.07505184566042],[-71.87194278670769,41.0750529977645],[-71.87186716510531,41.07505246202677],[-71.87179269861042,41.07505109360239],[-71.87167441983313,41.07504293958811],[-71.87162818763184,41.075041235498716],[-71.87149306846632,41.07503020906295],[-71.87074649862399,41.07497035054091],[-71.87064957721432,41.07496515183941],[-71.870487269531,41.07495704130273],[-71.87032606335565,41.07494980468576],[-71.87016461028168,41.074950251811046],[-71.87000310110545,41.07495240723754],[-71.8698414559084,41.07495883113053],[-71.86967970090026,41.07496867009375],[-71.8695720479919,41.07498121251404],[-71.86951310329546,41.074988671637115],[-71.86945517655361,41.074999564985305],[-71.86939725092435,41.075010460126755],[-71.8693392691878,41.07502306286504],[-71.86928236147845,41.07503739220508],[-71.86922652770564,41.07505345084903],[-71.86917179295264,41.07507038448056],[-71.86907016835534,41.07510610386842],[-71.86897074774514,41.07514357150898],[-71.86887349883189,41.075183643394546],[-71.86877729634001,41.07522629700736],[-71.86871992154393,41.075255141523265],[-71.8686419077827,41.07529385787878],[-71.86859028480752,41.075319390939846],[-71.8685408634766,41.07534667318446],[-71.86849138599455,41.075375663033086],[-71.86844526652573,41.07540556858686],[-71.86839683545644,41.075437141107145],[-71.86835286382139,41.07547050440223],[-71.86830886353312,41.075504720131725],[-71.86826934891255,41.075539874147616],[-71.86822755021845,41.0755758390574],[-71.86812727867222,41.07567480113217],[-71.86803146393962,41.07577555388146],[-71.86793889711812,41.07588063758354],[-71.86783196855761,41.07601108651369],[-71.86779971925311,41.07606602154587],[-71.86777771037474,41.07615360974703],[-71.86775660791307,41.07621302312497],[-71.8677848480607,41.076282741824485],[-71.86778826644627,41.0763520032252],[-71.86778940074379,41.076422076423654],[-71.86778604802541,41.07649121307762],[-71.86778151260349,41.076562037500736],[-71.86775050176003,41.07661357891744],[-71.86771393105211,41.076662455355994],[-71.86766841728208,41.07670860447958],[-71.86760080514634,41.076739823288214],[-71.8675280165964,41.07675642263376],[-71.86745310871598,41.07676871168752],[-71.8673623492948,41.076782417263026],[-71.86723666840898,41.076793772394275],[-71.86715201706131,41.076793067214716],[-71.86707086117632,41.07678900997463],[-71.86697619407643,41.07678384888767],[-71.86688380873056,41.07677787589836],[-71.8668061484119,41.0767704646793],[-71.86672840564496,41.07676561532694],[-71.86664947899986,41.07676245275903],[-71.86657162631089,41.07676101859291],[-71.8664925060964,41.07676383220599],[-71.86641454345818,41.07676581322563],[-71.8663375985908,41.076771230274176],[-71.8661711054399,41.07678781080755],[-71.86607156769702,41.07679366591542],[-71.86597213756029,41.07679610470278],[-71.86587163705397,41.07679681500843],[-71.86579499454501,41.076792840096765],[-71.865717223154,41.076788843416026],[-71.86564066436077,41.07678230650608],[-71.86545171185102,41.07676002833323],[-71.86526292564439,41.07673262783868],[-71.86507656127124,41.07670014572795],[-71.86494419155234,41.076673785374],[-71.86489264745335,41.07666172866211],[-71.86481077437121,41.07664484210201],[-71.86472020724493,41.076617543122985],[-71.86458937827106,41.076578394481594],[-71.86445981469846,41.07653499873865],[-71.86433487460407,41.07648827174393],[-71.86420998977589,41.07643983516868],[-71.8640875543461,41.07638546469822],[-71.86393080116162,41.076309956791306],[-71.8638153287571,41.07624973377252],[-71.86370224959987,41.076185283608034],[-71.86359263878354,41.07611833391004],[-71.863303492074,41.075947264080455],[-71.86313870439837,41.07587587882766],[-71.86304535913867,41.075829732835885],[-71.86295773756173,41.07578112901152],[-71.86282798385406,41.07570868063316],[-71.8626938273223,41.07563273437273],[-71.86252070426693,41.07553983645786],[-71.86239747345569,41.07547519747257],[-71.86233418095203,41.07544241956138],[-71.86226857441983,41.07541130843411],[-71.86220517071474,41.07538194481822],[-71.86213832642889,41.07535422807464],[-71.86207030065569,41.07532819632621],[-71.8619999883712,41.07530297797915],[-71.86192530303542,41.07527340759614],[-71.86174736580337,41.07518981673243],[-71.8614437780474,41.07504666682303],[-71.8611412378101,41.07490609889126],[-71.86106228696694,41.07486875967131],[-71.8609119259352,41.07480532629367],[-71.86085950314967,41.07478556296821],[-71.86075460255267,41.07474774388944],[-71.8606742751706,41.07471806838402],[-71.86057763049944,41.074669295893344],[-71.86051103570007,41.07466892049547],[-71.86045500720492,41.07465592407578],[-71.86039897989227,41.07464292855106],[-71.86026617392426,41.074630223062016],[-71.86013328528932,41.074620079335965],[-71.85999918633837,41.07461247472028],[-71.85992364803258,41.07460937016488],[-71.85985055929214,41.07460033098716],[-71.85981065785326,41.074577380495796],[-71.85978110337973,41.074548642364356],[-71.85975518254935,41.07451228198692],[-71.85973041699526,41.07447508908632],[-71.85970788044834,41.074438792183585],[-71.85968652795067,41.07440080850976],[-71.85966630438361,41.07436284480874],[-71.85963908936837,41.07433158645673],[-71.85960948111956,41.07430455594526],[-71.85955444459373,41.07426082238463],[-71.85946993902644,41.0741857905131],[-71.85938889944575,41.07410825923724],[-71.85934616572094,41.07406817135327],[-71.85931771298368,41.074040307351986],[-71.85928587484705,41.07401238072268],[-71.8592528538986,41.073986140868605],[-71.85921754883188,41.07396071353552],[-71.85918447396637,41.07393618132701],[-71.85914685724336,41.07391241987355],[-71.85907247696444,41.07387345512922],[-71.85900461696949,41.07384230039614],[-71.85887825477138,41.073804936407875],[-71.85877096237354,41.073771343333064]]},"properties":{"Zone":2,"Object_ID":480}}],"name":"eh_ceha_zones","properties":{"source":"Town of East Hampton GIS \u2014 Coastal Erosion Overlay Zones (EHPublicMapLayers/MapServer/8)","query_bbox":"[-72.02,41.02,-71.85,41.09] WGS84","crs":"EPSG:4326"}}