{"type":"FeatureCollection","name":"usgs_hwl_montauk","crs":{"type":"name","properties":{"name":"urn:ogc:def:crs:OGC:1.3:CRS84"}},"bbox":[-72.05,41.0,-71.84,41.1],"properties":{"source":"USGS OFR 2010-1119 Himmelstoss et al. 2010, LongIsland_shorelines.shp","credit":"Himmelstoss, E.A., Kratzmann, M.G., Hapke, C., Thieler, E.R., and List, J., 2010, National Assessment of Shoreline Change: A GIS Compilation of Vector Shorelines and Associated Shoreline Change Data for the New England and Mid-Atlantic Coasts: U.S. Geological Survey Open-File Report 2010-1119.","url":"https://pubs.usgs.gov/of/2010/1119/","note":"Only features intersecting Montauk bbox. Year_ values are the on-disk USGS years. 1891 and 1991 exist elsewhere on Long Island and are omitted. North-shore HWL is present only for 1933 (t5079) and 2000 (lidar Point stub). South-shore / Point lines are NY Sea Grant, 1892 T-sheets t2053/t2106, and 2000 lidar.","bbox":[-72.05,41.0,-71.84,41.1],"years":[1830,1870,1892,1933,1938,1962,1979,1983,1988,2000],"northYears":[1933,2000],"extracted":"2026-08-24","n_features":22},"features":[{"type":"Feature","id":0,"properties":{"Year_":2000,"Date_":"09/30/2000","Source":"lidar - USGS","Uncy":0.0,"RouteID":33,"Default_D":0,"reach":"south_point"},"geometry":{"type":"LineString","coordinates":[[-72.029712,41.0],[-72.029566,41.000048],[-72.029352,41.000126],[-72.029136,41.000201],[-72.028927,41.000287],[-72.028718,41.000374],[-72.028504,41.000452],[-72.028286,41.000524],[-72.028073,41.000604],[-72.027852,41.000671],[-72.02764,41.000752],[-72.027421,41.000823],[-72.027203,41.000895],[-72.02699,41.000974],[-72.026772,41.001045],[-72.026561,41.00113],[-72.026347,41.001208],[-72.026139,41.001296],[-72.025926,41.001376],[-72.025714,41.001458],[-72.025494,41.001526],[-72.025274,41.001595],[-72.025061,41.001675],[-72.024845,41.00175],[-72.024626,41.001819],[-72.024417,41.001907],[-72.024198,41.001977],[-72.023982,41.002051],[-72.023772,41.002136],[-72.023561,41.002219],[-72.023351,41.002305],[-72.02314,41.002389],[-72.022931,41.002475],[-72.022712,41.002545],[-72.022503,41.002631],[-72.022287,41.002706],[-72.022064,41.00277],[-72.021862,41.002868],[-72.021648,41.002946],[-72.021422,41.003006],[-72.021218,41.003099],[-72.021013,41.003193],[-72.020794,41.003264],[-72.020569,41.003323],[-72.02038,41.003443],[-72.020153,41.003501],[-72.01993,41.003564],[-72.019738,41.003678],[-72.019512,41.003737],[-72.019282,41.003789],[-72.019078,41.003883],[-72.018864,41.003961],[-72.018637,41.004019],[-72.018412,41.004079],[-72.018223,41.004198],[-72.017994,41.004252],[-72.017766,41.004307],[-72.017579,41.004431],[-72.017356,41.004494],[-72.017127,41.004547],[-72.016927,41.004649],[-72.016704,41.004713],[-72.016484,41.004781],[-72.016274,41.004867],[-72.016066,41.004955],[-72.015848,41.005026],[-72.015622,41.005084],[-72.015415,41.005174],[-72.015191,41.005237],[-72.014974,41.005311],[-72.014758,41.005384],[-72.014552,41.005476],[-72.014332,41.005544],[-72.014109,41.005608],[-72.013905,41.005703],[-72.013685,41.005771],[-72.013476,41.005858],[-72.01326,41.005934],[-72.013053,41.006023],[-72.012831,41.006088],[-72.012625,41.006181],[-72.01241,41.006258],[-72.012194,41.006332],[-72.011983,41.006415],[-72.011774,41.006502],[-72.011555,41.006573],[-72.011361,41.006684],[-72.011141,41.006752],[-72.010947,41.006863],[-72.010717,41.006916],[-72.010526,41.007033],[-72.010313,41.007112],[-72.010113,41.007214],[-72.009911,41.007312],[-72.009705,41.007404],[-72.009496,41.00749],[-72.009284,41.007572],[-72.009062,41.007637],[-72.008878,41.007766],[-72.008643,41.007808],[-72.008438,41.007902],[-72.008228,41.007987],[-72.008012,41.008062],[-72.007805,41.008152],[-72.007591,41.00823],[-72.007379,41.008313],[-72.007167,41.008395],[-72.006957,41.008479],[-72.006746,41.008562],[-72.006538,41.008651],[-72.006321,41.008724],[-72.006118,41.00882],[-72.005895,41.008884],[-72.005685,41.008969],[-72.005477,41.009058],[-72.005263,41.009136],[-72.005052,41.009219],[-72.004839,41.009299],[-72.004632,41.00939],[-72.004415,41.009463],[-72.004203,41.009544],[-72.004001,41.009644],[-72.003774,41.0097],[-72.003569,41.009793],[-72.003356,41.009873],[-72.003147,41.009959],[-72.002936,41.010043],[-72.002725,41.010127]]}},{"type":"Feature","id":1,"properties":{"Year_":2000,"Date_":"09/30/2000","Source":"lidar - USGS","Uncy":0.0,"RouteID":34,"Default_D":0,"reach":"south_point"},"geometry":{"type":"LineString","coordinates":[[-72.002302,41.010302],[-72.002087,41.010379],[-72.001885,41.010478],[-72.001657,41.010534],[-72.001448,41.010619],[-72.001234,41.010698],[-72.00103,41.010793],[-72.000813,41.010866],[-72.000603,41.010953],[-72.000397,41.011043],[-72.000187,41.011128],[-71.999975,41.01121],[-71.999768,41.011301],[-71.999555,41.01138],[-71.999346,41.011467],[-71.999124,41.011533],[-71.998927,41.011639],[-71.998706,41.011706],[-71.998495,41.01179],[-71.998295,41.01189],[-71.998071,41.011952],[-71.997869,41.012052],[-71.997654,41.012127],[-71.997446,41.012216],[-71.997236,41.012302],[-71.997024,41.012383],[-71.996811,41.012463],[-71.996607,41.012558],[-71.996386,41.012626],[-71.996175,41.012709],[-71.995962,41.012788],[-71.995748,41.012867],[-71.99554,41.012955],[-71.995329,41.013039],[-71.995112,41.013112],[-71.994904,41.013201],[-71.99469,41.01328],[-71.994474,41.013353],[-71.994268,41.013445],[-71.994059,41.013532],[-71.993845,41.013611],[-71.993632,41.013692],[-71.993427,41.013785],[-71.993218,41.013871],[-71.993009,41.013959],[-71.992806,41.014054],[-71.99258,41.014112],[-71.99238,41.014215],[-71.992158,41.014281],[-71.991948,41.014366],[-71.991744,41.014461],[-71.991524,41.014529],[-71.991313,41.014612],[-71.991106,41.014702],[-71.990887,41.014772],[-71.990671,41.014847],[-71.990458,41.014928],[-71.990245,41.015007],[-71.990044,41.015108],[-71.989817,41.015165],[-71.98962,41.015271],[-71.989395,41.015332],[-71.989183,41.015413],[-71.988975,41.015502],[-71.988768,41.015591],[-71.988546,41.015657],[-71.988347,41.01576],[-71.988124,41.015823],[-71.98792,41.015919],[-71.987701,41.015988],[-71.987282,41.01616],[-71.987062,41.016229],[-71.986851,41.016313],[-71.986638,41.016394],[-71.986424,41.016472],[-71.986215,41.016557],[-71.986001,41.016636],[-71.985786,41.016713],[-71.985579,41.016803],[-71.985155,41.016967],[-71.984938,41.01704],[-71.984724,41.017119],[-71.984508,41.017194],[-71.984294,41.017272],[-71.984083,41.017356],[-71.983875,41.017445],[-71.983649,41.017503],[-71.983434,41.01758],[-71.983221,41.01766],[-71.983,41.017726],[-71.982791,41.017813],[-71.982577,41.017892],[-71.982356,41.017958],[-71.982141,41.018035],[-71.981923,41.018107],[-71.981707,41.018183],[-71.981492,41.01826],[-71.981279,41.018339],[-71.981066,41.018419],[-71.980849,41.018493],[-71.980638,41.018576],[-71.980424,41.018654],[-71.980216,41.018744],[-71.980003,41.018823],[-71.979788,41.018901],[-71.979576,41.018983],[-71.979367,41.019068],[-71.979154,41.019149],[-71.978948,41.01924],[-71.978735,41.019321],[-71.978533,41.01942],[-71.978316,41.019493],[-71.978112,41.019588],[-71.977893,41.019657],[-71.977681,41.019739],[-71.97747,41.019823],[-71.977258,41.019906],[-71.977049,41.019992],[-71.97683,41.020062],[-71.976621,41.020149],[-71.976401,41.020217],[-71.976185,41.020292],[-71.975983,41.020391],[-71.975753,41.020443],[-71.97555,41.020539],[-71.975337,41.020619],[-71.975116,41.020687],[-71.974918,41.020791],[-71.974687,41.020841],[-71.97449,41.020948],[-71.974267,41.021012],[-71.974052,41.021089],[-71.973836,41.021163],[-71.973628,41.021253],[-71.973412,41.021327],[-71.973214,41.021433],[-71.972992,41.021498],[-71.972797,41.021607],[-71.972582,41.021684],[-71.972376,41.021777],[-71.972167,41.021863],[-71.971969,41.021968],[-71.971753,41.022044],[-71.971548,41.022137],[-71.971332,41.022212],[-71.971114,41.022284],[-71.970913,41.022384],[-71.970688,41.022444],[-71.970481,41.022534],[-71.970261,41.022603],[-71.970045,41.022678],[-71.969828,41.022752],[-71.969606,41.022816],[-71.969393,41.022897],[-71.969189,41.022993],[-71.968966,41.023056],[-71.96877,41.023164],[-71.968553,41.023238],[-71.968346,41.023327],[-71.968141,41.023422],[-71.967941,41.023522],[-71.967729,41.023605],[-71.967533,41.023713],[-71.967315,41.023785],[-71.967117,41.023891],[-71.966899,41.023961],[-71.966696,41.024059],[-71.966486,41.024144],[-71.966276,41.024229],[-71.966057,41.024299],[-71.96586,41.024406],[-71.965627,41.024452],[-71.965435,41.024567],[-71.965199,41.02461],[-71.965,41.024714],[-71.964775,41.024773],[-71.964557,41.024846],[-71.964348,41.024932],[-71.964127,41.024998],[-71.963914,41.02508],[-71.963709,41.025173],[-71.963498,41.025255],[-71.963292,41.025348],[-71.963071,41.025415],[-71.962876,41.025525],[-71.962655,41.025592],[-71.962436,41.025663],[-71.962249,41.025786],[-71.962021,41.02584],[-71.961803,41.025912],[-71.961603,41.026015],[-71.961368,41.026057],[-71.961159,41.026145],[-71.960942,41.026218],[-71.960726,41.026293],[-71.960513,41.026374],[-71.960305,41.026463],[-71.960073,41.02651],[-71.959871,41.026609],[-71.959648,41.026673],[-71.959428,41.026741],[-71.959206,41.026807],[-71.958996,41.026892],[-71.958763,41.026938],[-71.95856,41.027034],[-71.95833,41.027087],[-71.958109,41.027154],[-71.957898,41.027238],[-71.957675,41.027301],[-71.957454,41.027367],[-71.957231,41.027432],[-71.957016,41.027509],[-71.956792,41.02757],[-71.95657,41.027636],[-71.956348,41.0277],[-71.956124,41.027763],[-71.955896,41.027817],[-71.955676,41.027887],[-71.955452,41.027948],[-71.955231,41.028015],[-71.955011,41.028083],[-71.95479,41.02815],[-71.954573,41.028224],[-71.954351,41.028289],[-71.954133,41.028362],[-71.953265,41.028656],[-71.953051,41.028734],[-71.952833,41.028805],[-71.952632,41.028905],[-71.952401,41.028955],[-71.952201,41.029058],[-71.95197,41.029107],[-71.951763,41.029198],[-71.951537,41.029256],[-71.951336,41.029357],[-71.951103,41.029403],[-71.950913,41.029523],[-71.950686,41.02958],[-71.950468,41.029651],[-71.950274,41.029762],[-71.950029,41.029789],[-71.949828,41.02989],[-71.949614,41.029969],[-71.949405,41.030055],[-71.949191,41.030133],[-71.948986,41.030227],[-71.948775,41.030311],[-71.948548,41.030368],[-71.948351,41.030474],[-71.94811,41.030508],[-71.94789,41.030576],[-71.947663,41.030633],[-71.947456,41.030725],[-71.947215,41.030758],[-71.946982,41.030804],[-71.946783,41.030908],[-71.94655,41.030954],[-71.946316,41.031],[-71.946115,41.0311],[-71.945867,41.031122],[-71.945437,41.031276],[-71.945213,41.031337],[-71.944984,41.031391],[-71.944783,41.031492],[-71.944562,41.031558],[-71.94434,41.031624],[-71.944115,41.031684],[-71.943925,41.031803],[-71.943688,41.031843],[-71.943461,41.0319],[-71.943265,41.032008],[-71.943033,41.032056],[-71.942804,41.032111],[-71.942593,41.032194],[-71.942377,41.032269],[-71.942158,41.03234],[-71.94192,41.032378],[-71.941701,41.032448],[-71.941487,41.032528],[-71.941254,41.032573],[-71.941049,41.032667],[-71.940825,41.032729],[-71.940605,41.032797],[-71.940371,41.032843],[-71.940143,41.032897],[-71.939901,41.03293],[-71.939664,41.03297],[-71.939439,41.03303],[-71.939209,41.033083],[-71.938986,41.033146],[-71.938765,41.033213],[-71.938537,41.033268],[-71.938313,41.03333],[-71.938088,41.033391],[-71.93786,41.033445],[-71.93762,41.033481],[-71.937395,41.033541],[-71.937168,41.033598],[-71.936945,41.033661],[-71.936728,41.033735],[-71.936509,41.033805],[-71.936295,41.033883],[-71.936082,41.033964],[-71.935875,41.034055],[-71.935664,41.034137],[-71.935448,41.034213],[-71.935231,41.034286],[-71.935013,41.034359],[-71.934796,41.034432],[-71.934573,41.034496],[-71.934352,41.034562],[-71.934125,41.03462],[-71.933894,41.03467],[-71.933658,41.034712],[-71.933421,41.034752],[-71.933182,41.034789],[-71.932948,41.034834],[-71.932716,41.034882],[-71.932479,41.034923],[-71.932241,41.034961],[-71.931995,41.034987],[-71.931765,41.035038],[-71.931529,41.035081],[-71.931298,41.03513],[-71.931065,41.035178],[-71.930837,41.035233],[-71.930613,41.035295],[-71.930387,41.035353],[-71.930156,41.035404],[-71.929927,41.035458],[-71.929693,41.035503],[-71.929469,41.035565],[-71.929245,41.035627],[-71.929025,41.035695],[-71.928813,41.035777],[-71.928592,41.035844],[-71.928368,41.035906],[-71.928129,41.035944],[-71.927889,41.035978],[-71.927645,41.036006],[-71.927398,41.036031],[-71.92717,41.036087],[-71.92695,41.036154],[-71.926721,41.036209],[-71.926506,41.036286],[-71.926278,41.03634],[-71.925848,41.036494],[-71.925636,41.036576],[-71.925419,41.036649],[-71.925203,41.036725],[-71.924988,41.036802],[-71.924772,41.036877],[-71.92455,41.036942],[-71.924325,41.037003],[-71.924104,41.03707],[-71.923877,41.037126],[-71.923651,41.037185],[-71.923431,41.037254],[-71.923211,41.037323],[-71.922995,41.037398],[-71.922773,41.037463],[-71.922552,41.037529],[-71.922336,41.037604],[-71.922118,41.037677],[-71.921894,41.037739],[-71.921672,41.037805],[-71.92145,41.037869],[-71.921231,41.037939],[-71.921018,41.038019],[-71.920817,41.03812],[-71.920614,41.038217],[-71.920406,41.038306],[-71.9202,41.038397],[-71.919989,41.038481],[-71.919776,41.038561],[-71.919561,41.038639],[-71.919347,41.038716],[-71.91913,41.03879],[-71.918917,41.038871],[-71.918698,41.03894],[-71.918474,41.039004],[-71.918242,41.039051],[-71.918017,41.039111],[-71.917784,41.039158],[-71.917564,41.039228],[-71.917337,41.039284],[-71.917104,41.039332],[-71.91687,41.039375],[-71.916628,41.039408],[-71.916385,41.039439],[-71.91614,41.039466],[-71.91589,41.039483],[-71.915649,41.039519],[-71.915405,41.039546],[-71.91516,41.039574],[-71.914917,41.039604],[-71.914671,41.039629],[-71.914407,41.039624],[-71.913964,41.039322],[-71.913705,41.039325],[-71.913448,41.039332],[-71.913188,41.039333],[-71.912932,41.039342],[-71.912673,41.039347],[-71.91242,41.03936],[-71.91218,41.039395],[-71.91193,41.039414],[-71.911678,41.039428],[-71.911407,41.039413],[-71.911141,41.039405],[-71.910872,41.039391],[-71.910601,41.039376],[-71.910327,41.039353],[-71.910078,41.039374],[-71.909832,41.0394],[-71.909595,41.039439],[-71.909372,41.039502],[-71.909112,41.039504],[-71.908891,41.039572],[-71.908678,41.039652],[-71.908466,41.039735],[-71.908261,41.039829],[-71.908062,41.039931],[-71.907852,41.040016],[-71.907641,41.0401],[-71.907428,41.040181],[-71.907202,41.040239],[-71.90697,41.040287],[-71.906737,41.040335],[-71.906498,41.040371],[-71.906258,41.040407],[-71.905979,41.040377],[-71.905669,41.040297],[-71.905371,41.040235],[-71.905106,41.040228],[-71.904832,41.040207],[-71.904571,41.040208],[-71.90433,41.040241],[-71.904097,41.040287],[-71.903871,41.040345],[-71.903647,41.040408],[-71.903487,41.040456],[-71.903257,41.040511],[-71.903052,41.040603],[-71.902658,41.04081],[-71.902313,41.041087],[-71.902181,41.041283],[-71.902082,41.041527],[-71.901963,41.041742],[-71.901825,41.041929],[-71.901669,41.04209],[-71.901495,41.042226],[-71.901322,41.042365],[-71.90114,41.042488],[-71.90095,41.042602],[-71.900747,41.042697],[-71.900553,41.042805],[-71.900331,41.042871],[-71.90013,41.042969],[-71.899911,41.043041],[-71.899696,41.043118],[-71.899462,41.043168],[-71.89921,41.043192],[-71.89895,41.043205],[-71.89865,41.04316],[-71.898384,41.043164],[-71.897919,41.043268],[-71.897702,41.043343],[-71.897501,41.04344],[-71.897295,41.04353],[-71.897104,41.043642],[-71.896912,41.043752],[-71.896721,41.043864],[-71.89654,41.04399],[-71.896363,41.044123],[-71.896187,41.044255],[-71.896016,41.044396],[-71.895845,41.044535],[-71.895661,41.044658],[-71.895487,41.044794],[-71.895297,41.044907],[-71.895105,41.045017],[-71.894913,41.045128],[-71.894717,41.045232],[-71.894508,41.045317],[-71.894276,41.045371],[-71.894017,41.045385],[-71.893745,41.045381],[-71.893468,41.045369],[-71.89293,41.045369],[-71.892703,41.045428],[-71.89251,41.045538],[-71.892325,41.045657],[-71.892128,41.045761],[-71.891943,41.045881],[-71.89175,41.045991],[-71.89155,41.046089],[-71.891326,41.046153],[-71.891129,41.046257],[-71.890932,41.04636],[-71.890735,41.046463],[-71.890542,41.046572],[-71.89035,41.046683],[-71.890149,41.046779],[-71.889952,41.046883],[-71.889744,41.04697],[-71.889529,41.047048],[-71.88931,41.047119],[-71.889072,41.047163],[-71.888823,41.047191],[-71.888586,41.047238],[-71.88836,41.047299],[-71.888133,41.047358],[-71.887926,41.047448],[-71.887743,41.04757],[-71.887558,41.047692],[-71.887363,41.047798],[-71.887167,41.047903],[-71.886968,41.048001],[-71.886766,41.048098],[-71.886543,41.048164],[-71.886307,41.048212],[-71.886065,41.048249],[-71.885822,41.048286],[-71.885582,41.048328],[-71.885362,41.048398],[-71.885135,41.048459],[-71.884904,41.048513],[-71.884669,41.048561],[-71.884444,41.048625],[-71.88423,41.048703],[-71.884025,41.048795],[-71.883825,41.048894],[-71.883615,41.048979],[-71.883405,41.049063],[-71.883191,41.049142],[-71.88298,41.049225],[-71.882698,41.049205],[-71.882432,41.04921],[-71.882179,41.049232],[-71.881936,41.049269],[-71.881697,41.049312],[-71.88147,41.049373],[-71.881238,41.049425],[-71.880999,41.049468],[-71.880776,41.049534],[-71.880527,41.049562],[-71.8803,41.049623],[-71.880068,41.049676],[-71.879854,41.049754],[-71.879629,41.049817],[-71.879413,41.049893],[-71.879188,41.049957],[-71.87897,41.050029],[-71.878752,41.050102],[-71.878536,41.050178],[-71.878329,41.050266],[-71.878121,41.050355],[-71.877919,41.05045],[-71.877701,41.050523],[-71.877482,41.050594],[-71.87725,41.050647],[-71.877027,41.050714],[-71.876807,41.050784],[-71.876583,41.050849],[-71.876153,41.051003],[-71.875944,41.051088],[-71.875739,41.05118],[-71.875543,41.051285],[-71.875344,41.051386],[-71.875149,41.051492],[-71.87495,41.051591],[-71.874731,41.051664],[-71.874859,41.051614],[-71.87465,41.051722],[-71.874447,41.051834],[-71.874282,41.051966],[-71.874109,41.052094],[-71.873974,41.052242],[-71.873824,41.052383],[-71.87373,41.052553],[-71.873638,41.052724],[-71.873594,41.052921],[-71.873564,41.053125],[-71.873483,41.053302],[-71.873427,41.053493],[-71.873406,41.053702],[-71.873411,41.053925],[-71.873387,41.054133],[-71.873365,41.054342],[-71.873346,41.054552],[-71.873274,41.054734],[-71.873114,41.055089],[-71.873028,41.055264],[-71.872883,41.055407],[-71.872767,41.055565],[-71.872596,41.055694],[-71.872204,41.055925],[-71.872069,41.056073],[-71.871907,41.056207],[-71.871768,41.056353],[-71.871625,41.056497],[-71.871482,41.056641],[-71.87133,41.05678],[-71.871198,41.05693],[-71.871056,41.057075],[-71.870915,41.05722],[-71.870769,41.057362],[-71.870614,41.0575],[-71.870465,41.05764],[-71.870289,41.057767],[-71.870119,41.057897],[-71.869945,41.058024],[-71.869729,41.058129],[-71.869462,41.058206],[-71.869139,41.058254],[-71.868853,41.058321],[-71.868622,41.058418],[-71.868383,41.05851],[-71.868158,41.058611],[-71.86794,41.058714],[-71.867761,41.058839],[-71.867579,41.058962],[-71.867415,41.059095],[-71.867281,41.059244],[-71.867157,41.059398],[-71.867029,41.05955],[-71.866906,41.059704],[-71.866798,41.059867],[-71.866676,41.060022],[-71.866576,41.060189],[-71.866486,41.060361],[-71.866412,41.060543],[-71.866353,41.060731],[-71.866267,41.060906],[-71.8662,41.061311],[-71.866162,41.061511],[-71.866059,41.061677],[-71.865939,41.061833],[-71.865806,41.061982],[-71.865653,41.062121],[-71.865485,41.062251],[-71.865333,41.062391],[-71.86518,41.062529],[-71.865019,41.062663],[-71.864813,41.062774],[-71.864583,41.062871],[-71.864339,41.062961],[-71.864085,41.063046],[-71.86382,41.063124],[-71.863562,41.063206],[-71.863347,41.063312],[-71.863151,41.063428],[-71.862958,41.063545],[-71.862774,41.063667],[-71.862611,41.0638],[-71.862428,41.063922],[-71.862257,41.064052],[-71.862095,41.064186],[-71.861933,41.064319],[-71.861766,41.06445],[-71.861605,41.064585],[-71.861446,41.06472],[-71.861286,41.064855],[-71.861115,41.064984],[-71.860976,41.06513],[-71.86084,41.065278],[-71.860706,41.065427],[-71.860578,41.065579],[-71.860452,41.065731],[-71.860329,41.065886],[-71.860213,41.066045],[-71.860112,41.066211],[-71.859998,41.066371],[-71.85994,41.06656],[-71.859857,41.066736],[-71.859791,41.066921],[-71.859731,41.06711],[-71.859658,41.067291],[-71.859591,41.067476],[-71.859524,41.067661],[-71.859448,41.06784],[-71.859346,41.068006],[-71.859253,41.068177],[-71.859155,41.068345],[-71.85908,41.068525],[-71.859008,41.068708],[-71.858922,41.068882],[-71.858812,41.069044],[-71.858693,41.0692],[-71.858545,41.069341],[-71.858391,41.069479],[-71.85823,41.069614],[-71.858059,41.069743],[-71.857867,41.069861],[-71.857659,41.06997],[-71.857461,41.070085],[-71.856982,41.070269]]}},{"type":"Feature","id":2,"properties":{"Year_":2000,"Date_":"09/30/2000","Source":"lidar - USGS","Uncy":0.0,"RouteID":35,"Default_D":0,"reach":"north"},"geometry":{"type":"LineString","coordinates":[[-71.857818,41.073115],[-71.857654,41.072975],[-71.857524,41.072823],[-71.857162,41.072155],[-71.856895,41.071853],[-71.856598,41.071562]]}},{"type":"Feature","id":3,"properties":{"Year_":1892,"Date_":"06/01/1892","Source":"t2053","Uncy":10.8,"RouteID":0,"Default_D":0,"reach":"south_point"},"geometry":{"type":"LineString","coordinates":[[-71.984248,41.017607],[-71.984743,41.017354],[-71.98565,41.016962],[-71.986313,41.016681],[-71.986631,41.016523],[-71.986902,41.016392],[-71.987267,41.016252],[-71.988341,41.015887],[-71.99065,41.015093],[-71.991136,41.014915],[-71.991556,41.014775],[-71.99178,41.014719],[-71.992051,41.014616],[-71.992341,41.014541],[-71.992734,41.014383],[-71.993079,41.014242],[-71.993584,41.014056],[-71.994425,41.013728],[-71.995032,41.013448],[-71.995444,41.013271],[-71.996032,41.013084],[-71.996481,41.012887],[-71.998079,41.012299],[-72.000013,41.011588],[-72.000172,41.011542],[-72.000406,41.011458],[-72.000518,41.011401],[-72.00078,41.01128],[-72.001097,41.011121],[-72.001901,41.010822],[-72.002499,41.01056],[-72.00292,41.010411],[-72.003817,41.010056],[-72.004901,41.009589],[-72.005265,41.009495],[-72.00549,41.009402],[-72.00591,41.009187],[-72.00706,41.008719],[-72.007854,41.008364],[-72.008517,41.008093],[-72.008873,41.007972],[-72.00977,41.007635],[-72.010452,41.007411],[-72.011321,41.007056],[-72.011555,41.006991],[-72.011779,41.006916],[-72.012031,41.006794],[-72.012302,41.00671],[-72.013012,41.006477],[-72.014311,41.006019],[-72.015816,41.005458],[-72.016666,41.005178],[-72.017236,41.005],[-72.017479,41.004953],[-72.018349,41.004598],[-72.019087,41.004318],[-72.019339,41.004206],[-72.019573,41.004047],[-72.019947,41.003879],[-72.020956,41.003477],[-72.021638,41.003215],[-72.022171,41.003038],[-72.022554,41.002925],[-72.022825,41.002869],[-72.023227,41.002729],[-72.023629,41.00257],[-72.023909,41.002477],[-72.024311,41.002281],[-72.025012,41.001991],[-72.025806,41.001673],[-72.02661,41.001355],[-72.027647,41.000991],[-72.028067,41.000842],[-72.028637,41.000645],[-72.029552,41.000347],[-72.030356,41.000089],[-72.03056,41.0]]}},{"type":"Feature","id":4,"properties":{"Year_":1892,"Date_":"10/01/1892","Source":"t2106","Uncy":10.8,"RouteID":0,"Default_D":0,"reach":"south_point"},"geometry":{"type":"LineString","coordinates":[[-71.90671,41.084479],[-71.90639,41.084618],[-71.906112,41.084763],[-71.905906,41.08489],[-71.905641,41.085041],[-71.905354,41.085192],[-71.9052,41.085265],[-71.905069,41.085304],[-71.904923,41.085347],[-71.904795,41.085416],[-71.904614,41.08553],[-71.904233,41.085736],[-71.904058,41.08579],[-71.903895,41.08585],[-71.903726,41.085875],[-71.903593,41.085875],[-71.903424,41.085826],[-71.903224,41.085742],[-71.903013,41.085645],[-71.90279,41.085536],[-71.902584,41.085428],[-71.902439,41.085397],[-71.902228,41.085331],[-71.902113,41.085234],[-71.90201,41.085132],[-71.90192,41.084987],[-71.901799,41.084799],[-71.901696,41.084703],[-71.901624,41.084606],[-71.901509,41.084461],[-71.901467,41.08434],[-71.901394,41.084232],[-71.901286,41.084056],[-71.901201,41.083899],[-71.901135,41.08376],[-71.90111,41.083658],[-71.90108,41.083525],[-71.901038,41.083404],[-71.900959,41.083253],[-71.90082,41.083036],[-71.900639,41.082788],[-71.900488,41.082577],[-71.900319,41.082413],[-71.900198,41.082232],[-71.899902,41.081852],[-71.899649,41.08155],[-71.899467,41.081375],[-71.899347,41.081284],[-71.899203,41.081183],[-71.899146,41.081145],[-71.899045,41.081066],[-71.898924,41.08094],[-71.898851,41.080861],[-71.898743,41.080764],[-71.898537,41.080595],[-71.898277,41.080384],[-71.897909,41.080058],[-71.897667,41.079798],[-71.897359,41.079448],[-71.897142,41.079236],[-71.896955,41.079031],[-71.896791,41.078904],[-71.896653,41.078789],[-71.896489,41.078626],[-71.896363,41.078529],[-71.896212,41.078385],[-71.895885,41.078137],[-71.895583,41.07798],[-71.895257,41.077774],[-71.894853,41.077509],[-71.894623,41.077352],[-71.894424,41.077201],[-71.894188,41.076995],[-71.89394,41.076844],[-71.893644,41.076675],[-71.893348,41.076506],[-71.893185,41.076427],[-71.893077,41.076361],[-71.892932,41.076295],[-71.892678,41.076222],[-71.892255,41.076101],[-71.891887,41.075999],[-71.891482,41.075878],[-71.890987,41.075781],[-71.89066,41.075733],[-71.890395,41.075715],[-71.890159,41.075654],[-71.889905,41.075648],[-71.889531,41.075618],[-71.889108,41.075606],[-71.888631,41.075606],[-71.888353,41.0756],[-71.888166,41.0756],[-71.887979,41.07557],[-71.887779,41.075539],[-71.887588,41.075524],[-71.887405,41.075506],[-71.88729,41.075479],[-71.887192,41.075462],[-71.887072,41.075461],[-71.886988,41.075461],[-71.886801,41.075467],[-71.886529,41.075497],[-71.886293,41.075521],[-71.886015,41.075588],[-71.885713,41.075715],[-71.885429,41.075805],[-71.885121,41.07592],[-71.884813,41.076011],[-71.884469,41.076071],[-71.884203,41.076156],[-71.883895,41.076216],[-71.883611,41.076252],[-71.883352,41.076295],[-71.883086,41.076343],[-71.882748,41.076433],[-71.882307,41.076566],[-71.881968,41.076669],[-71.881721,41.076717],[-71.881437,41.076796],[-71.881159,41.07685],[-71.88099,41.076887],[-71.880803,41.076941],[-71.880621,41.076995],[-71.880362,41.077025],[-71.880005,41.077062],[-71.879643,41.077068],[-71.879323,41.077068],[-71.879039,41.07705],[-71.878809,41.077013],[-71.87864,41.076953],[-71.878435,41.076899],[-71.878235,41.07682],[-71.87806,41.076754],[-71.877867,41.076651],[-71.87768,41.076548],[-71.877564,41.076478],[-71.877527,41.076439],[-71.877485,41.076391],[-71.87744,41.076354],[-71.877317,41.07627],[-71.877154,41.076204],[-71.876882,41.076083],[-71.876707,41.076017],[-71.876496,41.075986],[-71.876278,41.07598],[-71.876019,41.075974],[-71.875771,41.075938],[-71.87562,41.075902],[-71.875463,41.075829],[-71.875276,41.075775],[-71.874931,41.075697],[-71.874647,41.075618],[-71.874267,41.075533],[-71.873923,41.075491],[-71.8735,41.075419],[-71.872992,41.075364],[-71.872582,41.07531],[-71.872263,41.075252],[-71.871995,41.075209],[-71.871726,41.075153],[-71.871577,41.075082],[-71.871478,41.075018],[-71.871365,41.07499],[-71.871166,41.074954],[-71.870848,41.074891],[-71.870423,41.07482],[-71.87002,41.074806],[-71.869609,41.074813],[-71.86922,41.074869],[-71.868823,41.074933],[-71.868335,41.075046],[-71.867995,41.07516],[-71.867811,41.075181],[-71.86762,41.075245],[-71.867308,41.07533],[-71.867012,41.075405],[-71.866853,41.07541],[-71.8667,41.075422],[-71.866594,41.075485],[-71.866516,41.075564],[-71.866424,41.075634],[-71.866325,41.075676],[-71.866211,41.075775],[-71.866112,41.075903],[-71.866048,41.076044],[-71.865978,41.076236],[-71.865928,41.076342],[-71.86585,41.076384],[-71.865733,41.076399],[-71.865468,41.076405],[-71.865185,41.076413],[-71.864987,41.076413],[-71.864803,41.07637],[-71.864484,41.076278],[-71.864328,41.076257],[-71.864151,41.076186],[-71.86401,41.076172],[-71.863812,41.076137],[-71.863642,41.076087],[-71.863359,41.075981],[-71.86309,41.075903],[-71.862821,41.075811],[-71.862552,41.075691],[-71.862339,41.075634],[-71.862028,41.075549],[-71.861745,41.07545],[-71.861539,41.075365],[-71.861334,41.075294],[-71.86127,41.075245],[-71.861164,41.075202],[-71.860966,41.075124],[-71.860803,41.075046],[-71.860718,41.075004],[-71.860485,41.074919],[-71.86023,41.074841],[-71.860003,41.074784],[-71.859727,41.074742],[-71.859409,41.074657],[-71.85926,41.0746],[-71.859218,41.074523],[-71.859182,41.074409],[-71.859126,41.074247],[-71.859027,41.07414],[-71.858892,41.074062],[-71.858722,41.074027],[-71.858623,41.073978],[-71.858503,41.073907],[-71.858382,41.073864],[-71.858135,41.073772],[-71.857936,41.073716],[-71.857696,41.073588],[-71.857568,41.073496],[-71.857519,41.073362],[-71.857455,41.073256],[-71.857271,41.073142],[-71.857137,41.073043],[-71.857002,41.07293],[-71.856917,41.07281],[-71.85691,41.072611],[-71.856938,41.072456],[-71.856995,41.072349],[-71.856967,41.072236],[-71.856882,41.072102],[-71.856811,41.071981],[-71.856648,41.071875],[-71.856485,41.071769],[-71.856294,41.071528],[-71.856146,41.071252],[-71.856046,41.071047],[-71.856018,41.070905],[-71.856039,41.070771],[-71.856124,41.070658],[-71.856209,41.070488],[-71.856259,41.070382],[-71.856252,41.070261],[-71.856252,41.070148],[-71.856315,41.070042],[-71.8564,41.06995],[-71.856521,41.069815],[-71.856691,41.06978],[-71.85691,41.069801],[-71.857115,41.069851],[-71.857328,41.069865],[-71.857455,41.069858],[-71.857561,41.069815],[-71.857788,41.069617],[-71.857986,41.069433],[-71.858144,41.069228],[-71.858236,41.069011],[-71.85833,41.068793],[-71.858425,41.068591],[-71.858538,41.068378],[-71.85863,41.068152],[-71.858708,41.06784],[-71.858779,41.067557],[-71.85885,41.067203],[-71.85892,41.067005],[-71.85892,41.066878],[-71.858977,41.066708],[-71.859069,41.066503],[-71.859175,41.066326],[-71.859281,41.066219],[-71.85948,41.06605],[-71.859713,41.065865],[-71.859862,41.065738],[-71.860046,41.065575],[-71.860195,41.065434],[-71.860343,41.065363],[-71.860598,41.06525],[-71.860754,41.065136],[-71.861164,41.064818],[-71.861405,41.064648],[-71.861554,41.064556],[-71.861702,41.064421],[-71.86183,41.064294],[-71.861992,41.064237],[-71.862177,41.064145],[-71.862325,41.064068],[-71.862481,41.063926],[-71.862637,41.063799],[-71.862707,41.063699],[-71.862814,41.063607],[-71.863111,41.063381],[-71.863649,41.063062],[-71.863974,41.062885],[-71.864215,41.0628],[-71.864335,41.062744],[-71.864435,41.062673],[-71.86459,41.062609],[-71.864774,41.062503],[-71.864923,41.062425],[-71.865086,41.062397],[-71.865192,41.062354],[-71.865298,41.06222],[-71.865383,41.062128],[-71.865518,41.061993],[-71.865702,41.061817],[-71.865879,41.06171],[-71.866034,41.06154],[-71.866155,41.061363],[-71.866211,41.061236],[-71.866233,41.061123],[-71.86619,41.06101],[-71.866098,41.060833],[-71.86607,41.060684],[-71.866091,41.060528],[-71.866176,41.060415],[-71.866275,41.060316],[-71.866317,41.060181],[-71.866317,41.060004],[-71.86641,41.059827],[-71.866544,41.05965],[-71.86665,41.059516],[-71.866693,41.059403],[-71.866714,41.059318],[-71.866827,41.059233],[-71.866919,41.059127],[-71.86699,41.058992],[-71.867103,41.058836],[-71.867188,41.058723],[-71.867358,41.058631],[-71.8675,41.058603],[-71.867684,41.058511],[-71.867981,41.058362],[-71.868314,41.058185],[-71.868484,41.058114],[-71.868625,41.058037],[-71.868795,41.057973],[-71.869043,41.057973],[-71.869368,41.057973],[-71.869588,41.05798],[-71.869751,41.057945],[-71.86997,41.057838],[-71.870197,41.05776],[-71.87043,41.057661],[-71.870586,41.057598],[-71.870678,41.057562],[-71.870883,41.057392],[-71.871067,41.057215],[-71.871237,41.057067],[-71.87135,41.056897],[-71.871464,41.05667],[-71.871591,41.056486],[-71.871733,41.056338],[-71.871867,41.056154],[-71.87198,41.05597],[-71.872058,41.055899],[-71.872157,41.055828],[-71.872299,41.05575],[-71.872455,41.055616],[-71.872547,41.055453],[-71.872632,41.055262],[-71.872738,41.055035],[-71.872816,41.054837],[-71.872908,41.054653],[-71.872964,41.054533],[-71.873042,41.054412],[-71.873127,41.054327],[-71.873219,41.054193],[-71.873254,41.054065],[-71.873247,41.053952],[-71.873219,41.053846],[-71.873155,41.053775],[-71.873141,41.053697],[-71.873177,41.053351],[-71.873198,41.053166],[-71.873262,41.052905],[-71.873311,41.052763],[-71.873318,41.052607],[-71.873354,41.052459],[-71.873446,41.05231],[-71.873502,41.052175],[-71.873559,41.052112],[-71.873686,41.052027],[-71.873778,41.052013],[-71.87387,41.051935],[-71.873941,41.051843],[-71.874047,41.051751],[-71.874182,41.051701],[-71.874415,41.051673],[-71.874599,41.051638],[-71.874883,41.051531],[-71.875116,41.051446],[-71.875343,41.051291],[-71.87559,41.051149],[-71.875831,41.050986],[-71.876065,41.050887],[-71.87627,41.050838],[-71.87656,41.050724],[-71.876957,41.050569],[-71.877119,41.050498],[-71.877268,41.050498],[-71.877431,41.050441],[-71.877601,41.050349],[-71.87782,41.050236],[-71.878125,41.05013],[-71.878386,41.050002],[-71.878613,41.049896],[-71.878875,41.049797],[-71.879024,41.049762],[-71.879208,41.049719],[-71.879547,41.049599],[-71.879859,41.0495],[-71.880128,41.049415],[-71.880461,41.049252],[-71.880807,41.049125],[-71.880956,41.04904],[-71.881147,41.048948],[-71.881374,41.048863],[-71.881579,41.04882],[-71.881954,41.048764],[-71.882237,41.048764],[-71.882605,41.048735],[-71.882747,41.048707],[-71.882903,41.048622],[-71.883087,41.048509],[-71.88332,41.048452],[-71.88366,41.048417],[-71.883872,41.048424],[-71.883986,41.048424],[-71.88417,41.048367],[-71.884403,41.048275],[-71.884594,41.048254],[-71.884828,41.048204],[-71.885012,41.048119],[-71.885231,41.048042],[-71.885352,41.047957],[-71.885493,41.047907],[-71.885713,41.047872],[-71.88589,41.047829],[-71.88613,41.047766],[-71.886414,41.047666],[-71.886619,41.047603],[-71.886923,41.047475],[-71.887093,41.047405],[-71.887305,41.047298],[-71.887454,41.047199],[-71.887574,41.047121],[-71.887744,41.047029],[-71.887872,41.046944],[-71.888042,41.046923],[-71.888204,41.046902],[-71.888466,41.046888],[-71.888636,41.046874],[-71.888905,41.04681],[-71.889153,41.046704],[-71.889649,41.046484],[-71.890109,41.046251],[-71.890463,41.04601],[-71.890703,41.04584],[-71.891085,41.04567],[-71.891312,41.045571],[-71.891616,41.045465],[-71.891878,41.045394],[-71.892147,41.045338],[-71.892353,41.045267],[-71.892501,41.04521],[-71.892728,41.045146],[-71.89306,41.045047],[-71.893237,41.045012],[-71.893535,41.044977],[-71.893966,41.045005],[-71.894143,41.045019],[-71.894427,41.045005],[-71.894646,41.044941],[-71.894979,41.044856],[-71.895226,41.044729],[-71.895503,41.044552],[-71.895729,41.044417],[-71.895927,41.04424],[-71.896083,41.044078],[-71.896309,41.043865],[-71.89655,41.043688],[-71.89672,41.04354],[-71.89689,41.043412],[-71.897017,41.043278],[-71.897244,41.043058],[-71.897477,41.042938],[-71.897753,41.042832],[-71.897902,41.042768],[-71.898072,41.042711],[-71.898242,41.042662],[-71.898504,41.042619],[-71.898674,41.042612],[-71.8989,41.042605],[-71.899205,41.042605],[-71.899495,41.042605],[-71.89975,41.04257],[-71.899969,41.042499],[-71.90021,41.042435],[-71.90045,41.042336],[-71.900705,41.042173],[-71.90096,41.041954],[-71.901172,41.041791],[-71.901392,41.041543],[-71.901477,41.041402],[-71.901519,41.041253],[-71.901618,41.041069],[-71.901725,41.040899],[-71.901859,41.040772],[-71.901986,41.040708],[-71.902171,41.040637],[-71.90234,41.040574],[-71.902588,41.040467],[-71.903112,41.040312],[-71.903615,41.040114],[-71.903947,41.039979],[-71.904308,41.039859],[-71.904669,41.039767],[-71.904917,41.03976],[-71.905236,41.039753],[-71.905462,41.039745],[-71.905618,41.039753],[-71.905689,41.039774],[-71.905816,41.039788],[-71.905993,41.039788],[-71.906241,41.039788],[-71.906382,41.039774],[-71.90651,41.039731],[-71.906715,41.039689],[-71.906956,41.039689],[-71.907182,41.039675],[-71.907416,41.039611],[-71.907564,41.039576],[-71.907862,41.039469],[-71.908223,41.039321],[-71.909263,41.038931],[-71.909546,41.038811],[-71.909738,41.038733],[-71.9099,41.038606],[-71.910035,41.038542],[-71.910268,41.038521],[-71.910467,41.038535],[-71.910594,41.038613],[-71.910736,41.038705],[-71.910863,41.038776],[-71.911026,41.03879],[-71.911281,41.038811],[-71.911684,41.038825],[-71.911981,41.038854],[-71.912307,41.038917],[-71.912604,41.038953],[-71.912859,41.03896],[-71.91305,41.038953],[-71.91327,41.03891],[-71.913518,41.038875],[-71.913815,41.038868],[-71.914027,41.038946],[-71.914218,41.039002],[-71.914473,41.03908],[-71.914636,41.039115],[-71.914969,41.039115],[-71.915846,41.039045],[-71.916377,41.03896],[-71.916682,41.038931],[-71.916965,41.038846],[-71.917651,41.038684],[-71.918239,41.038556],[-71.918968,41.038401],[-71.919294,41.038309],[-71.919449,41.038266],[-71.919563,41.038181],[-71.919697,41.038139],[-71.919909,41.038054],[-71.920065,41.037983],[-71.920334,41.037898],[-71.920915,41.037735],[-71.921799,41.037494],[-71.922628,41.037254],[-71.923173,41.037169],[-71.923527,41.037098],[-71.92376,41.037049],[-71.924234,41.036957],[-71.92485,41.036829],[-71.925268,41.03673],[-71.925516,41.036645],[-71.925728,41.036518],[-71.92604,41.036319],[-71.926393,41.036093],[-71.926655,41.03598],[-71.926839,41.035916],[-71.927172,41.035895],[-71.927554,41.035859],[-71.927845,41.035803],[-71.928184,41.035704],[-71.928482,41.035661],[-71.928715,41.035583],[-71.928921,41.035527],[-71.92931,41.035371],[-71.92977,41.035208],[-71.930173,41.035116],[-71.930803,41.034967],[-71.931207,41.034904],[-71.931865,41.034805],[-71.932141,41.034776],[-71.932368,41.03472],[-71.932771,41.034592],[-71.932962,41.034557],[-71.933118,41.034543],[-71.933578,41.034458],[-71.934498,41.034189],[-71.935042,41.034011],[-71.935235,41.033976],[-71.935666,41.033835],[-71.936523,41.03363],[-71.936962,41.033488],[-71.9375,41.033368],[-71.938031,41.033276],[-71.938731,41.033127],[-71.939163,41.033035],[-71.93951,41.032922],[-71.939843,41.03283],[-71.940168,41.032716],[-71.940334,41.03268],[-71.940615,41.03259],[-71.940859,41.032495],[-71.941028,41.032431],[-71.941278,41.032378],[-71.941728,41.032293],[-71.942184,41.032213],[-71.942402,41.032176],[-71.942614,41.032081],[-71.942842,41.032023],[-71.943245,41.031948],[-71.943818,41.031795],[-71.944253,41.031646],[-71.944539,41.031567],[-71.944825,41.031508],[-71.94508,41.03146],[-71.945345,41.031392],[-71.945494,41.031349],[-71.945649,41.031299],[-71.945881,41.031266],[-71.946119,41.031207],[-71.946305,41.03112],[-71.946497,41.031021],[-71.946809,41.030928],[-71.947279,41.030822],[-71.948194,41.03053],[-71.948943,41.030285],[-71.949546,41.030033],[-71.95009,41.029795],[-71.95076,41.02945],[-71.951475,41.029138],[-71.951721,41.029059],[-71.952039,41.029006],[-71.952503,41.028886],[-71.952934,41.028787],[-71.953464,41.028668],[-71.95412,41.028475],[-71.955161,41.028164],[-71.955625,41.027998],[-71.955963,41.027925],[-71.956845,41.027733],[-71.957468,41.027554],[-71.957879,41.027455],[-71.958091,41.027375],[-71.958449,41.027249],[-71.959039,41.027064],[-71.959576,41.026865],[-71.960192,41.026626],[-71.960491,41.02654],[-71.960723,41.02644],[-71.960955,41.026354],[-71.96112,41.026242],[-71.961677,41.02601],[-71.962254,41.025784],[-71.963069,41.025499],[-71.963533,41.025307],[-71.964117,41.025062],[-71.964448,41.024949],[-71.96464,41.024889],[-71.965011,41.02475],[-71.965462,41.024538],[-71.965973,41.024273],[-71.966536,41.024054],[-71.966907,41.023868],[-71.967318,41.023729],[-71.967928,41.02353],[-71.96877,41.023239],[-71.969201,41.023066],[-71.969532,41.022914],[-71.969831,41.022761],[-71.970242,41.022629],[-71.970507,41.022556],[-71.970885,41.02237],[-71.971262,41.022218],[-71.97166,41.022026],[-71.972071,41.021833],[-71.972429,41.021701],[-71.972668,41.021568],[-71.972959,41.021489],[-71.973304,41.021356],[-71.973848,41.021111],[-71.974345,41.020852],[-71.97469,41.020687],[-71.974995,41.020494],[-71.975319,41.020382],[-71.97571,41.020242],[-71.975976,41.020176],[-71.976201,41.020064],[-71.976678,41.019898],[-71.977242,41.019706],[-71.977911,41.019454],[-71.978282,41.019321],[-71.97874,41.019208],[-71.979164,41.019063],[-71.979747,41.018864],[-71.980225,41.018658],[-71.980914,41.01842],[-71.981378,41.018214],[-71.981995,41.017989],[-71.982366,41.017869],[-71.982644,41.017796],[-71.982856,41.017763],[-71.983095,41.01771],[-71.98342,41.017624],[-71.983764,41.017538],[-71.983893,41.017506]]}},{"type":"Feature","id":5,"properties":{"Year_":1933,"Date_":"07/01/1933","Source":"t5079","Uncy":10.8,"RouteID":0,"Default_D":1,"reach":"north"},"geometry":{"type":"LineString","coordinates":[[-71.90674,41.084642],[-71.906399,41.084825],[-71.906091,41.084958],[-71.905791,41.085066],[-71.905508,41.085216],[-71.90515,41.085341],[-71.904808,41.085416],[-71.904542,41.085474],[-71.904342,41.085516],[-71.904142,41.085533],[-71.903817,41.085508],[-71.903492,41.085533],[-71.903309,41.085549],[-71.903109,41.085591],[-71.902743,41.085624],[-71.902405,41.085613],[-71.902126,41.085574],[-71.901926,41.085483],[-71.901777,41.085333],[-71.901643,41.085141],[-71.901535,41.08495],[-71.901493,41.0848],[-71.901427,41.084642],[-71.901269,41.08435],[-71.901135,41.084017],[-71.90101,41.083759],[-71.900919,41.083584],[-71.900827,41.083276],[-71.900611,41.082751],[-71.900377,41.082343],[-71.900136,41.081902],[-71.899853,41.081544],[-71.899595,41.081227],[-71.89932,41.080877],[-71.899078,41.080661],[-71.898845,41.080436],[-71.89862,41.080169],[-71.89842,41.080044],[-71.898104,41.079761],[-71.897846,41.079511],[-71.897562,41.079212],[-71.897338,41.078978],[-71.897071,41.078687],[-71.896796,41.078387],[-71.89658,41.078146],[-71.896405,41.077979],[-71.896172,41.077821],[-71.895963,41.077696],[-71.89578,41.077596],[-71.895614,41.077488],[-71.895539,41.077354],[-71.895547,41.077238],[-71.89558,41.077105],[-71.895664,41.076946]]}},{"type":"Feature","id":6,"properties":{"Year_":1988,"Date_":"07/01/1988","Source":"NY Sea Grant","Uncy":3.2,"RouteID":0,"Default_D":1,"reach":"south_point"},"geometry":{"type":"LineString","coordinates":[[-72.03026,41.0],[-72.030022,41.000076],[-72.029732,41.000141],[-72.029434,41.000191],[-72.029114,41.000202],[-72.028793,41.000229],[-72.028503,41.000282],[-72.028229,41.000378],[-72.027977,41.000496],[-72.027718,41.00061],[-72.027451,41.000706],[-72.027184,41.000801],[-72.026917,41.0009],[-72.026642,41.000992],[-72.02636,41.001068],[-72.026093,41.00116],[-72.025818,41.001247],[-72.025558,41.001358],[-72.025299,41.001469],[-72.02504,41.001583],[-72.024803,41.001732],[-72.024574,41.001884],[-72.024345,41.002048],[-72.024109,41.00219],[-72.023857,41.002319],[-72.023613,41.002453],[-72.023369,41.002586],[-72.023117,41.002712],[-72.022881,41.002857],[-72.022636,41.002991],[-72.022377,41.003105],[-72.02211,41.003201],[-72.021835,41.003292],[-72.021545,41.003353],[-72.021263,41.003422],[-72.020996,41.003521],[-72.020744,41.003643],[-72.020508,41.003788],[-72.020264,41.003922],[-72.019997,41.004025],[-72.01973,41.00412],[-72.019447,41.004204],[-72.019157,41.004261],[-72.018852,41.004303],[-72.01857,41.004379],[-72.018311,41.00449],[-72.018059,41.004612],[-72.017807,41.004734],[-72.017532,41.004822],[-72.017258,41.00491],[-72.016991,41.005005],[-72.016716,41.005096],[-72.016441,41.005184],[-72.016151,41.005241],[-72.015862,41.005302],[-72.015572,41.005367],[-72.015305,41.005466],[-72.015038,41.005569],[-72.014778,41.005672],[-72.014511,41.005775],[-72.014267,41.005909],[-72.014023,41.006046],[-72.013786,41.006195],[-72.01355,41.00634],[-72.013306,41.006466],[-72.013046,41.006584],[-72.012794,41.006702],[-72.012527,41.006802],[-72.012245,41.006882],[-72.011971,41.006966],[-72.011688,41.007038],[-72.011406,41.007111],[-72.011147,41.007225],[-72.01091,41.00737],[-72.010666,41.007504],[-72.010422,41.007641],[-72.010162,41.007759],[-72.009903,41.007866],[-72.009636,41.007965],[-72.009369,41.00806],[-72.009094,41.008148],[-72.008812,41.008228],[-72.008514,41.008274],[-72.008194,41.008282],[-72.007896,41.008335],[-72.007629,41.008434],[-72.007385,41.008568],[-72.007118,41.008675],[-72.006828,41.008736],[-72.006523,41.008778],[-72.006241,41.00885],[-72.005974,41.008942],[-72.005707,41.009045],[-72.00544,41.009144],[-72.005173,41.009243],[-72.004913,41.00935],[-72.004654,41.009464],[-72.004402,41.009586],[-72.00415,41.009712],[-72.003899,41.009838],[-72.003647,41.00996],[-72.003395,41.010078],[-72.003151,41.01022],[-72.002914,41.010357],[-72.00267,41.010494],[-72.002426,41.010632],[-72.002182,41.010761],[-72.00193,41.010887],[-72.001678,41.011005],[-72.001419,41.011124],[-72.00116,41.011234],[-72.0009,41.011341],[-72.000641,41.011448],[-72.000374,41.011559],[-72.000114,41.011665],[-71.999855,41.011776],[-71.999596,41.011887],[-71.999336,41.011993],[-71.999069,41.012096],[-71.998802,41.012196],[-71.998543,41.012302],[-71.998276,41.012402],[-71.998009,41.012505],[-71.997742,41.012604],[-71.997475,41.012699],[-71.997208,41.012798],[-71.996941,41.012901],[-71.996674,41.013004],[-71.996407,41.013096],[-71.996132,41.013187],[-71.995865,41.013275],[-71.99559,41.013367],[-71.995316,41.013458],[-71.995049,41.01355],[-71.994766,41.013622],[-71.994469,41.013683],[-71.994186,41.013752],[-71.993896,41.013821],[-71.993622,41.013897],[-71.99334,41.013981],[-71.993073,41.014072],[-71.992798,41.01416],[-71.992523,41.014248],[-71.992249,41.014336],[-71.991974,41.01442],[-71.991707,41.014519],[-71.991432,41.014618],[-71.991165,41.014713],[-71.990898,41.014812],[-71.990631,41.014912],[-71.990364,41.015011],[-71.990097,41.01511],[-71.98983,41.015209],[-71.989563,41.015305],[-71.989296,41.0154],[-71.989029,41.015495],[-71.988754,41.015591],[-71.988495,41.015694],[-71.988228,41.015797],[-71.987968,41.015903],[-71.987701,41.016006],[-71.987434,41.016109],[-71.987175,41.01622],[-71.986916,41.016327],[-71.986656,41.016434],[-71.986389,41.016537],[-71.986122,41.01664],[-71.985863,41.01675],[-71.985611,41.016872],[-71.985359,41.016994],[-71.985107,41.017117],[-71.984856,41.017239],[-71.984604,41.017365],[-71.984352,41.017487],[-71.9841,41.017609],[-71.983849,41.017731],[-71.983597,41.017857],[-71.983337,41.017963],[-71.983078,41.018074],[-71.982819,41.018185],[-71.982559,41.018295],[-71.9823,41.018406],[-71.982033,41.018509],[-71.981766,41.018608],[-71.981499,41.018707],[-71.981239,41.018814],[-71.98098,41.018921],[-71.980713,41.01902],[-71.980446,41.019119],[-71.980179,41.019222],[-71.979919,41.019333],[-71.97966,41.019444],[-71.979385,41.019535],[-71.979118,41.019627],[-71.978844,41.019718],[-71.978561,41.019791],[-71.978279,41.019871],[-71.978012,41.019966],[-71.977745,41.020061],[-71.97747,41.020149],[-71.977196,41.020237],[-71.976921,41.020321],[-71.976639,41.020405],[-71.976364,41.020489],[-71.976089,41.020573],[-71.975807,41.020649],[-71.975533,41.020733],[-71.975258,41.020824],[-71.974991,41.020916],[-71.974724,41.021015],[-71.974457,41.021122],[-71.974213,41.021255],[-71.973969,41.021389],[-71.973724,41.021526],[-71.97348,41.02166],[-71.973236,41.021793],[-71.972977,41.021904],[-71.972717,41.022011],[-71.972458,41.022121],[-71.972198,41.022232],[-71.971939,41.022343],[-71.971664,41.02243],[-71.97139,41.022518],[-71.971123,41.022617],[-71.970856,41.02272],[-71.970581,41.022808],[-71.970306,41.022896],[-71.970032,41.022984],[-71.969765,41.023079],[-71.96949,41.023163],[-71.969208,41.023243],[-71.968933,41.023327],[-71.968658,41.023411],[-71.968384,41.023499],[-71.968117,41.023594],[-71.96785,41.023701],[-71.96759,41.023808],[-71.967323,41.023911],[-71.967064,41.024017],[-71.966805,41.024124],[-71.966545,41.024246],[-71.966293,41.024368],[-71.966042,41.02449],[-71.96579,41.024612],[-71.965538,41.024734],[-71.965286,41.024857],[-71.965027,41.024967],[-71.964767,41.025074],[-71.964493,41.025169],[-71.964226,41.025269],[-71.963959,41.025364],[-71.963699,41.025475],[-71.96344,41.025585],[-71.963173,41.025688],[-71.962906,41.025787],[-71.962639,41.025879],[-71.962364,41.025974],[-71.962097,41.02607],[-71.96183,41.026165],[-71.961563,41.02626],[-71.961288,41.026356],[-71.961014,41.026443],[-71.960747,41.026535],[-71.960472,41.026623],[-71.960197,41.026711],[-71.95993,41.026806],[-71.959656,41.026901],[-71.959389,41.026993],[-71.959114,41.027084],[-71.958839,41.027176],[-71.958572,41.027267],[-71.958298,41.027355],[-71.958023,41.027439],[-71.957741,41.027519],[-71.957466,41.027603],[-71.957184,41.027679],[-71.956902,41.027756],[-71.956627,41.027836],[-71.956345,41.02792],[-71.95607,41.028008],[-71.955803,41.028099],[-71.955528,41.028191],[-71.955261,41.028286],[-71.954987,41.028378],[-71.95472,41.028473],[-71.954453,41.028572],[-71.954185,41.028667],[-71.953903,41.028751],[-71.953636,41.028839],[-71.953362,41.028934],[-71.953094,41.02903],[-71.95282,41.029121],[-71.952545,41.029209],[-71.952271,41.029293],[-71.951996,41.029377],[-71.951714,41.029461],[-71.951439,41.029537],[-71.951157,41.029617],[-71.950882,41.029705],[-71.950607,41.029793],[-71.950333,41.029873],[-71.95005,41.029957],[-71.949783,41.030048],[-71.949509,41.030144],[-71.949234,41.030231],[-71.948967,41.030319],[-71.948692,41.030411],[-71.948425,41.030502],[-71.948151,41.030594],[-71.947884,41.030689],[-71.947609,41.030785],[-71.947334,41.030872],[-71.947052,41.030945],[-71.94677,41.031021],[-71.946487,41.031097],[-71.946205,41.031162],[-71.945915,41.031227],[-71.945625,41.031296],[-71.945343,41.031368],[-71.945068,41.031452],[-71.944794,41.03154],[-71.944519,41.031631],[-71.944252,41.031723],[-71.943977,41.031815],[-71.94371,41.03191],[-71.943443,41.032017],[-71.943176,41.032116],[-71.942909,41.032207],[-71.942635,41.032295],[-71.942352,41.032375],[-71.94207,41.032448],[-71.94178,41.032513],[-71.94149,41.032578],[-71.941216,41.032665],[-71.940956,41.032768],[-71.940674,41.032848],[-71.940392,41.032917]]}},{"type":"Feature","id":7,"properties":{"Year_":1988,"Date_":"07/01/1988","Source":"NY Sea Grant","Uncy":3.2,"RouteID":0,"Default_D":1,"reach":"south_point"},"geometry":{"type":"LineString","coordinates":[[-71.940392,41.032917],[-71.940094,41.03297],[-71.939796,41.033024],[-71.939514,41.033096],[-71.93924,41.03318],[-71.938965,41.033268],[-71.938675,41.033333],[-71.938385,41.033398],[-71.938103,41.033466],[-71.937813,41.033539],[-71.937538,41.033619],[-71.937256,41.033703],[-71.936981,41.033783],[-71.936699,41.033863],[-71.936432,41.033955],[-71.936172,41.034073],[-71.935921,41.034191],[-71.935654,41.034286],[-71.935371,41.034363],[-71.935066,41.034409],[-71.934769,41.034458],[-71.934486,41.034527],[-71.934219,41.034626],[-71.933952,41.034733],[-71.933678,41.034817],[-71.933395,41.034893],[-71.933105,41.034958],[-71.932823,41.035027],[-71.932541,41.035107],[-71.932259,41.035179],[-71.931961,41.035229],[-71.931648,41.035255],[-71.931328,41.035267],[-71.931007,41.035286],[-71.930702,41.03532],[-71.930397,41.035366],[-71.930107,41.035419],[-71.92981,41.035484],[-71.929535,41.035557],[-71.92926,41.035645],[-71.929001,41.035759],[-71.928726,41.035854],[-71.928444,41.035923],[-71.928131,41.03595],[-71.927811,41.035969],[-71.927505,41.036007],[-71.927216,41.036068],[-71.926933,41.036144],[-71.926659,41.036228],[-71.926384,41.03632],[-71.926117,41.036419],[-71.925865,41.036541],[-71.925606,41.036648],[-71.925339,41.036751],[-71.925072,41.03685],[-71.924797,41.036938],[-71.924522,41.037018],[-71.92424,41.037094],[-71.923958,41.03717],[-71.923676,41.037243],[-71.923386,41.037308],[-71.923103,41.037388],[-71.922821,41.03746],[-71.922554,41.037556],[-71.922279,41.03764],[-71.921997,41.03772],[-71.92173,41.037815],[-71.921455,41.03791],[-71.921188,41.038006],[-71.920921,41.038105],[-71.920654,41.038204],[-71.920395,41.038307],[-71.920128,41.038414],[-71.919868,41.038521],[-71.919609,41.038631],[-71.919342,41.038738],[-71.919083,41.038841],[-71.918808,41.038933],[-71.918533,41.039013],[-71.918251,41.039097],[-71.917976,41.039181],[-71.917694,41.039253],[-71.917404,41.039322],[-71.917114,41.039383],[-71.916817,41.039429],[-71.916512,41.039467],[-71.916214,41.03952],[-71.915909,41.039558],[-71.915596,41.039589],[-71.915283,41.039616],[-71.914955,41.039612],[-71.914619,41.039604],[-71.914261,41.039562],[-71.913742,41.039261],[-71.913429,41.039288],[-71.913116,41.039322],[-71.912811,41.039356],[-71.912506,41.039391],[-71.912193,41.039425],[-71.911888,41.039459],[-71.911568,41.039474],[-71.911247,41.039486],[-71.910919,41.039497],[-71.910583,41.039478],[-71.910233,41.039448],[-71.909897,41.039444],[-71.909592,41.039474],[-71.909294,41.039528],[-71.909012,41.039604],[-71.908737,41.039696],[-71.908485,41.039818],[-71.908234,41.039932],[-71.907967,41.040043],[-71.9077,41.040138],[-71.907425,41.040222],[-71.907143,41.040302],[-71.906853,41.040367],[-71.906555,41.040417],[-71.906242,41.040443],[-71.905891,41.040401],[-71.905518,41.040333],[-71.905151,41.040279],[-71.904823,41.040287],[-71.90451,41.040314],[-71.904205,41.040352],[-71.903915,41.040405],[-71.903625,41.04047],[-71.903336,41.040539],[-71.903053,41.040611],[-71.902794,41.040722],[-71.90255,41.040855],[-71.902321,41.041016],[-71.902138,41.041245],[-71.902008,41.041557],[-71.901848,41.041824],[-71.901657,41.042049],[-71.901451,41.04224],[-71.901222,41.042408],[-71.900986,41.042557],[-71.900749,41.042694],[-71.90049,41.042816],[-71.900238,41.042927],[-71.899971,41.04303],[-71.899689,41.043106],[-71.899399,41.043167],[-71.899071,41.043171],[-71.898727,41.043148],[-71.898384,41.043133],[-71.898079,41.043175],[-71.89782,41.043274],[-71.897568,41.043407],[-71.897331,41.043545],[-71.897087,41.043686],[-71.896858,41.043839],[-71.896622,41.043995],[-71.8964,41.044159],[-71.896179,41.044331],[-71.895958,41.044502],[-71.895737,41.044674],[-71.895508,41.044838],[-71.895279,41.044994],[-71.895035,41.045132],[-71.894783,41.04525],[-71.894516,41.045357],[-71.894234,41.045425],[-71.893929,41.045467],[-71.893608,41.045483],[-71.89328,41.045486],[-71.892975,41.045521],[-71.892708,41.04562],[-71.892471,41.045773],[-71.892242,41.045925],[-71.891991,41.046055],[-71.891747,41.046192],[-71.89151,41.046333],[-71.891258,41.046463],[-71.891006,41.046581],[-71.890762,41.046715],[-71.890518,41.046852],[-71.890282,41.046993],[-71.890022,41.047115],[-71.889755,41.047211],[-71.889473,41.047279],[-71.889175,41.047329],[-71.888863,41.047356],[-71.88855,41.047394],[-71.888268,41.047462],[-71.888016,41.047585],[-71.887779,41.047737],[-71.88755,41.047886],[-71.887306,41.048023],[-71.887047,41.048138],[-71.886765,41.04821],[-71.886475,41.048275],[-71.886177,41.048325],[-71.88588,41.048382],[-71.88559,41.048443],[-71.885307,41.048512],[-71.885025,41.048588],[-71.884743,41.048664],[-71.884468,41.048752],[-71.884209,41.048859],[-71.883957,41.048985],[-71.883713,41.049122],[-71.883446,41.049217],[-71.883148,41.049278],[-71.882843,41.049305],[-71.882515,41.04932],[-71.882202,41.049335],[-71.881897,41.049377],[-71.881607,41.049442],[-71.881317,41.049507],[-71.881035,41.04958],[-71.880753,41.049656],[-71.880463,41.049717],[-71.880173,41.049782],[-71.879898,41.049862],[-71.879623,41.049953],[-71.879356,41.05006],[-71.879097,41.050163],[-71.878838,41.050274],[-71.878578,41.050385],[-71.878311,41.050491],[-71.878052,41.050594],[-71.877777,41.050686],[-71.877495,41.050762],[-71.877213,41.050835],[-71.876945,41.05093],[-71.876671,41.051022],[-71.876404,41.051117],[-71.876144,41.051228],[-71.875885,41.051338],[-71.875626,41.051453],[-71.875366,41.051563],[-71.875114,41.051685],[-71.87487,41.051823],[-71.874634,41.051964],[-71.874405,41.052132],[-71.874191,41.052307],[-71.873985,41.052513],[-71.873825,41.052769],[-71.873665,41.053043],[-71.873512,41.053326],[-71.873459,41.053761],[-71.873474,41.054306],[-71.873383,41.05468],[-71.873268,41.055023],[-71.873123,41.055309],[-71.872948,41.055557],[-71.872726,41.055733],[-71.87249,41.055874],[-71.872261,41.056034],[-71.872047,41.056221],[-71.871834,41.056408],[-71.871628,41.056595],[-71.871422,41.056793],[-71.871223,41.056995],[-71.871025,41.057201],[-71.870827,41.057411],[-71.870621,41.05761],[-71.870407,41.057793],[-71.870178,41.057953],[-71.869934,41.05809],[-71.869675,41.058201],[-71.8694,41.058285],[-71.869125,41.058369],[-71.868843,41.058456],[-71.868568,41.058533],[-71.868301,41.058636],[-71.86805,41.058762],[-71.867805,41.058895],[-71.867592,41.059074],[-71.867393,41.05928],[-71.86721,41.059513],[-71.867035,41.059757],[-71.866852,41.05999],[-71.866684,41.060246],[-71.866539,41.060543],[-71.866409,41.060852],[-71.866333,41.061256],[-71.866249,41.061642],[-71.866066,41.061882],[-71.865891,41.062119],[-71.865677,41.062298],[-71.865456,41.062477],[-71.865234,41.062649],[-71.864983,41.062775],[-71.864731,41.062897],[-71.864479,41.063015],[-71.864227,41.063137],[-71.863953,41.063229],[-71.863686,41.063328],[-71.863426,41.063442],[-71.863174,41.06356],[-71.862923,41.063686],[-71.862679,41.063824],[-71.86245,41.06398],[-71.862228,41.064144],[-71.862,41.064312],[-71.861778,41.064476],[-71.861557,41.064648],[-71.861343,41.064842],[-71.861137,41.065037],[-71.860931,41.065231],[-71.860741,41.065445],[-71.86055,41.065662],[-71.860367,41.065899],[-71.860184,41.066135],[-71.860016,41.066391],[-71.859886,41.066704],[-71.859764,41.067028],[-71.859642,41.067364],[-71.859528,41.067692],[-71.85939,41.068001],[-71.859245,41.068291],[-71.859154,41.068665],[-71.859047,41.069019],[-71.858864,41.06926],[-71.858658,41.069447],[-71.858429,41.069611],[-71.8582,41.069771],[-71.857948,41.069897],[-71.857689,41.070007],[-71.857391,41.070053],[-71.857132,41.070171],[-71.856911,41.070335],[-71.856689,41.070503],[-71.856483,41.070702],[-71.856346,41.071003],[-71.857506,41.072842],[-71.85807,41.073215],[-71.858551,41.073452],[-71.858955,41.07357],[-71.85936,41.073689],[-71.859787,41.073845],[-71.860291,41.074108],[-71.861023,41.074753],[-71.861504,41.074989],[-71.861969,41.075199],[-71.862434,41.075413],[-71.862907,41.075642],[-71.863342,41.075806],[-71.863754,41.075935],[-71.864143,41.076027],[-71.864517,41.076103],[-71.864899,41.076183],[-71.865288,41.076279],[-71.865654,41.076332],[-71.865959,41.07629],[-71.866234,41.076202]]}},{"type":"Feature","id":8,"properties":{"Year_":1983,"Date_":"07/01/1983","Source":"NY Sea Grant","Uncy":3.2,"RouteID":0,"Default_D":1,"reach":"south_point"},"geometry":{"type":"LineString","coordinates":[[-72.030536,41.0],[-72.030334,41.000057],[-72.030037,41.000107],[-72.029747,41.000172],[-72.02948,41.000263],[-72.029205,41.000355],[-72.028938,41.000446],[-72.028664,41.000534],[-72.028389,41.000622],[-72.028114,41.00071],[-72.02784,41.000797],[-72.027565,41.000889],[-72.027283,41.000965],[-72.027,41.001038],[-72.026718,41.001106],[-72.026436,41.001179],[-72.026146,41.001251],[-72.025871,41.001328],[-72.025589,41.001404],[-72.025307,41.001484],[-72.02504,41.001575],[-72.024765,41.001671],[-72.024498,41.001766],[-72.024239,41.001873],[-72.023987,41.001999],[-72.023735,41.002121],[-72.023491,41.002254],[-72.023247,41.002392],[-72.023003,41.002525],[-72.022751,41.002651],[-72.022507,41.002781],[-72.022247,41.002895],[-72.021988,41.003002],[-72.021721,41.003109],[-72.021461,41.003212],[-72.021194,41.003319],[-72.020935,41.003426],[-72.020676,41.00354],[-72.020424,41.003658],[-72.020164,41.003769],[-72.019897,41.003876],[-72.019638,41.003983],[-72.019386,41.004097],[-72.019127,41.004215],[-72.01886,41.004314],[-72.018593,41.004414],[-72.018333,41.004524],[-72.018074,41.004631],[-72.017807,41.004738],[-72.017548,41.004841],[-72.017273,41.004932],[-72.016998,41.005016],[-72.016724,41.005108],[-72.016472,41.005219],[-72.016205,41.005329],[-72.015945,41.00544],[-72.015686,41.00555],[-72.015434,41.005672],[-72.015182,41.005791],[-72.014923,41.005905],[-72.014671,41.00602],[-72.01442,41.006142],[-72.014168,41.006264],[-72.013908,41.006386],[-72.013657,41.0065],[-72.01339,41.006599],[-72.013115,41.006695],[-72.012848,41.00679],[-72.012581,41.006889],[-72.012314,41.006985],[-72.012039,41.00708],[-72.011772,41.007172],[-72.011505,41.007271],[-72.011238,41.00737],[-72.010971,41.007469],[-72.010704,41.007568],[-72.010437,41.007668],[-72.01017,41.007763],[-72.009895,41.007858],[-72.009621,41.007938],[-72.009346,41.008022],[-72.009071,41.008114],[-72.008797,41.008202],[-72.008514,41.008278],[-72.00824,41.008354],[-72.007957,41.008434],[-72.007675,41.008514],[-72.007393,41.008591],[-72.007103,41.008652],[-72.006821,41.00872],[-72.006554,41.00882],[-72.006287,41.008923],[-72.00602,41.009022],[-72.005745,41.009106],[-72.00547,41.009186],[-72.005203,41.009293],[-72.004944,41.009396],[-72.004669,41.009495],[-72.004402,41.00959],[-72.004143,41.009693],[-72.003883,41.009808],[-72.003624,41.009922],[-72.003365,41.010036],[-72.003105,41.010147],[-72.002853,41.010258],[-72.002594,41.010372],[-72.002335,41.010487],[-72.002083,41.010605],[-72.001816,41.010712],[-72.001556,41.010818],[-72.001297,41.010933],[-72.001045,41.011051],[-72.000793,41.011169],[-72.000534,41.011292],[-72.000282,41.01141],[-72.000031,41.011532],[-71.999779,41.011654],[-71.999519,41.011768],[-71.99926,41.011875],[-71.999001,41.011986],[-71.998734,41.012081],[-71.998466,41.01218],[-71.998199,41.012283],[-71.99794,41.012394],[-71.997673,41.012497],[-71.997414,41.0126],[-71.997147,41.012699],[-71.99688,41.012802],[-71.996613,41.012905],[-71.996346,41.013004],[-71.996078,41.0131],[-71.995811,41.013199],[-71.995552,41.013306],[-71.995285,41.013405],[-71.995018,41.0135],[-71.994743,41.013596],[-71.994469,41.01368],[-71.994194,41.013763],[-71.993912,41.013847],[-71.993637,41.013931],[-71.993362,41.014015],[-71.993088,41.014099],[-71.992813,41.014187],[-71.992538,41.014275],[-71.992264,41.014362],[-71.991989,41.014446],[-71.991714,41.014538],[-71.991447,41.014629],[-71.991173,41.014725],[-71.990906,41.01482],[-71.990631,41.014912],[-71.990364,41.014999],[-71.990089,41.015095],[-71.98983,41.015202],[-71.989563,41.015305],[-71.989296,41.015408],[-71.989029,41.015503],[-71.988762,41.015602],[-71.988495,41.015701],[-71.988228,41.0158],[-71.987968,41.015907],[-71.987701,41.01601],[-71.987442,41.016117],[-71.98719,41.016235],[-71.986931,41.01635],[-71.986679,41.016468],[-71.98642,41.016582],[-71.98616,41.016697],[-71.985901,41.016811],[-71.985649,41.016933],[-71.985397,41.017056],[-71.985146,41.017181],[-71.984901,41.017303],[-71.98465,41.017429],[-71.98439,41.017548],[-71.984123,41.017639],[-71.983856,41.017738],[-71.983589,41.017841],[-71.983322,41.017941],[-71.983047,41.018028],[-71.98278,41.01812],[-71.982506,41.018211],[-71.982231,41.018303],[-71.981964,41.018398],[-71.981697,41.01849],[-71.981422,41.018585],[-71.981155,41.018681],[-71.980888,41.01878],[-71.980621,41.018887],[-71.980354,41.018982],[-71.98008,41.01907],[-71.979805,41.019157],[-71.979523,41.019226],[-71.979233,41.019295],[-71.978951,41.019367],[-71.978668,41.01944],[-71.978394,41.019527],[-71.978127,41.019623],[-71.977859,41.019726],[-71.9776,41.019836],[-71.977341,41.019943],[-71.977081,41.020054],[-71.976822,41.020168],[-71.976562,41.020279],[-71.976303,41.02039],[-71.976044,41.0205],[-71.975784,41.020607],[-71.975517,41.020714],[-71.975258,41.020821],[-71.974991,41.020927],[-71.974731,41.021038],[-71.97448,41.021149],[-71.97422,41.021267],[-71.973969,41.021389],[-71.973717,41.021511],[-71.973457,41.021622],[-71.97319,41.021725],[-71.972931,41.021832],[-71.972664,41.021935],[-71.972404,41.022038],[-71.972137,41.022144],[-71.971878,41.022247],[-71.971611,41.02235],[-71.971344,41.022453],[-71.971077,41.022549],[-71.97081,41.02264],[-71.970528,41.022724],[-71.970253,41.022812],[-71.969986,41.022907],[-71.969727,41.023014],[-71.969467,41.023125],[-71.9692,41.023228],[-71.968941,41.023335],[-71.968674,41.023441],[-71.968414,41.023552],[-71.968155,41.023663],[-71.967903,41.023781],[-71.967644,41.023895],[-71.967392,41.024021],[-71.967148,41.024151],[-71.966904,41.024284],[-71.966652,41.02441],[-71.966393,41.024525],[-71.966141,41.024643],[-71.965889,41.024765],[-71.965637,41.024887],[-71.965385,41.025009],[-71.965118,41.025108],[-71.964851,41.025208],[-71.964577,41.025299],[-71.964302,41.025391],[-71.964027,41.025471],[-71.963753,41.025555],[-71.96347,41.025631],[-71.963188,41.025707],[-71.962906,41.02578],[-71.962616,41.025848],[-71.962334,41.025917],[-71.962044,41.02599],[-71.961761,41.026062],[-71.961487,41.026138],[-71.961205,41.026222],[-71.96093,41.02631],[-71.960655,41.026394],[-71.960381,41.026482],[-71.960106,41.026573],[-71.959839,41.026665],[-71.959572,41.026764],[-71.959305,41.026859],[-71.959038,41.026958],[-71.958771,41.027058],[-71.958496,41.027153],[-71.958229,41.027245],[-71.957954,41.027336],[-71.95768,41.027424],[-71.957405,41.027508],[-71.95713,41.027596],[-71.956863,41.027691],[-71.956589,41.027786],[-71.956322,41.027878],[-71.956047,41.027969],[-71.95578,41.028065],[-71.955505,41.028152],[-71.955231,41.02824],[-71.954956,41.028328],[-71.954689,41.028423],[-71.954414,41.028515],[-71.95414,41.028603],[-71.953865,41.028687],[-71.953583,41.028767],[-71.953308,41.028847],[-71.953033,41.028931],[-71.952759,41.029018],[-71.952484,41.029106],[-71.952202,41.02919],[-71.951927,41.02927],[-71.951645,41.02935],[-71.95137,41.029438],[-71.951103,41.02953],[-71.950829,41.029621],[-71.950554,41.029713],[-71.950287,41.029808],[-71.95002,41.029907],[-71.949753,41.030006],[-71.949486,41.030102],[-71.949219,41.030201],[-71.948952,41.030296],[-71.948677,41.030388],[-71.94841,41.030483],[-71.948135,41.030575],[-71.947868,41.03067],[-71.947601,41.030769],[-71.947327,41.030861],[-71.94706,41.030952],[-71.946785,41.03104],[-71.94651,41.031124],[-71.946236,41.031212],[-71.945953,41.031288],[-71.945671,41.031368],[-71.945396,41.031448],[-71.945114,41.031528],[-71.944839,41.031616],[-71.944565,41.0317],[-71.94429,41.031784],[-71.944016,41.031868],[-71.943733,41.031956],[-71.943459,41.03204],[-71.943176,41.032116],[-71.942894,41.032192],[-71.942612,41.032265],[-71.942329,41.032337],[-71.942047,41.03241],[-71.941765,41.032482],[-71.941475,41.032555],[-71.941193,41.032619],[-71.940903,41.032688],[-71.940628,41.032772],[-71.940353,41.032856],[-71.940071,41.032936],[-71.939789,41.033016],[-71.939514,41.033096]]}},{"type":"Feature","id":9,"properties":{"Year_":1983,"Date_":"07/01/1983","Source":"NY Sea Grant","Uncy":3.2,"RouteID":0,"Default_D":1,"reach":"south_point"},"geometry":{"type":"LineString","coordinates":[[-71.939514,41.033096],[-71.93924,41.033184],[-71.938965,41.033272],[-71.93869,41.033356],[-71.938408,41.03344],[-71.938133,41.033516],[-71.937843,41.033585],[-71.937561,41.033661],[-71.937286,41.033741],[-71.937004,41.033825],[-71.936729,41.033909],[-71.936455,41.033989],[-71.936172,41.034073],[-71.935898,41.034153],[-71.935616,41.034229],[-71.935333,41.034306],[-71.935051,41.034386],[-71.934784,41.034473],[-71.934509,41.034565],[-71.934227,41.034649],[-71.933952,41.034725],[-71.93367,41.034801],[-71.933388,41.034878],[-71.933105,41.03495],[-71.932816,41.035019],[-71.932533,41.035088],[-71.932236,41.035145],[-71.931946,41.035202],[-71.931641,41.035244],[-71.931335,41.035282],[-71.931023,41.035313],[-71.930717,41.035343],[-71.930405,41.035381],[-71.930115,41.035442],[-71.929825,41.035507],[-71.929543,41.035576],[-71.929268,41.03566],[-71.928986,41.035744],[-71.928711,41.035824],[-71.928421,41.035889],[-71.928131,41.03595],[-71.927841,41.036011],[-71.927551,41.036072],[-71.927261,41.036137],[-71.926971,41.036201],[-71.926682,41.036263],[-71.926414,41.036358],[-71.92614,41.036457],[-71.925873,41.036552],[-71.925606,41.036648],[-71.925339,41.036743],[-71.925064,41.036835],[-71.924789,41.036919],[-71.924515,41.037003],[-71.924225,41.037075],[-71.923943,41.037144],[-71.923653,41.037212],[-71.92337,41.037281],[-71.923088,41.037357],[-71.922806,41.037437],[-71.922531,41.037518],[-71.922256,41.037605],[-71.921982,41.037697],[-71.921707,41.037785],[-71.92144,41.037876],[-71.921165,41.037971],[-71.920898,41.038063],[-71.920631,41.03817],[-71.920372,41.038277],[-71.920105,41.038383],[-71.919846,41.038486],[-71.919586,41.038593],[-71.919327,41.038708],[-71.919067,41.038822],[-71.9188,41.038921],[-71.918533,41.039021],[-71.918251,41.039097],[-71.917969,41.039165],[-71.917679,41.039234],[-71.917389,41.039299],[-71.917107,41.039364],[-71.916817,41.039429],[-71.916519,41.039486],[-71.916229,41.039539],[-71.915924,41.039581],[-71.915604,41.039597],[-71.915276,41.039597],[-71.91494,41.039597],[-71.914604,41.039585],[-71.914223,41.039505],[-71.913742,41.039261],[-71.913414,41.039261],[-71.913086,41.039265],[-71.912766,41.039288],[-71.912453,41.039314],[-71.912148,41.039345],[-71.911819,41.039352],[-71.911491,41.039356],[-71.911179,41.039383],[-71.910866,41.039406],[-71.91053,41.039402],[-71.910164,41.039345],[-71.909836,41.039345],[-71.909538,41.039391],[-71.909241,41.039452],[-71.908966,41.039532],[-71.908699,41.039639],[-71.908447,41.039757],[-71.908195,41.039879],[-71.907944,41.039997],[-71.907677,41.040104],[-71.907402,41.040192],[-71.90712,41.04026],[-71.906822,41.04031],[-71.906517,41.040352],[-71.906204,41.040379],[-71.905853,41.04034],[-71.905479,41.040272],[-71.905113,41.040218],[-71.90477,41.040203],[-71.904457,41.040226],[-71.90416,41.040276],[-71.90387,41.040337],[-71.903587,41.040409],[-71.903305,41.040485],[-71.90303,41.040573],[-71.902779,41.040695],[-71.902527,41.040821],[-71.902298,41.040985],[-71.902107,41.041203],[-71.901985,41.041519],[-71.901825,41.04179],[-71.901627,41.042004],[-71.901413,41.042179],[-71.901184,41.042347],[-71.900948,41.042488],[-71.900703,41.042625],[-71.900459,41.042755],[-71.900192,41.042854],[-71.899918,41.042946],[-71.899635,41.043022],[-71.899345,41.043087],[-71.899033,41.04311],[-71.898697,41.043098],[-71.898361,41.043087],[-71.898064,41.043148],[-71.897804,41.043251],[-71.897545,41.043369],[-71.897293,41.043491],[-71.897057,41.04364],[-71.89682,41.043789],[-71.896591,41.043945],[-71.896362,41.044106],[-71.896141,41.04427],[-71.895912,41.044437],[-71.895699,41.044617],[-71.895477,41.044788],[-71.895248,41.044949],[-71.895004,41.045078],[-71.894737,41.045185],[-71.894463,41.045269],[-71.89418,41.045338],[-71.893867,41.045368],[-71.893547,41.04538],[-71.893211,41.045376],[-71.892914,41.045425],[-71.89267,41.045559],[-71.892433,41.045708],[-71.892197,41.04586],[-71.89196,41.045998],[-71.891716,41.046139],[-71.891464,41.046265],[-71.891212,41.046391],[-71.890968,41.046524],[-71.890732,41.046665],[-71.890488,41.046799],[-71.890236,41.046925],[-71.889977,41.047031],[-71.889709,41.047134],[-71.889435,41.047222],[-71.889145,41.047279],[-71.88884,41.047325],[-71.888535,41.047359],[-71.888252,41.047436],[-71.887978,41.047531],[-71.887749,41.047688],[-71.887512,41.047832],[-71.887253,41.047947],[-71.886986,41.048042],[-71.886703,41.048119],[-71.886421,41.048191],[-71.886124,41.048241],[-71.885834,41.048298],[-71.885544,41.048367],[-71.885254,41.048435],[-71.884972,41.048504],[-71.884682,41.048573],[-71.884407,41.048653],[-71.88414,41.048752],[-71.883896,41.048889],[-71.883659,41.049034],[-71.883392,41.049145],[-71.88311,41.049217],[-71.882805,41.049252],[-71.882484,41.049263],[-71.882172,41.049294],[-71.881874,41.049339],[-71.881584,41.049404],[-71.881294,41.049473],[-71.881004,41.04953],[-71.880714,41.049591],[-71.880425,41.049664],[-71.88015,41.049747],[-71.879875,41.049828],[-71.879585,41.0499],[-71.879303,41.049969],[-71.879028,41.050053],[-71.878761,41.050152],[-71.878494,41.050251],[-71.87822,41.050346],[-71.877953,41.050446],[-71.877686,41.050545],[-71.877419,41.050636],[-71.877144,41.050728],[-71.876862,41.0508],[-71.876579,41.05088],[-71.876312,41.05098],[-71.876053,41.051079],[-71.875793,41.051197],[-71.875542,41.051315],[-71.875282,41.051437],[-71.875031,41.051559],[-71.874779,41.051682],[-71.87455,41.051834],[-71.874321,41.051998],[-71.874123,41.052212],[-71.87394,41.052437],[-71.873772,41.052685],[-71.873611,41.052959],[-71.873482,41.053268],[-71.873459,41.053764],[-71.873444,41.054253],[-71.873344,41.054619],[-71.873245,41.054989],[-71.873108,41.055286],[-71.87291,41.0555],[-71.872696,41.055679],[-71.872459,41.055832],[-71.872238,41.055996],[-71.872025,41.056183],[-71.871819,41.056385],[-71.871628,41.056595],[-71.871414,41.056778],[-71.871185,41.056946],[-71.870972,41.057129],[-71.870766,41.057323],[-71.870567,41.057522],[-71.870354,41.057713],[-71.870132,41.057888],[-71.869904,41.058041],[-71.869652,41.058167],[-71.869377,41.058247],[-71.869087,41.058319],[-71.868805,41.058388],[-71.868538,41.058483],[-71.868271,41.058582],[-71.868004,41.058685],[-71.867767,41.05883],[-71.867538,41.058998],[-71.86734,41.0592],[-71.867157,41.059437],[-71.866982,41.059673],[-71.866806,41.059914],[-71.866631,41.060158],[-71.86647,41.060429],[-71.866333,41.060738],[-71.866241,41.061115],[-71.866165,41.061512],[-71.866028,41.061821],[-71.865822,41.062016],[-71.865608,41.062199],[-71.865387,41.06237],[-71.865158,41.062531],[-71.864929,41.062679],[-71.864685,41.06282],[-71.864426,41.062939],[-71.864159,41.063034],[-71.863892,41.063129],[-71.863632,41.06324],[-71.86338,41.063362],[-71.863129,41.063484],[-71.862877,41.06361],[-71.86264,41.063759],[-71.862404,41.063911],[-71.862175,41.064068],[-71.861954,41.064236],[-71.86174,41.064423],[-71.861526,41.064598],[-71.861305,41.064774],[-71.861092,41.064957],[-71.860886,41.065151],[-71.860687,41.065361],[-71.860497,41.065582],[-71.860313,41.065811],[-71.860138,41.066055],[-71.85997,41.066315],[-71.85984,41.066635],[-71.859711,41.066948],[-71.859596,41.067284],[-71.859474,41.067612],[-71.859344,41.067928],[-71.85923,41.068272],[-71.859131,41.068634],[-71.859009,41.06897],[-71.858856,41.069244],[-71.858673,41.069473],[-71.858452,41.069649],[-71.858223,41.069801],[-71.857979,41.069942],[-71.857704,41.07003],[-71.857407,41.070084],[-71.85714,41.070179],[-71.856911,41.070335],[-71.856689,41.070511],[-71.856483,41.070702],[-71.856331,41.07098],[-71.857567,41.072937],[-71.858093,41.07325],[-71.858566,41.073471],[-71.858963,41.073578],[-71.859428,41.073788],[-71.860062,41.074272],[-71.860603,41.074604],[-71.861031,41.074768],[-71.861473,41.074936],[-71.861916,41.075115],[-71.862389,41.07534],[-71.862854,41.075562],[-71.863297,41.075737],[-71.863716,41.075871],[-71.864105,41.07597],[-71.864479,41.076042],[-71.864853,41.076111],[-71.865234,41.076195],[-71.865593,41.076233],[-71.865891,41.076187],[-71.866165,41.076092],[-71.866447,41.076023],[-71.866753,41.075989]]}},{"type":"Feature","id":10,"properties":{"Year_":1979,"Date_":"07/01/1979","Source":"NY Sea Grant","Uncy":5.1,"RouteID":0,"Default_D":1,"reach":"south_point"},"geometry":{"type":"LineString","coordinates":[[-72.029786,41.0],[-72.029655,41.000027],[-72.029381,41.000107],[-72.029129,41.000233],[-72.028893,41.000378],[-72.028641,41.000504],[-72.028397,41.000633],[-72.02813,41.000732],[-72.027847,41.000809],[-72.027573,41.000893],[-72.02729,41.000977],[-72.027016,41.001064],[-72.026749,41.001156],[-72.026474,41.001244],[-72.026199,41.001331],[-72.025932,41.001427],[-72.025665,41.001534],[-72.025414,41.001652],[-72.025154,41.001762],[-72.02491,41.001896],[-72.024658,41.002026],[-72.024406,41.00214],[-72.024162,41.002277],[-72.023926,41.002419],[-72.023666,41.002537],[-72.023407,41.002644],[-72.023125,41.002716],[-72.022835,41.002789],[-72.022552,41.002857],[-72.022255,41.002914],[-72.021973,41.002987],[-72.021721,41.003109],[-72.0215,41.003269],[-72.021248,41.003403],[-72.020988,41.003513],[-72.020721,41.003609],[-72.020447,41.0037],[-72.020172,41.00378],[-72.01989,41.003857],[-72.019623,41.003956],[-72.019363,41.004066],[-72.019104,41.004177],[-72.01886,41.004311],[-72.018593,41.004414],[-72.018303,41.004475],[-72.018021,41.004543],[-72.017738,41.004623],[-72.017464,41.004707],[-72.017204,41.004822],[-72.01696,41.004951],[-72.016701,41.00507],[-72.016411,41.005123],[-72.016136,41.005211],[-72.015884,41.005344],[-72.015633,41.005459],[-72.015373,41.005569],[-72.015106,41.005672],[-72.014839,41.005772],[-72.014565,41.005856],[-72.014297,41.005955],[-72.014023,41.006046],[-72.013748,41.006123],[-72.013443,41.006172],[-72.013161,41.006241],[-72.012894,41.00634],[-72.012665,41.006504],[-72.012436,41.006657],[-72.012161,41.006748],[-72.011879,41.006821],[-72.011635,41.006954],[-72.011368,41.007053],[-72.011086,41.007133],[-72.010834,41.007256],[-72.010582,41.007374],[-72.0103,41.007454],[-72.010033,41.007542],[-72.009789,41.007679],[-72.009537,41.007809],[-72.009293,41.007935],[-72.009018,41.008026],[-72.008736,41.008102],[-72.008446,41.008163],[-72.008186,41.008274],[-72.007935,41.0084],[-72.00769,41.00853],[-72.007423,41.008633],[-72.007164,41.008743],[-72.006874,41.008812],[-72.006584,41.008865],[-72.00631,41.008953],[-72.006058,41.009075],[-72.005821,41.009228],[-72.005562,41.009331],[-72.005302,41.009453],[-72.005058,41.009579],[-72.004784,41.009674],[-72.004539,41.009808],[-72.004272,41.009903],[-72.004021,41.010029],[-72.003769,41.010151],[-72.003517,41.010265],[-72.003258,41.010376],[-72.003014,41.010513],[-72.002769,41.010651],[-72.002495,41.010738],[-72.00222,41.01083],[-72.001961,41.010929],[-72.001686,41.011021],[-72.001419,41.011116],[-72.001144,41.011211],[-72.000877,41.011311],[-72.000633,41.011436],[-72.000366,41.011539],[-72.000099,41.011635],[-71.999825,41.011723],[-71.99955,41.011818],[-71.999268,41.011894],[-71.999023,41.012028],[-71.998764,41.012135],[-71.998505,41.012249],[-71.998222,41.012318],[-71.997932,41.012383],[-71.99765,41.012455],[-71.997406,41.012592],[-71.997147,41.012711],[-71.99688,41.012806],[-71.996605,41.01289],[-71.99633,41.012974],[-71.996056,41.013062],[-71.995804,41.013184],[-71.995544,41.013294],[-71.9953,41.013432],[-71.995026,41.013515],[-71.994766,41.013626],[-71.994499,41.013729],[-71.994217,41.013805],[-71.993942,41.013889],[-71.99366,41.013958],[-71.993385,41.01405],[-71.993126,41.014156],[-71.992859,41.014256],[-71.992592,41.014359],[-71.992325,41.014462],[-71.99205,41.014549],[-71.991783,41.014645],[-71.991508,41.014729],[-71.991272,41.014877],[-71.991028,41.015011],[-71.990761,41.015106],[-71.990463,41.015163],[-71.990173,41.015224],[-71.989914,41.015331],[-71.989655,41.015446],[-71.989395,41.015553],[-71.989128,41.015652],[-71.988869,41.015766],[-71.988609,41.015873],[-71.988327,41.015953],[-71.988068,41.016064],[-71.987808,41.016171],[-71.987541,41.016277],[-71.987274,41.016376],[-71.987015,41.016483],[-71.986755,41.01659],[-71.986496,41.016701],[-71.986229,41.016804],[-71.98597,41.016914],[-71.985725,41.017044],[-71.985474,41.017166],[-71.985214,41.017288],[-71.984955,41.017399],[-71.984695,41.017506],[-71.984406,41.01757],[-71.984161,41.017708],[-71.983887,41.017792],[-71.983597,41.017853],[-71.98333,41.017948],[-71.983055,41.01804],[-71.982773,41.018108],[-71.982513,41.018227],[-71.982239,41.018311],[-71.981979,41.018417],[-71.981705,41.018509],[-71.98143,41.018597],[-71.981163,41.018696],[-71.980911,41.018818],[-71.980644,41.018909],[-71.980339,41.018959],[-71.980103,41.019096],[-71.979843,41.019211],[-71.979576,41.019314],[-71.979309,41.019413],[-71.979034,41.019501],[-71.978775,41.019608],[-71.978462,41.019638],[-71.978188,41.019714],[-71.977913,41.019806],[-71.977631,41.019878],[-71.977364,41.019985],[-71.977104,41.020092],[-71.976845,41.02021],[-71.976585,41.020309],[-71.976326,41.020428],[-71.976082,41.020565],[-71.975845,41.020706],[-71.975586,41.020817],[-71.975296,41.020882],[-71.975014,41.020958],[-71.974754,41.021065],[-71.974495,41.021175],[-71.974236,41.021294],[-71.973984,41.021408],[-71.973701,41.021484],[-71.973434,41.021591],[-71.97319,41.021725],[-71.972923,41.02182],[-71.972664,41.021927],[-71.972404,41.022038],[-71.972153,41.022163],[-71.971878,41.022255],[-71.971611,41.02235],[-71.971344,41.022446],[-71.971069,41.022537],[-71.970802,41.022636],[-71.970535,41.022732],[-71.970276,41.022842],[-71.970016,41.022961],[-71.969765,41.023079],[-71.969521,41.023209],[-71.969269,41.023338],[-71.969009,41.023453],[-71.96875,41.023556],[-71.968491,41.023666],[-71.968224,41.023769],[-71.967941,41.023838],[-71.967667,41.02393],[-71.967392,41.024017],[-71.967117,41.024097],[-71.966843,41.024193],[-71.966583,41.0243],[-71.966309,41.024391],[-71.966042,41.024487],[-71.965775,41.024586],[-71.965492,41.024666],[-71.965233,41.024776],[-71.964973,41.024887],[-71.964706,41.024986],[-71.964447,41.025093],[-71.964188,41.0252],[-71.963921,41.025299],[-71.963661,41.02541],[-71.963402,41.025524],[-71.963142,41.025631],[-71.962883,41.025745],[-71.962608,41.025837],[-71.962357,41.025951],[-71.962074,41.026031],[-71.9618,41.026123],[-71.961533,41.026215],[-71.961258,41.026306],[-71.960999,41.026417],[-71.960739,41.026524],[-71.960472,41.026623],[-71.960197,41.026711],[-71.959923,41.026794],[-71.959656,41.026894],[-71.959389,41.026997],[-71.959114,41.027081],[-71.958839,41.027172],[-71.958572,41.027264],[-71.958298,41.027355],[-71.958015,41.027435],[-71.957741,41.027523],[-71.957474,41.027615],[-71.957191,41.027691],[-71.956924,41.027794],[-71.95665,41.027874],[-71.956352,41.027935],[-71.956078,41.028019],[-71.955803,41.028099],[-71.955528,41.028194],[-71.955254,41.028282],[-71.954979,41.028362],[-71.954712,41.028458],[-71.954437,41.028553],[-71.954163,41.028637],[-71.95388,41.028709],[-71.953613,41.028805],[-71.953339,41.028896],[-71.953049,41.028957],[-71.952774,41.029041],[-71.952499,41.029137],[-71.952232,41.029228],[-71.951958,41.02932],[-71.951691,41.029411],[-71.951401,41.02948],[-71.951126,41.029568],[-71.950836,41.029633],[-71.950577,41.029739],[-71.950302,41.029823],[-71.95002,41.029903],[-71.949738,41.029984],[-71.949471,41.030075],[-71.949203,41.030174],[-71.948936,41.030277],[-71.948662,41.030361],[-71.948387,41.030445],[-71.948097,41.030514],[-71.947823,41.030598],[-71.947548,41.030685],[-71.947243,41.030727],[-71.946953,41.030788],[-71.946671,41.030865],[-71.946396,41.030945],[-71.946114,41.031025],[-71.945808,41.031067],[-71.945526,41.031136],[-71.945267,41.031246],[-71.945,41.031345],[-71.944725,41.031433],[-71.944458,41.031528],[-71.94416,41.03159],[-71.943878,41.031662],[-71.943604,41.031742],[-71.943329,41.031834],[-71.943039,41.031891],[-71.942757,41.031967],[-71.94249,41.032063],[-71.94223,41.032181],[-71.941978,41.032307],[-71.941681,41.03236],[-71.941406,41.032436],[-71.941124,41.032516],[-71.940842,41.032589]]}},{"type":"Feature","id":11,"properties":{"Year_":1979,"Date_":"07/01/1979","Source":"NY Sea Grant","Uncy":5.1,"RouteID":0,"Default_D":1,"reach":"south_point"},"geometry":{"type":"LineString","coordinates":[[-71.940842,41.032589],[-71.940575,41.032684],[-71.940292,41.032764],[-71.939995,41.032814],[-71.939697,41.032864],[-71.9394,41.032921],[-71.939125,41.032997],[-71.93885,41.033089],[-71.938568,41.033165],[-71.938271,41.033222],[-71.937973,41.033264],[-71.937698,41.03336],[-71.937401,41.033405],[-71.937134,41.033501],[-71.936867,41.033604],[-71.9366,41.033699],[-71.936325,41.033787],[-71.936073,41.033913],[-71.935829,41.034042],[-71.935555,41.034138],[-71.935257,41.034191],[-71.934959,41.034241],[-71.934677,41.034317],[-71.934402,41.034393],[-71.93412,41.034481],[-71.933853,41.034573],[-71.933578,41.034664],[-71.933266,41.034683],[-71.932961,41.034725],[-71.932663,41.034782],[-71.932381,41.034851],[-71.932076,41.034893],[-71.931763,41.034916],[-71.931465,41.034969],[-71.931183,41.035049],[-71.930908,41.035133],[-71.930641,41.035233],[-71.930351,41.035286],[-71.930054,41.035339],[-71.929764,41.035404],[-71.929497,41.0355],[-71.92923,41.035599],[-71.928947,41.035683],[-71.928673,41.035759],[-71.928383,41.035828],[-71.928085,41.035885],[-71.927788,41.035934],[-71.927483,41.035969],[-71.9272,41.036049],[-71.926918,41.036114],[-71.926643,41.036201],[-71.926361,41.036282],[-71.926094,41.036385],[-71.925827,41.03648],[-71.925568,41.036591],[-71.925316,41.036716],[-71.925034,41.036793],[-71.924751,41.036865],[-71.924477,41.036942],[-71.924202,41.037029],[-71.923935,41.037136],[-71.923645,41.037201],[-71.923363,41.037277],[-71.92308,41.03735],[-71.922798,41.037422],[-71.922523,41.037506],[-71.922249,41.037594],[-71.921982,41.037689],[-71.9217,41.037773],[-71.92141,41.037827],[-71.921097,41.037865],[-71.920822,41.037952],[-71.920563,41.038055],[-71.920319,41.038189],[-71.920074,41.038326],[-71.919792,41.038406],[-71.919525,41.038502],[-71.919266,41.038612],[-71.918999,41.038715],[-71.918732,41.038811],[-71.918457,41.038902],[-71.918198,41.039009],[-71.917938,41.039116],[-71.917633,41.039162],[-71.917343,41.039219],[-71.91703,41.039253],[-71.916725,41.039284],[-71.916389,41.03928],[-71.916077,41.039307],[-71.915794,41.039383],[-71.915504,41.039444],[-71.915222,41.039513],[-71.914917,41.039555],[-71.914574,41.039532],[-71.914146,41.039387],[-71.913773,41.039307],[-71.913437,41.039299],[-71.913101,41.039291],[-71.912773,41.039291],[-71.912453,41.03931],[-71.912148,41.039345],[-71.911819,41.039356],[-71.911491,41.039356],[-71.911171,41.039368],[-71.910843,41.039375],[-71.910515,41.039375],[-71.910172,41.039352],[-71.909866,41.039394],[-71.909576,41.039452],[-71.909286,41.039516],[-71.908997,41.039581],[-71.908714,41.03965],[-71.90844,41.039745],[-71.908165,41.039833],[-71.907906,41.039944],[-71.907646,41.040047],[-71.907372,41.040134],[-71.907074,41.040195],[-71.906792,41.040264],[-71.906502,41.040333],[-71.906204,41.040382],[-71.905891,41.040405],[-71.905533,41.040359],[-71.90519,41.040333],[-71.904846,41.040321],[-71.904526,41.040329],[-71.904213,41.040359],[-71.903915,41.040409],[-71.903625,41.04047],[-71.903336,41.040535],[-71.903061,41.040627],[-71.902809,41.040741],[-71.902565,41.040886],[-71.902336,41.041042],[-71.902153,41.041271],[-71.902016,41.04158],[-71.901863,41.041855],[-71.901657,41.042046],[-71.901428,41.042206],[-71.901192,41.042351],[-71.90094,41.042473],[-71.900696,41.04261],[-71.900444,41.042732],[-71.900177,41.042839],[-71.89991,41.042938],[-71.899635,41.043022],[-71.899353,41.043095],[-71.899048,41.043133],[-71.898689,41.043087],[-71.898361,41.043098],[-71.898071,41.043156],[-71.897797,41.043247],[-71.897537,41.043354],[-71.897293,41.043488],[-71.897057,41.043636],[-71.896828,41.043793],[-71.896591,41.043949],[-71.89637,41.044109],[-71.896141,41.044273],[-71.895912,41.044437],[-71.895683,41.044594],[-71.895447,41.044739],[-71.895195,41.044868],[-71.894951,41.044998],[-71.894707,41.045132],[-71.89444,41.045235],[-71.894165,41.045315],[-71.89386,41.045364],[-71.893547,41.045383],[-71.893211,41.045372],[-71.892899,41.045406],[-71.892624,41.045494],[-71.892387,41.045631],[-71.892151,41.04578],[-71.891899,41.04591],[-71.891647,41.046032],[-71.891396,41.046154],[-71.891144,41.046268],[-71.890884,41.046387],[-71.890633,41.046513],[-71.890381,41.046635],[-71.890137,41.046768],[-71.889885,41.046894],[-71.889618,41.046989],[-71.889336,41.047066],[-71.889053,41.047142],[-71.888763,41.047207],[-71.888474,41.047264],[-71.888191,41.047344],[-71.887924,41.047443],[-71.887672,41.047565],[-71.887451,41.047729],[-71.887207,41.047867],[-71.886948,41.047981],[-71.886681,41.04808],[-71.886414,41.048172],[-71.886108,41.048222],[-71.885803,41.04826],[-71.885513,41.048325],[-71.885231,41.048389],[-71.884933,41.048447],[-71.884651,41.048523],[-71.884377,41.048603],[-71.884102,41.048695],[-71.883842,41.048809],[-71.883591,41.048931],[-71.883324,41.049034],[-71.883049,41.049114],[-71.882744,41.04916],[-71.882423,41.049168],[-71.882111,41.049191],[-71.881813,41.049248],[-71.881523,41.049313],[-71.881233,41.049374],[-71.880951,41.049446],[-71.880661,41.049515],[-71.880386,41.049591],[-71.880096,41.04966],[-71.879822,41.049751],[-71.879555,41.049843],[-71.879295,41.049957],[-71.879036,41.050068],[-71.878784,41.050194],[-71.878525,41.050308],[-71.878265,41.050411],[-71.878006,41.050526],[-71.877739,41.050617],[-71.877449,41.050682],[-71.877167,41.050766],[-71.876892,41.050846],[-71.876633,41.050957],[-71.876373,41.051067],[-71.876091,41.051151],[-71.875816,41.051239],[-71.87558,41.051376],[-71.875328,41.051498],[-71.875084,41.051636],[-71.874832,41.051762],[-71.874588,41.051899],[-71.874352,41.05204],[-71.874138,41.052231],[-71.873947,41.052444],[-71.873779,41.0527],[-71.873619,41.052971],[-71.873497,41.053299],[-71.873413,41.053692],[-71.873405,41.054199],[-71.873352,41.054626],[-71.87323,41.054962],[-71.873093,41.055264],[-71.872902,41.055485],[-71.872696,41.055679],[-71.872482,41.055866],[-71.872269,41.056049],[-71.872063,41.05624],[-71.871841,41.056419],[-71.871643,41.056618],[-71.871437,41.056816],[-71.871216,41.056992],[-71.871017,41.057198],[-71.870827,41.057411],[-71.870613,41.057594],[-71.870384,41.057762],[-71.870163,41.057926],[-71.869911,41.058052],[-71.869629,41.058132],[-71.869347,41.058205],[-71.869064,41.058273],[-71.86879,41.058369],[-71.86853,41.058483],[-71.868271,41.05859],[-71.868011,41.058701],[-71.867767,41.05883],[-71.867546,41.059006],[-71.867363,41.059235],[-71.867165,41.059448],[-71.866974,41.059666],[-71.866791,41.059898],[-71.866608,41.060131],[-71.86647,41.060432],[-71.866333,41.06073],[-71.866219,41.061073],[-71.866173,41.061523],[-71.86602,41.061806],[-71.865822,41.062012],[-71.865608,41.062199],[-71.865395,41.062382],[-71.865166,41.062534],[-71.864914,41.062664],[-71.86467,41.062794],[-71.864418,41.062916],[-71.864151,41.063023],[-71.863884,41.063118],[-71.863632,41.063248],[-71.863365,41.063339],[-71.863121,41.063477],[-71.862869,41.063599],[-71.86264,41.063755],[-71.862404,41.063904],[-71.862175,41.064064],[-71.861954,41.064232],[-71.861732,41.064411],[-71.861511,41.064579],[-71.86129,41.064751],[-71.861084,41.064945],[-71.860878,41.065147],[-71.86068,41.065346],[-71.860481,41.065556],[-71.860283,41.065765],[-71.8601,41.066002],[-71.85994,41.066273],[-71.85981,41.066582],[-71.85968,41.066895],[-71.85955,41.067219],[-71.859436,41.067551],[-71.859299,41.067856],[-71.859146,41.068134],[-71.859047,41.068501],[-71.858971,41.068909],[-71.85881,41.069172],[-71.85862,41.069386],[-71.858406,41.069569],[-71.858162,41.069714],[-71.857918,41.069839],[-71.857666,41.069969],[-71.857399,41.070072],[-71.85714,41.070175],[-71.856895,41.070316],[-71.856689,41.070507],[-71.856468,41.070679],[-71.856255,41.070869],[-71.856163,41.071239],[-71.85714,41.072788],[-71.857742,41.073212],[-71.858231,41.073463],[-71.85865,41.073605],[-71.859062,41.073734],[-71.859634,41.074116],[-71.860161,41.074432]]}},{"type":"Feature","id":12,"properties":{"Year_":1962,"Date_":"07/01/1962","Source":"NY Sea Grant","Uncy":5.1,"RouteID":0,"Default_D":1,"reach":"south_point"},"geometry":{"type":"LineString","coordinates":[[-72.030279,41.0],[-72.030037,41.000107],[-72.029778,41.000217],[-72.02951,41.000317],[-72.029251,41.000431],[-72.028999,41.000549],[-72.02874,41.000656],[-72.028473,41.000759],[-72.028206,41.000851],[-72.027924,41.000931],[-72.027649,41.001022],[-72.027397,41.001141],[-72.027145,41.001263],[-72.026886,41.001377],[-72.026634,41.001492],[-72.026382,41.001617],[-72.026138,41.001747],[-72.025887,41.001881],[-72.025635,41.001995],[-72.025368,41.002102],[-72.025108,41.002209],[-72.024834,41.0023],[-72.024574,41.002407],[-72.024315,41.002518],[-72.024055,41.002628],[-72.023796,41.002739],[-72.023529,41.002842],[-72.023254,41.002926],[-72.02298,41.003006],[-72.022697,41.003086],[-72.022423,41.00317],[-72.022148,41.003258],[-72.021873,41.003345],[-72.021606,41.003445],[-72.021347,41.003551],[-72.02108,41.003651],[-72.020805,41.003742],[-72.020531,41.003834],[-72.020271,41.003941],[-72.020012,41.004047],[-72.019745,41.004143],[-72.01947,41.004238],[-72.019196,41.004322],[-72.018913,41.004391],[-72.018639,41.004482],[-72.018356,41.004562],[-72.018074,41.004635],[-72.017799,41.004719],[-72.017532,41.004818],[-72.017265,41.004921],[-72.017006,41.005028],[-72.016747,41.005138],[-72.016479,41.005241],[-72.016212,41.005337],[-72.015938,41.005421],[-72.015663,41.005508],[-72.015388,41.005592],[-72.015114,41.005688],[-72.014847,41.005787],[-72.01458,41.005878],[-72.014313,41.005974],[-72.014046,41.006084],[-72.013786,41.006191],[-72.013527,41.006298],[-72.01326,41.006401],[-72.013,41.006512],[-72.012733,41.006611],[-72.012489,41.006741],[-72.012238,41.006866],[-72.011986,41.006985],[-72.011726,41.007099],[-72.011467,41.00721],[-72.011208,41.007317],[-72.010941,41.007423],[-72.010689,41.007542],[-72.010429,41.007648],[-72.01017,41.007763],[-72.009895,41.007851],[-72.009636,41.007969],[-72.009377,41.008072],[-72.009109,41.008175],[-72.008835,41.008259],[-72.00856,41.008343],[-72.008286,41.008434],[-72.008018,41.00853],[-72.007751,41.008625],[-72.007477,41.008717],[-72.007202,41.008808],[-72.006927,41.008896],[-72.00666,41.008991],[-72.006393,41.00909],[-72.006134,41.009197],[-72.005859,41.009289],[-72.005592,41.00938],[-72.005318,41.009468],[-72.005043,41.00956],[-72.004768,41.009651],[-72.004501,41.00975],[-72.00425,41.009869],[-72.003998,41.009995],[-72.003761,41.010132],[-72.00351,41.010254],[-72.00325,41.010365],[-72.002983,41.010468],[-72.002716,41.010567],[-72.002449,41.01067],[-72.00219,41.010773],[-72.001923,41.010872],[-72.001648,41.010967],[-72.001389,41.01107],[-72.001122,41.011173],[-72.000847,41.011257],[-72.000572,41.011349],[-72.000313,41.011452],[-72.000038,41.011551],[-71.999763,41.011635],[-71.999481,41.011707],[-71.999214,41.011799],[-71.998932,41.011875],[-71.99865,41.011951],[-71.998383,41.012058],[-71.998138,41.012184],[-71.997902,41.012337],[-71.997665,41.012486],[-71.997406,41.012596],[-71.997147,41.012703],[-71.996887,41.01281],[-71.996628,41.01292],[-71.996361,41.013027],[-71.996101,41.013134],[-71.995842,41.013248],[-71.995583,41.013359],[-71.995316,41.013458],[-71.995056,41.013565],[-71.994789,41.013668],[-71.994522,41.013767],[-71.994263,41.013878],[-71.994011,41.013996],[-71.993767,41.01413],[-71.993507,41.014244],[-71.99324,41.014339],[-71.992966,41.014423],[-71.992683,41.014507],[-71.992409,41.014591],[-71.992126,41.014664],[-71.991844,41.014736],[-71.991554,41.014809],[-71.99128,41.014885],[-71.991013,41.014992],[-71.990746,41.015087],[-71.990479,41.015186],[-71.990204,41.015278],[-71.989952,41.015392],[-71.989685,41.015495],[-71.989426,41.01561],[-71.989174,41.015732],[-71.988922,41.01585],[-71.98867,41.015976],[-71.988411,41.016079],[-71.988144,41.016186],[-71.987877,41.016289],[-71.987625,41.016399],[-71.987366,41.016514],[-71.987106,41.016624],[-71.986847,41.016735],[-71.986588,41.016853],[-71.986328,41.016956],[-71.986069,41.017067],[-71.985802,41.017166],[-71.985527,41.017258],[-71.98526,41.017353],[-71.984978,41.017429],[-71.984703,41.017517],[-71.984421,41.017593],[-71.984146,41.017681],[-71.983871,41.017765],[-71.983597,41.017857],[-71.983315,41.017929],[-71.98304,41.018009],[-71.982758,41.018093],[-71.982491,41.018185],[-71.982224,41.018291],[-71.981964,41.018398],[-71.981697,41.01849],[-71.98143,41.018597],[-71.981171,41.018703],[-71.980904,41.018803],[-71.980637,41.018906],[-71.980377,41.019009],[-71.98011,41.019119],[-71.979858,41.019234],[-71.979591,41.019341],[-71.979324,41.019428],[-71.979042,41.019516],[-71.978783,41.019615],[-71.978523,41.019726],[-71.978264,41.01984],[-71.978004,41.019947],[-71.977737,41.020046],[-71.977478,41.020164],[-71.977203,41.020252],[-71.976936,41.020348],[-71.976669,41.020451],[-71.976402,41.020542],[-71.976128,41.020638],[-71.975861,41.020733],[-71.975594,41.020832],[-71.975327,41.020927],[-71.975067,41.021034],[-71.974808,41.021156],[-71.974541,41.021252],[-71.974289,41.021366],[-71.974037,41.021492],[-71.973785,41.021622],[-71.973518,41.021725],[-71.973251,41.021824],[-71.972992,41.021927],[-71.97274,41.022049],[-71.972488,41.022175],[-71.972244,41.022305],[-71.971985,41.022419],[-71.971718,41.022518],[-71.971443,41.02261],[-71.971169,41.022694],[-71.970901,41.022793],[-71.970627,41.022877],[-71.970352,41.022961],[-71.970085,41.023067],[-71.969841,41.023197],[-71.969604,41.023342],[-71.969353,41.023468],[-71.969093,41.023575],[-71.968826,41.023674],[-71.968567,41.023785],[-71.968307,41.023899],[-71.968048,41.02401],[-71.967781,41.024113],[-71.967522,41.024227],[-71.967262,41.024326],[-71.966995,41.024429],[-71.966728,41.024529],[-71.966454,41.024624],[-71.966187,41.024715],[-71.965919,41.024807],[-71.965645,41.024899],[-71.965378,41.024998],[-71.965111,41.025097],[-71.964844,41.025204],[-71.964577,41.025303],[-71.96431,41.025398],[-71.96405,41.025509],[-71.963776,41.0256],[-71.963524,41.025711],[-71.963264,41.025822],[-71.96299,41.025909],[-71.962715,41.026005],[-71.962448,41.0261],[-71.962189,41.026207],[-71.961929,41.026325],[-71.96167,41.026428],[-71.961403,41.026527],[-71.961143,41.026642],[-71.960884,41.026752],[-71.960609,41.026844],[-71.96035,41.026947],[-71.960083,41.027046],[-71.959808,41.027138],[-71.959541,41.027237],[-71.959274,41.027332],[-71.959,41.027424],[-71.958733,41.027523],[-71.958458,41.027611],[-71.958191,41.027702],[-71.957916,41.027798],[-71.957642,41.027885],[-71.957367,41.027966],[-71.957092,41.028049],[-71.956818,41.028141],[-71.956535,41.028214],[-71.956253,41.028286],[-71.955971,41.02837],[-71.955696,41.028458],[-71.955429,41.028553],[-71.955162,41.028652],[-71.954887,41.028736],[-71.95462,41.028831],[-71.954338,41.028912],[-71.954063,41.029003],[-71.953781,41.029076],[-71.953506,41.02916],[-71.953224,41.02924],[-71.95295,41.029327],[-71.952675,41.029415],[-71.9524,41.029491],[-71.952118,41.029568],[-71.951836,41.029648],[-71.951561,41.029739],[-71.951286,41.029816],[-71.951012,41.029911],[-71.950745,41.030003],[-71.950478,41.030109],[-71.950203,41.030193],[-71.949951,41.030312],[-71.949692,41.030422],[-71.949409,41.030506],[-71.949142,41.030602],[-71.948883,41.030708],[-71.948601,41.030792],[-71.948326,41.030876],[-71.948051,41.030964],[-71.947762,41.031029],[-71.947479,41.031101],[-71.947182,41.031143],[-71.946884,41.031204],[-71.946594,41.031258],[-71.94632,41.031342],[-71.946037,41.031422],[-71.945732,41.031464],[-71.945442,41.031528],[-71.945145,41.031582],[-71.944862,41.031647],[-71.94458,41.031727],[-71.944305,41.031811],[-71.944046,41.031921],[-71.943779,41.032017],[-71.943504,41.032116],[-71.94323,41.0322],[-71.942963,41.032295],[-71.94268,41.032375],[-71.942406,41.032452],[-71.942116,41.03252],[-71.941849,41.032619],[-71.941566,41.032688],[-71.941277,41.032761],[-71.941017,41.032864],[-71.94075,41.032963],[-71.940468,41.033047],[-71.940193,41.033123]]}},{"type":"Feature","id":13,"properties":{"Year_":1962,"Date_":"07/01/1962","Source":"NY Sea Grant","Uncy":5.1,"RouteID":0,"Default_D":1,"reach":"south_point"},"geometry":{"type":"LineString","coordinates":[[-71.940193,41.033123],[-71.939896,41.033176],[-71.93959,41.033222],[-71.939293,41.033276],[-71.938995,41.033318],[-71.938705,41.033382],[-71.938408,41.033436],[-71.938103,41.033478],[-71.93782,41.033546],[-71.937546,41.03363],[-71.937263,41.033714],[-71.936989,41.033798],[-71.936722,41.033897],[-71.936455,41.033993],[-71.93618,41.034077],[-71.935921,41.034191],[-71.935669,41.034317],[-71.93541,41.034431],[-71.935127,41.034504],[-71.934845,41.034576],[-71.934563,41.034649],[-71.934273,41.03471],[-71.933983,41.034779],[-71.933693,41.034847],[-71.933395,41.034897],[-71.933083,41.03492],[-71.932777,41.034962],[-71.932503,41.035049],[-71.932228,41.035133],[-71.931915,41.03516],[-71.931595,41.035168],[-71.931259,41.03516],[-71.930931,41.035168],[-71.930618,41.035194],[-71.930305,41.035225],[-71.930008,41.035271],[-71.92971,41.035316],[-71.929436,41.035412],[-71.929169,41.035511],[-71.928925,41.035637],[-71.928658,41.03574],[-71.928368,41.035801],[-71.92807,41.035854],[-71.927765,41.035892],[-71.92746,41.035938],[-71.927193,41.03603],[-71.926903,41.036098],[-71.926613,41.036152],[-71.926315,41.036205],[-71.926064,41.036327],[-71.925797,41.03643],[-71.925529,41.03653],[-71.925262,41.036633],[-71.925018,41.036758],[-71.924736,41.036839],[-71.924454,41.036915],[-71.924187,41.037014],[-71.923912,41.037102],[-71.923622,41.037155],[-71.92334,41.037235],[-71.923058,41.037308],[-71.922783,41.037399],[-71.922516,41.037495],[-71.922234,41.037579],[-71.921967,41.03767],[-71.921684,41.03775],[-71.921425,41.037861],[-71.921173,41.037979],[-71.920929,41.038116],[-71.92067,41.038227],[-71.92041,41.038334],[-71.920143,41.038437],[-71.919884,41.038544],[-71.919617,41.038647],[-71.919357,41.038761],[-71.919083,41.038845],[-71.918808,41.038933],[-71.918541,41.039024],[-71.918251,41.039093],[-71.917953,41.039146],[-71.917664,41.039204],[-71.917374,41.039268],[-71.917076,41.039322],[-71.916779,41.039371],[-71.916473,41.03941],[-71.916161,41.03944],[-71.915863,41.039482],[-71.915565,41.039539],[-71.91526,41.039577],[-71.914917,41.039562],[-71.914574,41.039532],[-71.914192,41.039455],[-71.913788,41.039341],[-71.913437,41.039295],[-71.913071,41.039238],[-71.912743,41.039253],[-71.91243,41.03928],[-71.912125,41.039307],[-71.911797,41.039322],[-71.911484,41.039341],[-71.911156,41.039345],[-71.910812,41.039326],[-71.910439,41.039257],[-71.909988,41.039059],[-71.909676,41.039093],[-71.909401,41.039181],[-71.909126,41.039268],[-71.908882,41.039394],[-71.908607,41.039494],[-71.908356,41.039612],[-71.908096,41.039719],[-71.907837,41.039825],[-71.907578,41.03994],[-71.907303,41.040028],[-71.907028,41.040115],[-71.906746,41.040195],[-71.906448,41.040245],[-71.906136,41.040276],[-71.905777,41.040226],[-71.905403,41.04015],[-71.905037,41.040104],[-71.904724,41.040123],[-71.904411,41.040146],[-71.904091,41.040161],[-71.903793,41.040215],[-71.903511,41.040287],[-71.903244,41.040386],[-71.902969,41.040482],[-71.902718,41.0406],[-71.902481,41.040745],[-71.902252,41.040909],[-71.902039,41.041092],[-71.901871,41.041344],[-71.901711,41.041615],[-71.90155,41.041878],[-71.901352,41.042088],[-71.901123,41.042248],[-71.900879,41.042385],[-71.900627,41.042507],[-71.900375,41.042629],[-71.900116,41.042744],[-71.899857,41.04285],[-71.89959,41.042946],[-71.8993,41.043011],[-71.898979,41.04303],[-71.898636,41.043011],[-71.898323,41.043034],[-71.898041,41.043102],[-71.897751,41.043175],[-71.897491,41.043278],[-71.897247,41.043411],[-71.897003,41.043552],[-71.896767,41.043701],[-71.896545,41.043869],[-71.896309,41.044022],[-71.896088,41.044186],[-71.895859,41.044342],[-71.89563,41.044502],[-71.895393,41.044655],[-71.895172,41.044823],[-71.89492,41.044949],[-71.894669,41.045078],[-71.894409,41.045185],[-71.894119,41.045246],[-71.893814,41.045288],[-71.893501,41.045307],[-71.893181,41.04533],[-71.892876,41.045364],[-71.892601,41.045448],[-71.892357,41.045589],[-71.892151,41.04578],[-71.891907,41.045921],[-71.891647,41.046036],[-71.891396,41.04615],[-71.891136,41.046261],[-71.890884,41.046387],[-71.89064,41.046516],[-71.890381,41.046638],[-71.890129,41.046761],[-71.889885,41.046894],[-71.889626,41.047009],[-71.889351,41.047085],[-71.889046,41.047131],[-71.888741,41.047169],[-71.888451,41.047234],[-71.888176,41.047321],[-71.887932,41.047459],[-71.887703,41.047611],[-71.887466,41.04776],[-71.887215,41.047886],[-71.886955,41.047989],[-71.886681,41.048077],[-71.886391,41.048141],[-71.886108,41.048214],[-71.885826,41.04829],[-71.885551,41.048374],[-71.885254,41.048439],[-71.884949,41.048466],[-71.884651,41.048519],[-71.884331,41.048534],[-71.88401,41.048557],[-71.883713,41.048603],[-71.883453,41.04871],[-71.883179,41.048801],[-71.882896,41.04887],[-71.882591,41.04892],[-71.882286,41.048946],[-71.882019,41.049049],[-71.881744,41.049133],[-71.88147,41.049225],[-71.88121,41.049339],[-71.880951,41.049446],[-71.880684,41.049541],[-71.880386,41.049595],[-71.880112,41.049683],[-71.879837,41.049767],[-71.879555,41.049843],[-71.879265,41.049911],[-71.87899,41.049992],[-71.878723,41.050095],[-71.878479,41.050228],[-71.87822,41.050339],[-71.877953,41.050438],[-71.877678,41.050526],[-71.877396,41.050606],[-71.877121,41.050686],[-71.876831,41.050758],[-71.876549,41.050831],[-71.876274,41.050915],[-71.876007,41.05101],[-71.875748,41.051121],[-71.875488,41.051235],[-71.875229,41.05135],[-71.874969,41.051453],[-71.87471,41.051571],[-71.874458,41.051693],[-71.874214,41.05183],[-71.873978,41.051979],[-71.873764,41.052155],[-71.873558,41.052357],[-71.873398,41.052628],[-71.873238,41.052887],[-71.873169,41.053299],[-71.873222,41.053902],[-71.873169,41.054344],[-71.873085,41.054737],[-71.872986,41.055092],[-71.872818,41.055359],[-71.872635,41.055588],[-71.872414,41.055759],[-71.872192,41.055927],[-71.871979,41.056107],[-71.87178,41.056316],[-71.871574,41.056519],[-71.871376,41.056725],[-71.871178,41.056934],[-71.870979,41.057133],[-71.870758,41.057304],[-71.870522,41.057461],[-71.870293,41.057617],[-71.870064,41.057777],[-71.869835,41.057938],[-71.869583,41.058052],[-71.869301,41.058132],[-71.869003,41.058186],[-71.868721,41.058254],[-71.868446,41.05835],[-71.868187,41.05846],[-71.86795,41.058598],[-71.867706,41.058743],[-71.867477,41.058895],[-71.867256,41.059071],[-71.86705,41.059265],[-71.866852,41.059471],[-71.866669,41.059708],[-71.866501,41.059963],[-71.866386,41.060299],[-71.86628,41.060654],[-71.866188,41.061028],[-71.866119,41.061436],[-71.865967,41.061718],[-71.865761,41.061913],[-71.865555,41.062107],[-71.865318,41.062263],[-71.865089,41.062416],[-71.864845,41.062557],[-71.864594,41.062679],[-71.864326,41.062782],[-71.864075,41.062901],[-71.863815,41.063004],[-71.863556,41.063122],[-71.863304,41.063251],[-71.86306,41.063385],[-71.862823,41.06353],[-71.862602,41.063698],[-71.862396,41.063889],[-71.862167,41.064049],[-71.861961,41.064247],[-71.861755,41.064442],[-71.861542,41.064632],[-71.861328,41.064812],[-71.861107,41.064983],[-71.860893,41.065163],[-71.860687,41.065365],[-71.860497,41.065586],[-71.860306,41.0658],[-71.860115,41.066017],[-71.859932,41.06625],[-71.859787,41.06654],[-71.859619,41.066799],[-71.859497,41.067131],[-71.859375,41.067455],[-71.859215,41.06773],[-71.859085,41.068047],[-71.858955,41.068359],[-71.858841,41.068699],[-71.858734,41.069054],[-71.858612,41.069378],[-71.858444,41.069633],[-71.858223,41.069805],[-71.857956,41.069908],[-71.857666,41.069969],[-71.857407,41.07008],[-71.857162,41.070221],[-71.856911,41.070343],[-71.856667,41.070477],[-71.856445,41.070648],[-71.856247,41.070858],[-71.856049,41.07106],[-71.855972,41.071461],[-71.856987,41.073071],[-71.857582,41.073483],[-71.85807,41.07373],[-71.858498,41.073883],[-71.858948,41.074074],[-71.859428,41.074322],[-71.859993,41.074684],[-71.860397,41.07481],[-71.860802,41.074921],[-71.861237,41.075092],[-71.861664,41.075245],[-71.862114,41.075432],[-71.862602,41.075676],[-71.863052,41.075863],[-71.863495,41.076042],[-71.863922,41.076199],[-71.864304,41.076286],[-71.8647,41.076389],[-71.865105,41.076515],[-71.865509,41.076622]]}},{"type":"Feature","id":14,"properties":{"Year_":1938,"Date_":"07/01/1938","Source":"NY Sea Grant","Uncy":10.8,"RouteID":0,"Default_D":1,"reach":"south_point"},"geometry":{"type":"LineString","coordinates":[[-72.029985,41.0],[-72.029976,41.000004],[-72.029701,41.000092],[-72.029427,41.000175],[-72.029152,41.000267],[-72.028885,41.000362],[-72.028618,41.000462],[-72.028343,41.000557],[-72.028076,41.000652],[-72.027794,41.000721],[-72.027519,41.000816],[-72.027252,41.000916],[-72.026978,41.000999],[-72.026695,41.001072],[-72.026405,41.001137],[-72.026138,41.001236],[-72.025871,41.001339],[-72.025612,41.001446],[-72.025345,41.001549],[-72.025093,41.001663],[-72.024841,41.001781],[-72.02459,41.001907],[-72.02433,41.002018],[-72.024055,41.00211],[-72.023796,41.002213],[-72.023529,41.002316],[-72.023247,41.002396],[-72.02298,41.002491],[-72.022713,41.00259],[-72.022438,41.002674],[-72.022156,41.002747],[-72.021873,41.002823],[-72.021591,41.002899],[-72.021309,41.002975],[-72.021027,41.003052],[-72.02076,41.003147],[-72.020477,41.003227],[-72.020203,41.003315],[-72.019928,41.003395],[-72.019638,41.003464],[-72.019363,41.003544],[-72.019089,41.003632],[-72.018814,41.003723],[-72.018547,41.003822],[-72.01828,41.003922],[-72.018021,41.004032],[-72.017769,41.00415],[-72.017517,41.004272],[-72.017265,41.004398],[-72.016998,41.004501],[-72.016739,41.004608],[-72.016472,41.004711],[-72.016212,41.00481],[-72.015938,41.004906],[-72.015663,41.004993],[-72.015388,41.005077],[-72.015114,41.005161],[-72.014832,41.005241],[-72.014565,41.005333],[-72.01429,41.005432],[-72.014015,41.005516],[-72.013756,41.005619],[-72.013504,41.005745],[-72.01326,41.005875],[-72.013008,41.006008],[-72.012764,41.006134],[-72.012497,41.006233],[-72.012238,41.006344],[-72.011986,41.00647],[-72.011734,41.006592],[-72.011475,41.006706],[-72.011223,41.006824],[-72.010971,41.006947],[-72.010727,41.007076],[-72.010475,41.007206],[-72.010208,41.007301],[-72.009941,41.007397],[-72.009682,41.007515],[-72.009415,41.007614],[-72.009155,41.007721],[-72.008881,41.007816],[-72.008606,41.0079],[-72.008324,41.007977],[-72.008049,41.008064],[-72.00779,41.008167],[-72.007523,41.008266],[-72.007263,41.008377],[-72.006996,41.008484],[-72.006737,41.008587],[-72.006462,41.008675],[-72.00618,41.008759],[-72.00592,41.008858],[-72.005653,41.008961],[-72.005386,41.00906],[-72.005127,41.009171],[-72.00486,41.009274],[-72.004593,41.009369],[-72.004326,41.00946],[-72.004074,41.009586],[-72.003822,41.009716],[-72.003563,41.009827],[-72.003296,41.009926],[-72.003029,41.010021],[-72.002769,41.010128],[-72.00251,41.010242],[-72.002243,41.010345],[-72.001984,41.010456],[-72.001724,41.010563],[-72.001457,41.010666],[-72.001198,41.01078],[-72.000938,41.010891],[-72.000679,41.010994],[-72.00042,41.011108],[-72.000153,41.011208],[-71.999893,41.011314],[-71.999634,41.011421],[-71.999374,41.011539],[-71.999123,41.011662],[-71.998863,41.011768],[-71.998596,41.011875],[-71.998344,41.01199],[-71.998085,41.0121],[-71.997826,41.012215],[-71.997574,41.012337],[-71.997314,41.012447],[-71.997047,41.01255],[-71.99678,41.01265],[-71.996513,41.012741],[-71.996239,41.012833],[-71.995964,41.01292],[-71.995705,41.013023],[-71.99543,41.013115],[-71.995155,41.013206],[-71.994896,41.013313],[-71.994637,41.013424],[-71.99437,41.013527],[-71.994087,41.013596],[-71.99382,41.013699],[-71.993553,41.01379],[-71.993271,41.013866],[-71.992996,41.013958],[-71.992714,41.014038],[-71.992447,41.014133],[-71.99218,41.014229],[-71.991905,41.014317],[-71.991638,41.01442],[-71.991379,41.014523],[-71.991112,41.014626],[-71.990852,41.014729],[-71.990585,41.014832],[-71.990318,41.014938],[-71.990059,41.015045],[-71.989799,41.015156],[-71.989532,41.015255],[-71.989258,41.015343],[-71.988998,41.015453],[-71.988747,41.015572],[-71.988487,41.015686],[-71.988228,41.0158],[-71.987976,41.015915],[-71.987717,41.016033],[-71.987457,41.016144],[-71.987198,41.016254],[-71.986923,41.016342],[-71.986664,41.016445],[-71.986397,41.016548],[-71.98613,41.016647],[-71.985855,41.016735],[-71.985573,41.016811],[-71.985298,41.016899],[-71.985031,41.016998],[-71.984764,41.01709],[-71.984489,41.017181],[-71.984215,41.017269],[-71.98394,41.017361],[-71.983673,41.017456],[-71.983406,41.017559],[-71.983154,41.01767],[-71.982895,41.017788],[-71.982635,41.017899],[-71.982361,41.01799],[-71.982086,41.01807],[-71.981812,41.018158],[-71.981537,41.018242],[-71.981255,41.018314],[-71.980972,41.018391],[-71.980698,41.018475],[-71.980431,41.018578],[-71.980164,41.018681],[-71.979912,41.018799],[-71.979652,41.018909],[-71.979401,41.019035],[-71.979141,41.019146],[-71.978867,41.019234],[-71.978584,41.01931],[-71.978317,41.019405],[-71.978058,41.01952],[-71.977798,41.01963],[-71.977531,41.019733],[-71.977264,41.019825],[-71.976997,41.019932],[-71.976738,41.020039],[-71.976479,41.020142],[-71.976212,41.020248],[-71.975945,41.020348],[-71.975677,41.020447],[-71.97541,41.020538],[-71.975143,41.020645],[-71.974892,41.020763],[-71.974625,41.02087],[-71.974365,41.020973],[-71.974098,41.021076],[-71.973839,41.021187],[-71.973587,41.021313],[-71.97332,41.021404],[-71.973038,41.021477],[-71.972763,41.021561],[-71.972488,41.021648],[-71.972221,41.021755],[-71.971954,41.021858],[-71.971687,41.021946],[-71.971397,41.022015],[-71.971107,41.022079],[-71.970825,41.022152],[-71.970551,41.02224],[-71.970291,41.022354],[-71.970047,41.02248],[-71.969795,41.02261],[-71.969543,41.022736],[-71.969292,41.022858],[-71.969025,41.022949],[-71.968758,41.023048],[-71.968513,41.023182],[-71.968246,41.023281],[-71.967979,41.023388],[-71.967728,41.023502],[-71.967461,41.023609],[-71.967209,41.023724],[-71.966949,41.023842],[-71.96669,41.023949],[-71.966423,41.024044],[-71.966164,41.024158],[-71.965904,41.024269],[-71.965645,41.024384],[-71.965393,41.024498],[-71.965134,41.024612],[-71.964874,41.024723],[-71.964607,41.024822],[-71.964333,41.024918],[-71.964066,41.025013],[-71.963791,41.025097],[-71.963516,41.025181],[-71.963242,41.025276],[-71.962975,41.025368],[-71.962708,41.025471],[-71.962448,41.025578],[-71.962189,41.025692],[-71.961929,41.025799],[-71.961647,41.025875],[-71.961372,41.025959],[-71.961105,41.026062],[-71.960838,41.026157],[-71.960556,41.026241],[-71.960281,41.026329],[-71.960007,41.026409],[-71.959724,41.026489],[-71.959442,41.026562],[-71.959167,41.026649],[-71.9589,41.026749],[-71.958626,41.026833],[-71.958344,41.026913],[-71.958069,41.026993],[-71.957794,41.027088],[-71.957527,41.027176],[-71.957253,41.027267],[-71.956978,41.027355],[-71.956711,41.027454],[-71.956436,41.027538],[-71.956161,41.02763],[-71.955887,41.027721],[-71.955627,41.027824],[-71.955368,41.027935],[-71.955109,41.028049],[-71.954842,41.028152],[-71.954582,41.028259],[-71.954315,41.028358],[-71.954041,41.028439],[-71.953758,41.028522],[-71.953491,41.028614],[-71.953209,41.02869],[-71.952927,41.028767],[-71.952644,41.028843],[-71.95237,41.028934],[-71.952126,41.029068],[-71.951866,41.029175],[-71.951584,41.029255],[-71.951294,41.029316],[-71.951004,41.029377],[-71.950722,41.029449],[-71.950447,41.029533],[-71.950165,41.029617],[-71.94989,41.029697],[-71.949608,41.029778],[-71.949341,41.029869],[-71.949074,41.029976],[-71.948814,41.030087],[-71.94854,41.030174],[-71.948257,41.030247],[-71.947975,41.030315],[-71.947685,41.03038],[-71.947403,41.030464],[-71.947151,41.030575],[-71.946892,41.030689],[-71.946617,41.030773],[-71.946342,41.030857],[-71.94606,41.030945],[-71.945786,41.031029],[-71.945511,41.031116],[-71.945244,41.031216],[-71.944977,41.031307],[-71.944702,41.031399],[-71.944427,41.031483],[-71.944153,41.031567],[-71.943871,41.031651],[-71.943588,41.031723],[-71.943306,41.031799],[-71.943031,41.031883],[-71.942757,41.031975],[-71.942482,41.032055],[-71.942192,41.032127],[-71.941917,41.032204],[-71.94162,41.032257],[-71.941345,41.032341],[-71.941071,41.032433],[-71.940804,41.032524],[-71.940529,41.032616],[-71.940269,41.032726],[-71.940002,41.032825],[-71.939735,41.032925],[-71.939461,41.033016],[-71.939186,41.033104],[-71.938919,41.033195],[-71.938644,41.033283],[-71.938362,41.03336],[-71.93808,41.03344],[-71.937798,41.033516],[-71.937508,41.033573],[-71.937195,41.033604],[-71.936897,41.033657],[-71.936607,41.033722]]}},{"type":"Feature","id":15,"properties":{"Year_":1938,"Date_":"07/01/1938","Source":"NY Sea Grant","Uncy":10.8,"RouteID":0,"Default_D":1,"reach":"south_point"},"geometry":{"type":"LineString","coordinates":[[-71.936607,41.033722],[-71.936317,41.033772],[-71.93602,41.033825],[-71.935745,41.033916],[-71.935471,41.034004],[-71.935204,41.034103],[-71.934929,41.034195],[-71.934631,41.034237],[-71.934311,41.034248],[-71.934021,41.034321],[-71.933754,41.03442],[-71.933502,41.034534],[-71.933243,41.034645],[-71.932968,41.03474],[-71.932686,41.034809],[-71.932381,41.034847],[-71.932053,41.034859],[-71.931747,41.034897],[-71.931442,41.034931],[-71.931129,41.034966],[-71.93084,41.035019],[-71.93055,41.035088],[-71.930283,41.035187],[-71.930016,41.035275],[-71.929733,41.035355],[-71.929451,41.035435],[-71.929169,41.035507],[-71.928886,41.035583],[-71.928589,41.035633],[-71.928284,41.035667],[-71.927963,41.035683],[-71.927673,41.035748],[-71.927399,41.035839],[-71.927124,41.035927],[-71.926857,41.036018],[-71.926575,41.036095],[-71.9263,41.036182],[-71.926033,41.036278],[-71.925743,41.03635],[-71.925476,41.036442],[-71.925209,41.036537],[-71.924927,41.036617],[-71.924644,41.036694],[-71.924362,41.036766],[-71.92408,41.036846],[-71.923798,41.036919],[-71.923515,41.036995],[-71.923233,41.037071],[-71.922951,41.037144],[-71.922668,41.03722],[-71.922394,41.0373],[-71.922112,41.037384],[-71.921837,41.037464],[-71.921547,41.037525],[-71.921257,41.037594],[-71.920975,41.03767],[-71.9207,41.03775],[-71.920425,41.037838],[-71.920151,41.037922],[-71.919868,41.038002],[-71.919594,41.038094],[-71.919327,41.038185],[-71.919044,41.038265],[-71.918762,41.038338],[-71.91848,41.03841],[-71.91819,41.038471],[-71.9179,41.038544],[-71.917618,41.038612],[-71.917336,41.038685],[-71.917046,41.038757],[-71.916763,41.038826],[-71.916473,41.038895],[-71.916183,41.038956],[-71.915886,41.039001],[-71.915581,41.039043],[-71.915199,41.038967],[-71.914856,41.03894],[-71.914505,41.038906],[-71.914162,41.038887],[-71.913818,41.03886],[-71.913498,41.038879],[-71.913193,41.038918],[-71.912857,41.038902],[-71.912529,41.038914],[-71.912224,41.038956],[-71.911911,41.038979],[-71.911575,41.038971],[-71.91124,41.038956],[-71.910904,41.038948],[-71.910583,41.038967],[-71.910278,41.039005],[-71.909973,41.039036],[-71.909668,41.039085],[-71.909409,41.039185],[-71.909142,41.039284],[-71.908859,41.039364],[-71.908585,41.039452],[-71.90831,41.039539],[-71.908043,41.039639],[-71.907768,41.039726],[-71.907509,41.039833],[-71.907242,41.039928],[-71.90696,41.040012],[-71.906685,41.0401],[-71.906403,41.040173],[-71.906075,41.040169],[-71.905701,41.0401],[-71.905342,41.040054],[-71.905014,41.040062],[-71.904701,41.040089],[-71.904404,41.040146],[-71.904121,41.040218],[-71.903839,41.040287],[-71.903549,41.040352],[-71.903267,41.040421],[-71.902992,41.040516],[-71.902725,41.040615],[-71.902466,41.04073],[-71.902214,41.040848],[-71.901962,41.040966],[-71.901711,41.041088],[-71.901505,41.041294],[-71.901329,41.041534],[-71.901161,41.041786],[-71.900925,41.041931],[-71.900673,41.042053],[-71.900414,41.042175],[-71.900154,41.042278],[-71.899887,41.042377],[-71.899612,41.042465],[-71.899323,41.04253],[-71.89904,41.042606],[-71.898735,41.042641],[-71.898438,41.042698],[-71.89817,41.042797],[-71.897911,41.0429],[-71.897644,41.042999],[-71.897385,41.04311],[-71.897118,41.043213],[-71.896851,41.043316],[-71.896599,41.043438],[-71.896355,41.043571],[-71.896126,41.043724],[-71.895912,41.043911],[-71.895706,41.044109],[-71.895485,41.044277],[-71.895248,41.044426],[-71.895004,41.044559],[-71.89476,41.044701],[-71.894524,41.044846],[-71.894279,41.044975],[-71.894012,41.045078],[-71.893707,41.045124],[-71.893387,41.045135],[-71.893082,41.04517],[-71.892799,41.045242],[-71.892532,41.045349],[-71.892288,41.045479],[-71.892036,41.045609],[-71.891785,41.045731],[-71.891533,41.045853],[-71.891289,41.045982],[-71.891037,41.046104],[-71.890785,41.04623],[-71.890526,41.046341],[-71.890274,41.046463],[-71.890015,41.046574],[-71.889732,41.046654],[-71.889458,41.046741],[-71.889183,41.046822],[-71.888878,41.046871],[-71.88858,41.046913],[-71.88829,41.046982],[-71.888023,41.047081],[-71.887756,41.047173],[-71.887489,41.047272],[-71.887238,41.047394],[-71.886971,41.047501],[-71.886711,41.047607],[-71.886452,41.047726],[-71.8862,41.047844],[-71.885941,41.047947],[-71.885666,41.048042],[-71.885384,41.048115],[-71.885094,41.04818],[-71.884811,41.048248],[-71.884514,41.048302],[-71.884201,41.048328],[-71.883873,41.048332],[-71.883545,41.04834],[-71.883247,41.048389],[-71.882957,41.048447],[-71.882675,41.048527],[-71.882401,41.048618],[-71.882133,41.048714],[-71.881859,41.048805],[-71.881584,41.048889],[-71.88131,41.048969],[-71.881027,41.049046],[-71.880745,41.049126],[-71.880463,41.049194],[-71.880165,41.049248],[-71.879883,41.049316],[-71.879601,41.049397],[-71.879311,41.049461],[-71.879028,41.04953],[-71.878754,41.049622],[-71.87851,41.049759],[-71.878281,41.049911],[-71.878029,41.050041],[-71.877777,41.050163],[-71.877525,41.050285],[-71.877266,41.0504],[-71.877014,41.050518],[-71.876747,41.050625],[-71.876472,41.050701],[-71.87619,41.050785],[-71.875938,41.050903],[-71.875694,41.051037],[-71.875458,41.051182],[-71.875191,41.051285],[-71.874916,41.051376],[-71.874641,41.05146],[-71.874367,41.051548],[-71.874107,41.051659],[-71.873856,41.051781],[-71.873619,41.051929],[-71.873413,41.052132],[-71.873222,41.052345],[-71.873024,41.052555],[-71.872849,41.052799],[-71.872772,41.053204],[-71.872772,41.053719],[-71.872711,41.054146],[-71.872635,41.054539],[-71.872551,41.054935],[-71.872398,41.05521],[-71.872185,41.055397],[-71.871964,41.055569],[-71.871727,41.05571],[-71.871513,41.055889],[-71.87133,41.056126],[-71.871155,41.05637],[-71.870964,41.056587],[-71.87075,41.056778],[-71.870544,41.056973],[-71.870338,41.057171],[-71.870125,41.05735],[-71.869911,41.057529],[-71.86969,41.057705],[-71.869453,41.05785],[-71.869209,41.057987],[-71.868958,41.058113],[-71.868698,41.058216],[-71.868401,41.05827],[-71.868111,41.058331],[-71.867844,41.05843],[-71.867584,41.058544],[-71.867325,41.058659],[-71.867126,41.058861],[-71.866966,41.059135],[-71.866814,41.05941],[-71.866615,41.059624],[-71.866386,41.059776],[-71.866196,41.060005],[-71.866081,41.060341],[-71.865974,41.060692],[-71.865852,41.061024],[-71.865784,41.061436],[-71.865692,41.06181],[-71.865486,41.062004],[-71.865265,41.062172],[-71.865021,41.062313],[-71.864777,41.06245],[-71.864548,41.062603],[-71.864319,41.062759],[-71.864075,41.062897],[-71.863815,41.063007],[-71.863548,41.063103],[-71.863289,41.063221],[-71.863037,41.063343],[-71.862793,41.063477],[-71.862549,41.063614],[-71.862305,41.063747],[-71.862091,41.063931],[-71.861893,41.064144],[-71.861702,41.064358],[-71.861496,41.064552],[-71.861298,41.064766],[-71.861107,41.06498],[-71.860893,41.06517],[-71.860695,41.065369],[-71.860481,41.065559],[-71.860268,41.065746],[-71.860054,41.065926],[-71.85984,41.066109],[-71.859642,41.066315],[-71.859451,41.066536],[-71.859276,41.06678],[-71.859108,41.067036],[-71.858978,41.067348],[-71.858871,41.067699],[-71.858788,41.068096],[-71.858757,41.068562],[-71.85865,41.068924],[-71.85849,41.069191],[-71.858261,41.069344],[-71.858009,41.069469],[-71.857765,41.069611],[-71.857521,41.06974],[-71.857269,41.069859],[-71.857018,41.069984],[-71.856773,41.070118],[-71.856537,41.070274],[-71.856323,41.070454],[-71.85611,41.070641],[-71.855934,41.070885],[-71.855865,41.071289],[-71.855934,41.071922],[-71.856583,41.072948],[-71.857269,41.073509],[-71.857796,41.073822],[-71.858276,41.074062],[-71.858696,41.0742],[-71.859177,41.074436],[-71.859825,41.074936],[-71.860214,41.075035],[-71.860611,41.075142],[-71.861053,41.075314],[-71.861519,41.075531],[-71.862038,41.075832],[-71.862541,41.076107],[-71.863045,41.076385],[-71.863464,41.076527],[-71.863838,41.076588],[-71.864212,41.07666],[-71.864586,41.076736]]}},{"type":"Feature","id":16,"properties":{"Year_":1933,"Date_":"07/01/1933","Source":"NY Sea Grant","Uncy":10.8,"RouteID":0,"Default_D":1,"reach":"south_point"},"geometry":{"type":"LineString","coordinates":[[-72.02991,41.0],[-72.029701,41.000095],[-72.029442,41.000202],[-72.029182,41.00032],[-72.028923,41.000423],[-72.028656,41.00053],[-72.028404,41.000645],[-72.028137,41.000744],[-72.027863,41.000839],[-72.027626,41.000984],[-72.027382,41.001114],[-72.027107,41.001202],[-72.026825,41.001282],[-72.026566,41.001389],[-72.026306,41.001495],[-72.026031,41.001587],[-72.025764,41.001682],[-72.02549,41.001766],[-72.025223,41.001873],[-72.024948,41.001953],[-72.024681,41.00206],[-72.024406,41.00214],[-72.024124,41.002213],[-72.023842,41.002289],[-72.023567,41.002377],[-72.0233,41.002472],[-72.023041,41.002586],[-72.022774,41.002689],[-72.022522,41.002808],[-72.022278,41.002941],[-72.022018,41.003059],[-72.021736,41.003136],[-72.021469,41.003223],[-72.021202,41.003326],[-72.020912,41.003387],[-72.020615,41.003441],[-72.020348,41.003536],[-72.020088,41.003647],[-72.019814,41.003735],[-72.019547,41.003838],[-72.019279,41.003941],[-72.019012,41.004028],[-72.018707,41.004078],[-72.018425,41.00415],[-72.018166,41.004257],[-72.017906,41.004364],[-72.017639,41.004463],[-72.01738,41.004578],[-72.017105,41.004665],[-72.01683,41.004757],[-72.016548,41.004829],[-72.016273,41.00491],[-72.016006,41.005009],[-72.015724,41.005081],[-72.01545,41.005173],[-72.015175,41.005268],[-72.014915,41.005371],[-72.014664,41.005501],[-72.014412,41.005615],[-72.01413,41.005695],[-72.013847,41.005772],[-72.013596,41.005894],[-72.013344,41.006008],[-72.013077,41.006115],[-72.012825,41.006229],[-72.012573,41.006355],[-72.012306,41.006458],[-72.012047,41.006565],[-72.011787,41.006672],[-72.011513,41.006771],[-72.011253,41.006878],[-72.011002,41.006996],[-72.010735,41.007095],[-72.010475,41.007202],[-72.010216,41.007317],[-72.009949,41.00742],[-72.009727,41.007591],[-72.009476,41.007713],[-72.009224,41.007832],[-72.008942,41.007912],[-72.008667,41.007992],[-72.00843,41.008141],[-72.008186,41.008278],[-72.007904,41.00835],[-72.007622,41.008423],[-72.007347,41.008511],[-72.007095,41.008633],[-72.006828,41.008739],[-72.006569,41.008839],[-72.006279,41.008907],[-72.006004,41.008999],[-72.005745,41.009102],[-72.00547,41.009193],[-72.005211,41.009308],[-72.004951,41.009418],[-72.004692,41.009521],[-72.004417,41.009617],[-72.004158,41.009724],[-72.003914,41.009853],[-72.003647,41.009956],[-72.003372,41.010048],[-72.003105,41.010143],[-72.002838,41.010235],[-72.002556,41.010315],[-72.002266,41.010384],[-72.002014,41.010498],[-72.00177,41.010635],[-72.001518,41.010757],[-72.001228,41.010818],[-72.000961,41.010921],[-72.000702,41.011032],[-72.000427,41.011116],[-72.000145,41.011192],[-71.999893,41.011314],[-71.999626,41.011417],[-71.999367,41.011524],[-71.999084,41.011604],[-71.998817,41.011696],[-71.998543,41.011784],[-71.998291,41.011913],[-71.998032,41.012024],[-71.997772,41.012127],[-71.997505,41.012234],[-71.997238,41.012329],[-71.996979,41.012444],[-71.996719,41.012547],[-71.99646,41.012657],[-71.996201,41.012775],[-71.995934,41.012867],[-71.995667,41.01297],[-71.995415,41.013088],[-71.995171,41.013222],[-71.994919,41.013344],[-71.994652,41.013454],[-71.994385,41.013542],[-71.99411,41.013638],[-71.993835,41.013721],[-71.993561,41.013809],[-71.993294,41.013908],[-71.993034,41.014023],[-71.992775,41.014133],[-71.992508,41.014229],[-71.992249,41.014332],[-71.991989,41.014454],[-71.991737,41.014565],[-71.99147,41.014668],[-71.991211,41.014786],[-71.990952,41.014889],[-71.990677,41.014977],[-71.99041,41.015079],[-71.990135,41.015163],[-71.989845,41.015224],[-71.989571,41.015308],[-71.989304,41.015411],[-71.989044,41.015522],[-71.988777,41.015625],[-71.98851,41.01572],[-71.988235,41.015816],[-71.987976,41.015919],[-71.987701,41.01601],[-71.987434,41.016102],[-71.987144,41.016167],[-71.986847,41.016216],[-71.986572,41.016304],[-71.986298,41.016388],[-71.986031,41.016487],[-71.985779,41.016613],[-71.985542,41.016758],[-71.985321,41.01693],[-71.985069,41.017059],[-71.98481,41.017166],[-71.984535,41.017254],[-71.984268,41.017349],[-71.984001,41.017448],[-71.983742,41.017563],[-71.983467,41.017647],[-71.9832,41.017746],[-71.982933,41.017853],[-71.982658,41.017929],[-71.982384,41.018024],[-71.982124,41.018131],[-71.981873,41.01825],[-71.98159,41.018326],[-71.981316,41.018417],[-71.981071,41.018551],[-71.980812,41.018658],[-71.980545,41.018761],[-71.980286,41.018867],[-71.980019,41.01897],[-71.979752,41.01907],[-71.979485,41.019169],[-71.979225,41.019279],[-71.978958,41.019375],[-71.978683,41.01947],[-71.978409,41.01955],[-71.978134,41.019642],[-71.977867,41.019733],[-71.9776,41.019836],[-71.977325,41.019917],[-71.977051,41.020012],[-71.976776,41.020092],[-71.976509,41.020191],[-71.976242,41.020294],[-71.975983,41.020409],[-71.975723,41.020519],[-71.975464,41.02063],[-71.975189,41.020714],[-71.974907,41.020794],[-71.974655,41.020912],[-71.974396,41.021023],[-71.974106,41.021088],[-71.973854,41.021206],[-71.973587,41.021305],[-71.973335,41.021435],[-71.973076,41.021538],[-71.972816,41.021656],[-71.972572,41.021782],[-71.972305,41.021885],[-71.972046,41.021996],[-71.971809,41.022148],[-71.971527,41.022224],[-71.971252,41.022305],[-71.970978,41.022392],[-71.970718,41.022499],[-71.970451,41.022606],[-71.970192,41.022713],[-71.969925,41.022808],[-71.96965,41.0229],[-71.969391,41.023006],[-71.969116,41.023098],[-71.968864,41.02322],[-71.968605,41.023327],[-71.96833,41.023418],[-71.968079,41.02354],[-71.967819,41.023655],[-71.96756,41.023766],[-71.9673,41.02388],[-71.967041,41.023987],[-71.966797,41.024113],[-71.966545,41.024239],[-71.966278,41.024342],[-71.966019,41.024448],[-71.965752,41.024548],[-71.965477,41.024632],[-71.96521,41.024731],[-71.964935,41.02483],[-71.964684,41.024944],[-71.964417,41.025043],[-71.964149,41.025146],[-71.96389,41.025257],[-71.963631,41.025368],[-71.963364,41.025467],[-71.963097,41.025558],[-71.962822,41.02565],[-71.962547,41.025734],[-71.962288,41.025848],[-71.962021,41.025951],[-71.961754,41.026047],[-71.961472,41.026123],[-71.961182,41.02618],[-71.960892,41.026253],[-71.960632,41.026356],[-71.960358,41.026443],[-71.960083,41.026527],[-71.959808,41.026623],[-71.959541,41.026718],[-71.959267,41.026802],[-71.958977,41.026871],[-71.958687,41.026932],[-71.958412,41.027012],[-71.958145,41.027111],[-71.957878,41.027214],[-71.957603,41.027306],[-71.957336,41.027393],[-71.957054,41.027481],[-71.956795,41.027584],[-71.956528,41.027683],[-71.956261,41.02779],[-71.955994,41.027885],[-71.955727,41.027981],[-71.95546,41.028076],[-71.955177,41.028152],[-71.954903,41.02824],[-71.954628,41.028328],[-71.954353,41.028416],[-71.954094,41.028522],[-71.953819,41.028618],[-71.953537,41.02869],[-71.953255,41.028763],[-71.952972,41.028835],[-71.952682,41.028904],[-71.952408,41.028984],[-71.952133,41.029079],[-71.951859,41.029163],[-71.951584,41.029247],[-71.951286,41.029297],[-71.950996,41.029358],[-71.950729,41.029461],[-71.950478,41.029583],[-71.950211,41.029682],[-71.949936,41.029766],[-71.949654,41.029839],[-71.949379,41.02993],[-71.949104,41.030025],[-71.948845,41.030125],[-71.948578,41.030224],[-71.948303,41.030319],[-71.948044,41.030422],[-71.947762,41.030506],[-71.947495,41.030598],[-71.94722,41.030689],[-71.946953,41.030781],[-71.946709,41.030918],[-71.946442,41.031025],[-71.946159,41.03109],[-71.945862,41.031151],[-71.94558,41.031223],[-71.945267,41.03125],[-71.944969,41.031296],[-71.944702,41.031399],[-71.944427,41.031487],[-71.944138,41.031544],[-71.94384,41.031605],[-71.943565,41.031685],[-71.943291,41.031769],[-71.943008,41.031849],[-71.942726,41.031929],[-71.942459,41.032024],[-71.942169,41.032089],[-71.941879,41.03215],[-71.941605,41.032234],[-71.94133,41.032314],[-71.941055,41.032406],[-71.940781,41.03249]]}},{"type":"Feature","id":17,"properties":{"Year_":1933,"Date_":"07/01/1933","Source":"NY Sea Grant","Uncy":10.8,"RouteID":0,"Default_D":1,"reach":"south_point"},"geometry":{"type":"LineString","coordinates":[[-71.940781,41.03249],[-71.940491,41.032562],[-71.940224,41.032661],[-71.939957,41.032753],[-71.939667,41.032814],[-71.939362,41.03286],[-71.939072,41.032921],[-71.938782,41.03299],[-71.938492,41.033047],[-71.93821,41.033115],[-71.93792,41.03318],[-71.937645,41.033268],[-71.937363,41.033348],[-71.937096,41.033443],[-71.936821,41.033527],[-71.936546,41.033615],[-71.936279,41.033722],[-71.93602,41.033825],[-71.935738,41.033901],[-71.935455,41.033981],[-71.935181,41.034069],[-71.934914,41.034161],[-71.934631,41.034233],[-71.934334,41.03429],[-71.934044,41.034355],[-71.933769,41.034435],[-71.933479,41.034504],[-71.933197,41.03458],[-71.932915,41.034653],[-71.932625,41.034714],[-71.932343,41.03479],[-71.93206,41.03487],[-71.931763,41.034912],[-71.931435,41.03492],[-71.931129,41.034962],[-71.930824,41.034996],[-71.930527,41.035046],[-71.930244,41.035122],[-71.929955,41.035183],[-71.929657,41.035236],[-71.929375,41.035316],[-71.929092,41.035385],[-71.928818,41.035477],[-71.928543,41.035564],[-71.928253,41.035618],[-71.927963,41.03569],[-71.927681,41.035763],[-71.927383,41.035812],[-71.927101,41.035881],[-71.926819,41.035957],[-71.926529,41.036026],[-71.926239,41.036091],[-71.925949,41.036148],[-71.925713,41.036297],[-71.925453,41.036411],[-71.925179,41.036491],[-71.924889,41.036552],[-71.924606,41.036629],[-71.924324,41.036705],[-71.924057,41.036804],[-71.92379,41.0369],[-71.923515,41.036991],[-71.923225,41.037056],[-71.922943,41.037136],[-71.922668,41.03722],[-71.922401,41.037312],[-71.922112,41.037384],[-71.921837,41.037464],[-71.921555,41.037537],[-71.921272,41.037613],[-71.920982,41.037678],[-71.9207,41.037754],[-71.920425,41.037842],[-71.920151,41.037926],[-71.919868,41.038006],[-71.919594,41.038094],[-71.919334,41.038204],[-71.919067,41.038296],[-71.918785,41.038372],[-71.918503,41.038452],[-71.918228,41.038536],[-71.917969,41.038651],[-71.917709,41.038754],[-71.917427,41.038837],[-71.917137,41.038895],[-71.916847,41.03896],[-71.916557,41.039017],[-71.916267,41.039082],[-71.915962,41.039127],[-71.915634,41.039124],[-71.915291,41.039108],[-71.91497,41.039116],[-71.91465,41.039131],[-71.914314,41.039127],[-71.913918,41.039013],[-71.913536,41.038944],[-71.913239,41.038994],[-71.91291,41.03899],[-71.912552,41.038952],[-71.912224,41.038948],[-71.911903,41.03896],[-71.911583,41.038979],[-71.911255,41.038982],[-71.910927,41.03899],[-71.910599,41.038982],[-71.910271,41.038994],[-71.909927,41.038963],[-71.909622,41.039001],[-71.909332,41.039066],[-71.909035,41.039124],[-71.908752,41.039192],[-71.908478,41.039284],[-71.908203,41.039375],[-71.907959,41.039509],[-71.9077,41.039619],[-71.907433,41.039711],[-71.90715,41.039787],[-71.906845,41.039833],[-71.906555,41.039894],[-71.906265,41.039959],[-71.905983,41.040031],[-71.905663,41.040047],[-71.905319,41.040028],[-71.904945,41.039948],[-71.904602,41.039936],[-71.904297,41.039967],[-71.903999,41.04002],[-71.903702,41.040073],[-71.903427,41.040161],[-71.903137,41.040226],[-71.902885,41.040344],[-71.902626,41.040455],[-71.902351,41.040539],[-71.9021,41.040661],[-71.901878,41.040833],[-71.901695,41.041065],[-71.901604,41.041443],[-71.901443,41.04171],[-71.901237,41.041912],[-71.901024,41.042095],[-71.900787,41.04224],[-71.900558,41.042397],[-71.900299,41.042515],[-71.900032,41.04261],[-71.899773,41.042721],[-71.899513,41.042831],[-71.899239,41.042919],[-71.898926,41.042946],[-71.898575,41.042912],[-71.898247,41.042915],[-71.897942,41.042946],[-71.897659,41.043034],[-71.897408,41.043144],[-71.897156,41.043278],[-71.896912,41.043407],[-71.896667,41.043545],[-71.896431,41.04369],[-71.896194,41.043842],[-71.895958,41.043991],[-71.895737,41.044155],[-71.895523,41.044334],[-71.895302,41.044514],[-71.895081,41.044682],[-71.894859,41.044857],[-71.894623,41.045002],[-71.894379,41.045132],[-71.894104,41.045219],[-71.893791,41.045246],[-71.893456,41.045246],[-71.893135,41.045254],[-71.892822,41.04528],[-71.892548,41.045372],[-71.892303,41.045506],[-71.892075,41.045658],[-71.891838,41.045815],[-71.891586,41.04594],[-71.891357,41.046093],[-71.891106,41.046215],[-71.890846,41.046326],[-71.890572,41.046417],[-71.89032,41.046539],[-71.890076,41.046677],[-71.889832,41.046806],[-71.889572,41.046917],[-71.889297,41.047009],[-71.889015,41.047085],[-71.888725,41.047142],[-71.888428,41.047195],[-71.88813,41.047249],[-71.88784,41.04731],[-71.887566,41.04739],[-71.887352,41.047573],[-71.887131,41.047749],[-71.886856,41.04784],[-71.886597,41.047951],[-71.886322,41.048038],[-71.886047,41.048119],[-71.885757,41.048191],[-71.885468,41.048248],[-71.885201,41.048347],[-71.884933,41.048443],[-71.884613,41.048458],[-71.884285,41.048466],[-71.88398,41.0485],[-71.883675,41.048542],[-71.883354,41.048561],[-71.883041,41.048584],[-71.882713,41.048588],[-71.882431,41.048664],[-71.882172,41.048771],[-71.88192,41.048889],[-71.881668,41.049015],[-71.881424,41.049152],[-71.881165,41.049263],[-71.880898,41.049362],[-71.880615,41.049442],[-71.880348,41.049534],[-71.880066,41.049614],[-71.879784,41.049686],[-71.879494,41.049751],[-71.879219,41.049839],[-71.87896,41.04995],[-71.878693,41.050049],[-71.878426,41.050148],[-71.878166,41.050251],[-71.877922,41.050392],[-71.87767,41.050518],[-71.877411,41.050621],[-71.877113,41.050674],[-71.876816,41.050728],[-71.876518,41.050781],[-71.876236,41.050854],[-71.875969,41.050957],[-71.875702,41.05106],[-71.875458,41.051186],[-71.875221,41.051331],[-71.874969,41.05146],[-71.874718,41.051586],[-71.874481,41.051735],[-71.874252,41.051884],[-71.874023,41.052048],[-71.873817,41.052242],[-71.873619,41.052448],[-71.873459,41.052719],[-71.873314,41.053009],[-71.873238,41.05341],[-71.87323,41.053921],[-71.873192,41.054379],[-71.8731,41.054756],[-71.872955,41.055046],[-71.872803,41.055332],[-71.87262,41.055561],[-71.872406,41.055748],[-71.8722,41.055946],[-71.871994,41.056129],[-71.871788,41.056332],[-71.87159,41.056534],[-71.871384,41.056728],[-71.871178,41.056931],[-71.870979,41.05714],[-71.870789,41.05735],[-71.870567,41.057533],[-71.870361,41.057728],[-71.87014,41.057896],[-71.869904,41.058041],[-71.869644,41.058155],[-71.86937,41.058243],[-71.869072,41.058296],[-71.868759,41.058319],[-71.868462,41.058365],[-71.868172,41.05843],[-71.867905,41.058525],[-71.867661,41.05867],[-71.867447,41.058842],[-71.867233,41.059029],[-71.867035,41.059242],[-71.866867,41.059494],[-71.866684,41.059727],[-71.866486,41.059933],[-71.86631,41.060184],[-71.866196,41.060524],[-71.86615,41.060966],[-71.866096,41.061405],[-71.865929,41.061657],[-71.865746,41.061893],[-71.865532,41.062077],[-71.865311,41.062252],[-71.865089,41.06242],[-71.864861,41.06258],[-71.864601,41.062687],[-71.864349,41.062809],[-71.86409,41.062927],[-71.863831,41.063034],[-71.863586,41.063168],[-71.863327,41.063278],[-71.863075,41.0634],[-71.862831,41.063534],[-71.862572,41.063652],[-71.86232,41.063774],[-71.862099,41.063946],[-71.861877,41.064114],[-71.861649,41.064278],[-71.861427,41.064445],[-71.861206,41.064617],[-71.860985,41.064796],[-71.860779,41.064987],[-71.86055,41.065147],[-71.860313,41.065296],[-71.8601,41.065483],[-71.859901,41.065689],[-71.859726,41.065929],[-71.85955,41.066174],[-71.859383,41.066425],[-71.859245,41.066734],[-71.859131,41.06707],[-71.859009,41.067398],[-71.858887,41.067734],[-71.858803,41.068119],[-71.858719,41.068512],[-71.858604,41.06884],[-71.858429,41.069088],[-71.858246,41.069321],[-71.858047,41.069527],[-71.857803,41.069668],[-71.857582,41.069836],[-71.857323,41.069946],[-71.857033,41.070007],[-71.856796,41.070156],[-71.856552,41.070297],[-71.856316,41.070438],[-71.85611,41.070637],[-71.856041,41.071053],[-71.857407,41.073208],[-71.857941,41.073524],[-71.858437,41.073788],[-71.858932,41.074051],[-71.85955,41.074505],[-71.860031,41.074749],[-71.860435,41.074863],[-71.86087,41.075027],[-71.861313,41.075207],[-71.861801,41.075462],[-71.862251,41.075649],[-71.862694,41.075829],[-71.863152,41.076027],[-71.863564,41.076164],[-71.86393,41.07621],[-71.864288,41.07626],[-71.864677,41.076359],[-71.865074,41.076462],[-71.865471,41.076561]]}},{"type":"Feature","id":18,"properties":{"Year_":1870,"Date_":"07/01/1870","Source":"NY Sea Grant","Uncy":10.8,"RouteID":0,"Default_D":1,"reach":"south_point"},"geometry":{"type":"LineString","coordinates":[[-72.031098,41.0],[-72.030991,41.000046],[-72.030724,41.000141],[-72.030457,41.000252],[-72.030182,41.000336],[-72.029907,41.000412],[-72.029633,41.000504],[-72.029358,41.000595],[-72.029083,41.000683],[-72.028809,41.000767],[-72.028542,41.000866],[-72.028267,41.000957],[-72.028008,41.00106],[-72.027733,41.001148],[-72.027458,41.001232],[-72.027184,41.001324],[-72.026909,41.001408],[-72.026642,41.001507],[-72.02639,41.001625],[-72.026123,41.001732],[-72.025864,41.001842],[-72.025604,41.001945],[-72.02533,41.002045],[-72.025063,41.00214],[-72.024796,41.002239],[-72.024536,41.00235],[-72.024284,41.002476],[-72.024025,41.002583],[-72.023773,41.002701],[-72.023514,41.002811],[-72.023254,41.002922],[-72.022972,41.002998],[-72.02269,41.003067],[-72.022408,41.003151],[-72.022133,41.003239],[-72.021858,41.003319],[-72.021584,41.003403],[-72.021317,41.003506],[-72.021057,41.003613],[-72.02079,41.003719],[-72.020515,41.003807],[-72.020256,41.00391],[-72.019989,41.004009],[-72.019737,41.004139],[-72.019501,41.004276],[-72.019249,41.004402],[-72.01899,41.00452],[-72.018738,41.004639],[-72.018471,41.004734],[-72.018204,41.004837],[-72.017937,41.004936],[-72.01767,41.005032],[-72.017395,41.005123],[-72.01712,41.005203],[-72.01683,41.005276],[-72.016556,41.005363],[-72.016296,41.005466],[-72.016029,41.005566],[-72.015762,41.005661],[-72.015495,41.00576],[-72.015221,41.005852],[-72.014954,41.005947],[-72.014679,41.006039],[-72.014412,41.006138],[-72.014145,41.006229],[-72.013878,41.00634],[-72.013611,41.006432],[-72.013344,41.006531],[-72.013069,41.006622],[-72.012802,41.00671],[-72.01252,41.006794],[-72.012245,41.006878],[-72.011971,41.006969],[-72.011711,41.007069],[-72.011429,41.007156],[-72.011162,41.007252],[-72.010902,41.007366],[-72.010651,41.007477],[-72.010384,41.007587],[-72.010117,41.007679],[-72.009834,41.007759],[-72.009575,41.007862],[-72.009308,41.007969],[-72.009041,41.008064],[-72.008766,41.008152],[-72.008507,41.008255],[-72.00824,41.008362],[-72.00798,41.008472],[-72.007721,41.008583],[-72.007462,41.008694],[-72.007195,41.008797],[-72.00695,41.008923],[-72.006699,41.009048],[-72.006432,41.009151],[-72.006172,41.009258],[-72.005905,41.009361],[-72.005653,41.00948],[-72.005402,41.009602],[-72.005127,41.009697],[-72.00486,41.009792],[-72.004601,41.009903],[-72.004341,41.010017],[-72.004089,41.010132],[-72.00383,41.010246],[-72.003555,41.010326],[-72.003273,41.01041],[-72.003014,41.010517],[-72.002754,41.010624],[-72.002487,41.010727],[-72.002228,41.010841],[-72.001976,41.010956],[-72.001709,41.011063],[-72.001442,41.011154],[-72.001175,41.011261],[-72.000923,41.011375],[-72.000671,41.011501],[-72.00042,41.01162],[-72.000145,41.011711],[-71.99987,41.011795],[-71.999596,41.011879],[-71.999321,41.011974],[-71.999062,41.012081],[-71.998795,41.012184],[-71.998528,41.012283],[-71.99826,41.012383],[-71.997993,41.012486],[-71.997734,41.012589],[-71.997467,41.012688],[-71.997192,41.012779],[-71.996925,41.012878],[-71.996658,41.012978],[-71.996399,41.013077],[-71.996132,41.013176],[-71.995865,41.013279],[-71.99559,41.013363],[-71.995316,41.013462],[-71.995064,41.013573],[-71.994812,41.013702],[-71.994553,41.013817],[-71.994293,41.01392],[-71.994034,41.01403],[-71.993767,41.01413],[-71.9935,41.014233],[-71.993225,41.01432],[-71.992958,41.01442],[-71.992699,41.014526],[-71.992424,41.014618],[-71.992165,41.014721],[-71.991898,41.01482],[-71.991608,41.014881],[-71.991325,41.014957],[-71.991066,41.015068],[-71.990799,41.015171],[-71.990532,41.015266],[-71.990265,41.015366],[-71.989998,41.015461],[-71.989731,41.015564],[-71.989456,41.015656],[-71.989182,41.015739],[-71.988907,41.015827],[-71.98864,41.01593],[-71.988373,41.016018],[-71.988098,41.016117],[-71.987823,41.016205],[-71.987556,41.0163],[-71.987297,41.016407],[-71.98703,41.016506],[-71.986771,41.016613],[-71.986526,41.016747],[-71.986267,41.016857],[-71.986008,41.016975],[-71.985748,41.017082],[-71.985474,41.017178],[-71.985207,41.017277],[-71.984947,41.017376],[-71.98468,41.017479],[-71.984398,41.017563],[-71.984116,41.017628],[-71.983818,41.017685],[-71.983521,41.017738],[-71.983246,41.017815],[-71.982964,41.017887],[-71.982681,41.017963],[-71.982391,41.018032],[-71.982117,41.01812],[-71.98185,41.018211],[-71.981583,41.018318],[-71.981316,41.01841],[-71.981049,41.018509],[-71.980782,41.018608],[-71.980515,41.018707],[-71.98024,41.018803],[-71.979973,41.018902],[-71.979729,41.019035],[-71.979462,41.019127],[-71.979187,41.019215],[-71.978905,41.019299],[-71.978622,41.019367],[-71.97834,41.019447],[-71.978073,41.019543],[-71.977798,41.019634],[-71.977554,41.019764],[-71.977295,41.019871],[-71.97702,41.019958],[-71.976746,41.020054],[-71.976486,41.020153],[-71.976204,41.020237],[-71.975945,41.020348],[-71.975662,41.020424],[-71.975388,41.0205],[-71.975121,41.020607],[-71.974876,41.020741],[-71.974632,41.02087],[-71.974388,41.021011],[-71.974136,41.021137],[-71.973869,41.021236],[-71.97361,41.021347],[-71.973351,41.02145],[-71.973091,41.021561],[-71.972832,41.021675],[-71.972572,41.021782],[-71.972305,41.021889],[-71.972054,41.022011],[-71.971794,41.022118],[-71.971542,41.022243],[-71.971283,41.022346],[-71.971016,41.022457],[-71.970764,41.022575],[-71.970497,41.022675],[-71.970222,41.022758],[-71.96994,41.022839],[-71.969688,41.022957],[-71.969444,41.023094],[-71.969193,41.023216],[-71.968933,41.023331],[-71.968666,41.023426],[-71.968391,41.02351],[-71.968117,41.023602],[-71.96785,41.023701],[-71.967575,41.023785],[-71.9673,41.023876],[-71.967026,41.023964],[-71.966774,41.024078],[-71.966515,41.024197],[-71.966255,41.0243],[-71.965988,41.024403],[-71.965736,41.024532],[-71.9655,41.02467],[-71.965248,41.024799],[-71.964989,41.02491],[-71.964722,41.025005],[-71.964447,41.025093],[-71.96418,41.025188],[-71.963913,41.025295],[-71.963661,41.025414],[-71.963402,41.025532],[-71.96315,41.02565],[-71.962883,41.025745],[-71.962608,41.025837],[-71.962341,41.025936],[-71.962074,41.026028],[-71.9618,41.026123],[-71.961525,41.026207],[-71.961258,41.026299],[-71.961014,41.02644],[-71.960777,41.026581],[-71.96051,41.026684],[-71.960236,41.026775],[-71.959961,41.026859],[-71.959694,41.026958],[-71.959435,41.027065],[-71.959167,41.027164],[-71.958893,41.02726],[-71.958626,41.027348],[-71.958344,41.027435],[-71.958069,41.027515],[-71.957809,41.027622],[-71.957527,41.027706],[-71.957237,41.027767],[-71.95694,41.027817],[-71.95665,41.027882],[-71.956375,41.027969],[-71.9561,41.028046],[-71.955811,41.028111],[-71.955528,41.028191],[-71.955254,41.028275],[-71.954979,41.028362],[-71.954712,41.028458],[-71.95443,41.02853],[-71.954132,41.028595],[-71.953865,41.028683],[-71.95359,41.02877],[-71.953316,41.028854],[-71.953026,41.028927],[-71.952744,41.028996],[-71.952454,41.029057],[-71.952164,41.029121],[-71.951874,41.029194],[-71.951584,41.029251],[-71.951302,41.029327],[-71.951035,41.029419],[-71.950783,41.029552],[-71.950539,41.029686],[-71.950294,41.029823],[-71.95005,41.029949],[-71.949791,41.030064],[-71.949532,41.030174],[-71.949265,41.030273],[-71.949005,41.030376],[-71.948746,41.030495],[-71.948486,41.030602],[-71.948212,41.030693],[-71.947937,41.030777],[-71.947655,41.030857],[-71.94738,41.030937],[-71.94709,41.03101],[-71.946808,41.031075],[-71.946533,41.031162],[-71.946274,41.031277],[-71.946014,41.031384],[-71.945724,41.031452],[-71.945435,41.031517],[-71.945145,41.031582],[-71.94487,41.031658],[-71.944588,41.031738],[-71.944298,41.031803],[-71.944023,41.031891],[-71.943748,41.031971],[-71.943459,41.032032],[-71.943169,41.032104],[-71.942886,41.032177],[-71.942604,41.032257],[-71.942337,41.032352],[-71.942039,41.032398],[-71.941734,41.032444],[-71.941437,41.032497],[-71.941162,41.032578],[-71.94088,41.032654]]}},{"type":"Feature","id":19,"properties":{"Year_":1870,"Date_":"07/01/1870","Source":"NY Sea Grant","Uncy":10.8,"RouteID":0,"Default_D":1,"reach":"south_point"},"geometry":{"type":"LineString","coordinates":[[-71.94088,41.032654],[-71.940613,41.032753],[-71.940346,41.032848],[-71.940048,41.032898],[-71.939774,41.03299],[-71.939507,41.033089],[-71.939224,41.033165],[-71.93895,41.033245],[-71.938652,41.033298],[-71.93837,41.033371],[-71.938072,41.033428],[-71.937782,41.033493],[-71.937485,41.033535],[-71.937187,41.033592],[-71.936897,41.033649],[-71.936607,41.033718],[-71.936325,41.033787],[-71.936035,41.033855],[-71.935753,41.033928],[-71.935478,41.034012],[-71.935211,41.034111],[-71.934929,41.034191],[-71.934654,41.034271],[-71.93438,41.034359],[-71.934105,41.034447],[-71.933823,41.034523],[-71.933533,41.034588],[-71.93325,41.034668],[-71.932953,41.034714],[-71.932671,41.03479],[-71.932396,41.034878],[-71.932106,41.034943],[-71.931808,41.034988],[-71.931503,41.03503],[-71.93119,41.035057],[-71.930893,41.035103],[-71.930603,41.035164],[-71.930305,41.035221],[-71.930016,41.035286],[-71.929733,41.035355],[-71.929459,41.035446],[-71.929199,41.035553],[-71.928925,41.035645],[-71.928658,41.035736],[-71.928375,41.035812],[-71.928085,41.035877],[-71.927795,41.035946],[-71.927505,41.036003],[-71.9272,41.036041],[-71.926888,41.036068],[-71.92659,41.036125],[-71.926338,41.036243],[-71.926086,41.036369],[-71.92585,41.036514],[-71.925613,41.036667],[-71.925385,41.036816],[-71.92511,41.036907],[-71.924828,41.036976],[-71.924538,41.037045],[-71.92424,41.037098],[-71.92395,41.037155],[-71.923653,41.037212],[-71.92337,41.037285],[-71.923065,41.037327],[-71.922775,41.037388],[-71.922485,41.037445],[-71.922203,41.037525],[-71.921921,41.037598],[-71.921654,41.037693],[-71.921371,41.037777],[-71.921082,41.037838],[-71.920807,41.037926],[-71.920532,41.038006],[-71.920242,41.038074],[-71.919968,41.038158],[-71.919693,41.038246],[-71.919441,41.038372],[-71.919174,41.038464],[-71.918877,41.038517],[-71.918587,41.038586],[-71.918304,41.038662],[-71.918037,41.03875],[-71.917747,41.038818],[-71.917458,41.038883],[-71.917175,41.038956],[-71.916878,41.039013],[-71.916603,41.039089],[-71.916298,41.039139],[-71.915993,41.039177],[-71.915703,41.039238],[-71.915398,41.039276],[-71.915077,41.039291],[-71.914757,41.039307],[-71.914398,41.039261],[-71.913963,41.039097],[-71.913589,41.039028],[-71.913284,41.039062],[-71.912979,41.039104],[-71.912659,41.039116],[-71.912308,41.039078],[-71.911949,41.039036],[-71.911598,41.038998],[-71.911255,41.038986],[-71.910904,41.038944],[-71.910431,41.038719],[-71.910088,41.0387],[-71.909821,41.038795],[-71.909569,41.038925],[-71.909317,41.039047],[-71.90905,41.03915],[-71.908783,41.039246],[-71.908524,41.039349],[-71.908257,41.039459],[-71.90799,41.039555],[-71.907722,41.03965],[-71.907448,41.039745],[-71.907166,41.039814],[-71.90686,41.039856],[-71.906548,41.039879],[-71.90625,41.039936],[-71.90593,41.039951],[-71.905579,41.039913],[-71.905258,41.039925],[-71.904922,41.039917],[-71.90461,41.039936],[-71.90432,41.040001],[-71.904045,41.040089],[-71.90377,41.040184],[-71.903503,41.040276],[-71.903236,41.040379],[-71.902977,41.040489],[-71.90271,41.040585],[-71.902435,41.04068],[-71.902184,41.040798],[-71.901909,41.040878],[-71.901688,41.041061],[-71.901535,41.041344],[-71.901367,41.041592],[-71.901215,41.041866],[-71.900993,41.042046],[-71.90078,41.042229],[-71.900551,41.042385],[-71.900314,41.042538],[-71.900047,41.042633],[-71.899765,41.042702],[-71.899467,41.042755],[-71.899155,41.042789],[-71.898827,41.042789],[-71.898491,41.042778],[-71.898178,41.042812],[-71.897919,41.042919],[-71.897652,41.043022],[-71.897377,41.043098],[-71.897141,41.043247],[-71.896957,41.043484],[-71.896744,41.043659],[-71.896523,41.043835],[-71.896301,41.044006],[-71.896095,41.044205],[-71.895897,41.044411],[-71.895691,41.044609],[-71.895462,41.044765],[-71.89521,41.044891],[-71.894951,41.044998],[-71.894684,41.045101],[-71.894394,41.045166],[-71.894089,41.0452],[-71.893776,41.045219],[-71.89341,41.045166],[-71.893105,41.045212],[-71.892815,41.045265],[-71.892525,41.045334],[-71.89225,41.045425],[-71.891983,41.045517],[-71.891685,41.045574],[-71.891418,41.045673],[-71.891159,41.045776],[-71.890907,41.045902],[-71.890648,41.046021],[-71.890419,41.046173],[-71.89019,41.046333],[-71.889954,41.046482],[-71.889694,41.046589],[-71.889442,41.046711],[-71.889191,41.046837],[-71.888931,41.046944],[-71.888649,41.047028],[-71.888336,41.04705],[-71.888016,41.047066],[-71.887726,41.047131],[-71.887482,41.047264],[-71.887268,41.04744],[-71.887024,41.047577],[-71.886757,41.04768],[-71.88649,41.047779],[-71.886215,41.047867],[-71.885933,41.047939],[-71.885651,41.048019],[-71.885368,41.048088],[-71.885101,41.048187],[-71.884842,41.048302],[-71.88456,41.04837],[-71.884262,41.048431],[-71.88398,41.0485],[-71.883675,41.048546],[-71.883369,41.04858],[-71.883087,41.048653],[-71.882835,41.048775],[-71.882568,41.048878],[-71.88224,41.048885],[-71.881935,41.04892],[-71.881622,41.048943],[-71.881317,41.048988],[-71.881058,41.049095],[-71.880806,41.049213],[-71.880554,41.049343],[-71.880295,41.049454],[-71.880028,41.049549],[-71.879745,41.049629],[-71.879486,41.049732],[-71.879211,41.049824],[-71.878937,41.049915],[-71.878662,41.050003],[-71.878395,41.050102],[-71.878136,41.050205],[-71.877876,41.050316],[-71.877625,41.050442],[-71.877373,41.050564],[-71.877098,41.050652],[-71.876823,41.050739],[-71.876556,41.050846],[-71.876297,41.050949],[-71.875999,41.051006],[-71.875748,41.051125],[-71.875519,41.051289],[-71.875282,41.051426],[-71.875046,41.051579],[-71.874794,41.051701],[-71.874512,41.051777],[-71.874214,41.05183],[-71.873947,41.051922],[-71.873726,41.052097],[-71.873489,41.052246],[-71.873306,41.052479],[-71.873184,41.052803],[-71.873146,41.053265],[-71.87307,41.053665],[-71.873138,41.054295],[-71.872955,41.054523],[-71.872818,41.054829],[-71.872658,41.055103],[-71.872528,41.055412],[-71.872375,41.055698],[-71.872169,41.055893],[-71.871948,41.056061],[-71.871765,41.056301],[-71.871597,41.056549],[-71.871399,41.056755],[-71.871254,41.057056],[-71.871071,41.057281],[-71.870865,41.05748],[-71.870651,41.057663],[-71.870399,41.057785],[-71.87014,41.057892],[-71.869881,41.058002],[-71.869606,41.05809],[-71.869301,41.058128],[-71.868973,41.058132],[-71.868652,41.058147],[-71.868385,41.05825],[-71.868134,41.058372],[-71.867882,41.058487],[-71.867622,41.058609],[-71.867371,41.058731],[-71.867119,41.058857],[-71.86692,41.059059],[-71.866753,41.059319],[-71.866592,41.059589],[-71.866425,41.059837],[-71.866257,41.060093],[-71.86615,41.060448],[-71.866013,41.060749],[-71.866104,41.061413],[-71.865944,41.06168],[-71.86573,41.061867],[-71.865517,41.062054],[-71.865311,41.062244],[-71.865105,41.062443],[-71.864861,41.062572],[-71.864601,41.062695],[-71.864365,41.062832],[-71.864113,41.062958],[-71.863846,41.063061],[-71.863594,41.063187],[-71.863358,41.063332],[-71.863113,41.063465],[-71.862877,41.063606],[-71.86264,41.063759],[-71.86245,41.063972],[-71.862244,41.064171],[-71.862015,41.064339],[-71.861771,41.064465],[-71.861549,41.064648],[-71.861343,41.064835],[-71.861115,41.064991],[-71.86087,41.065136],[-71.860641,41.065292],[-71.86039,41.065411],[-71.860153,41.065559],[-71.859947,41.065762],[-71.859726,41.065926],[-71.859512,41.066109],[-71.859299,41.066296],[-71.859108,41.066521],[-71.858971,41.066814],[-71.858856,41.067154],[-71.858757,41.067524],[-71.858665,41.067898],[-71.858582,41.068287],[-71.858459,41.068615],[-71.858315,41.068905],[-71.858177,41.06921],[-71.858032,41.069504],[-71.857841,41.069725],[-71.85762,41.069901],[-71.857361,41.070011],[-71.857018,41.069992],[-71.856651,41.069931],[-71.856422,41.070087],[-71.856239,41.070312],[-71.85614,41.07069],[-71.855988,41.070965],[-71.857689,41.07365],[-71.858185,41.073917]]}},{"type":"Feature","id":20,"properties":{"Year_":1830,"Date_":"07/01/1830","Source":"NY Sea Grant","Uncy":10.8,"RouteID":0,"Default_D":1,"reach":"south_point"},"geometry":{"type":"LineString","coordinates":[[-72.031098,41.0],[-72.030991,41.000046],[-72.030724,41.000141],[-72.030457,41.000252],[-72.030182,41.000336],[-72.029907,41.000412],[-72.029633,41.000504],[-72.029358,41.000595],[-72.029083,41.000683],[-72.028809,41.000767],[-72.028542,41.000866],[-72.028267,41.000957],[-72.028008,41.00106],[-72.027733,41.001148],[-72.027458,41.001232],[-72.027184,41.001324],[-72.026909,41.001408],[-72.026642,41.001507],[-72.02639,41.001625],[-72.026123,41.001732],[-72.025864,41.001842],[-72.025604,41.001945],[-72.02533,41.002045],[-72.025063,41.00214],[-72.024796,41.002239],[-72.024536,41.00235],[-72.024284,41.002476],[-72.024025,41.002583],[-72.023773,41.002701],[-72.023514,41.002811],[-72.023254,41.002922],[-72.022972,41.002998],[-72.02269,41.003067],[-72.022408,41.003151],[-72.022133,41.003239],[-72.021858,41.003319],[-72.021584,41.003403],[-72.021317,41.003506],[-72.021057,41.003613],[-72.02079,41.003719],[-72.020515,41.003807],[-72.020256,41.00391],[-72.019989,41.004009],[-72.019737,41.004139],[-72.019501,41.004276],[-72.019249,41.004402],[-72.01899,41.00452],[-72.018738,41.004639],[-72.018471,41.004734],[-72.018204,41.004837],[-72.017937,41.004936],[-72.01767,41.005032],[-72.017395,41.005123],[-72.01712,41.005203],[-72.01683,41.005276],[-72.016556,41.005363],[-72.016296,41.005466],[-72.016029,41.005566],[-72.015762,41.005661],[-72.015495,41.00576],[-72.015221,41.005852],[-72.014954,41.005947],[-72.014679,41.006039],[-72.014412,41.006138],[-72.014145,41.006229],[-72.013878,41.00634],[-72.013611,41.006432],[-72.013344,41.006531],[-72.013069,41.006622],[-72.012802,41.00671],[-72.01252,41.006794],[-72.012245,41.006878],[-72.011971,41.006969],[-72.011711,41.007069],[-72.011429,41.007156],[-72.011162,41.007252],[-72.010902,41.007366],[-72.010651,41.007477],[-72.010384,41.007587],[-72.010117,41.007679],[-72.009834,41.007759],[-72.009575,41.007862],[-72.009308,41.007969],[-72.009041,41.008064],[-72.008766,41.008152],[-72.008507,41.008255],[-72.00824,41.008362],[-72.00798,41.008472],[-72.007721,41.008583],[-72.007462,41.008694],[-72.007195,41.008797],[-72.00695,41.008923],[-72.006699,41.009048],[-72.006432,41.009151],[-72.006172,41.009258],[-72.005905,41.009361],[-72.005653,41.00948],[-72.005402,41.009602],[-72.005127,41.009697],[-72.00486,41.009792],[-72.004601,41.009903],[-72.004341,41.010017],[-72.004089,41.010132],[-72.00383,41.010246],[-72.003555,41.010326],[-72.003273,41.01041],[-72.003014,41.010517],[-72.002754,41.010624],[-72.002487,41.010727],[-72.002228,41.010841],[-72.001976,41.010956],[-72.001709,41.011063],[-72.001442,41.011154],[-72.001175,41.011261],[-72.000923,41.011375],[-72.000671,41.011501],[-72.00042,41.01162],[-72.000145,41.011711],[-71.99987,41.011795],[-71.999596,41.011879],[-71.999321,41.011974],[-71.999062,41.012081],[-71.998795,41.012184],[-71.998528,41.012283],[-71.99826,41.012383],[-71.997993,41.012486],[-71.997734,41.012589],[-71.997467,41.012688],[-71.997192,41.012779],[-71.996925,41.012878],[-71.996658,41.012978],[-71.996399,41.013077],[-71.996132,41.013176],[-71.995865,41.013279],[-71.99559,41.013363],[-71.995316,41.013462],[-71.995064,41.013573],[-71.994812,41.013702],[-71.994553,41.013817],[-71.994293,41.01392],[-71.994034,41.01403],[-71.993767,41.01413],[-71.9935,41.014233],[-71.993225,41.01432],[-71.992958,41.01442],[-71.992699,41.014526],[-71.992424,41.014618],[-71.992165,41.014721],[-71.991898,41.01482],[-71.991608,41.014881],[-71.991325,41.014957],[-71.991066,41.015068],[-71.990799,41.015171],[-71.990532,41.015266],[-71.990265,41.015366],[-71.989998,41.015461],[-71.989731,41.015564],[-71.989456,41.015656],[-71.989182,41.015739],[-71.988907,41.015827],[-71.98864,41.01593],[-71.988373,41.016018],[-71.988098,41.016117],[-71.987823,41.016205],[-71.987556,41.0163],[-71.987297,41.016407],[-71.98703,41.016506],[-71.986771,41.016613],[-71.986526,41.016747],[-71.986267,41.016857],[-71.986008,41.016975],[-71.985748,41.017082],[-71.985474,41.017178],[-71.985207,41.017277],[-71.984947,41.017376],[-71.98468,41.017479],[-71.984398,41.017563],[-71.984116,41.017628],[-71.983818,41.017685],[-71.983521,41.017738],[-71.983246,41.017815],[-71.982964,41.017887],[-71.982681,41.017963],[-71.982391,41.018032],[-71.982117,41.01812],[-71.98185,41.018211],[-71.981583,41.018318],[-71.981316,41.01841],[-71.981049,41.018509],[-71.980782,41.018608],[-71.980515,41.018707],[-71.98024,41.018803],[-71.979973,41.018902],[-71.979729,41.019035],[-71.979462,41.019127],[-71.979187,41.019215],[-71.978905,41.019299],[-71.978622,41.019367],[-71.97834,41.019447],[-71.978073,41.019543],[-71.977798,41.019634],[-71.977554,41.019764],[-71.977295,41.019871],[-71.97702,41.019958],[-71.976746,41.020054],[-71.976486,41.020153],[-71.976204,41.020237],[-71.975945,41.020348],[-71.975662,41.020424],[-71.975388,41.0205],[-71.975121,41.020607],[-71.974876,41.020741],[-71.974632,41.02087],[-71.974388,41.021011],[-71.974136,41.021137],[-71.973869,41.021236],[-71.97361,41.021347],[-71.973351,41.02145],[-71.973091,41.021561],[-71.972832,41.021675],[-71.972572,41.021782],[-71.972305,41.021889],[-71.972054,41.022011],[-71.971794,41.022118],[-71.971542,41.022243],[-71.971283,41.022346],[-71.971016,41.022457],[-71.970764,41.022575],[-71.970497,41.022675],[-71.970222,41.022758],[-71.96994,41.022839],[-71.969688,41.022957],[-71.969444,41.023094],[-71.969193,41.023216],[-71.968933,41.023331],[-71.968666,41.023426],[-71.968391,41.02351],[-71.968117,41.023602],[-71.96785,41.023701],[-71.967575,41.023785],[-71.9673,41.023876],[-71.967026,41.023964],[-71.966774,41.024078],[-71.966515,41.024197],[-71.966255,41.0243],[-71.965988,41.024403],[-71.965736,41.024532],[-71.9655,41.02467],[-71.965248,41.024799],[-71.964989,41.02491],[-71.964722,41.025005],[-71.964447,41.025093],[-71.96418,41.025188],[-71.963913,41.025295],[-71.963661,41.025414],[-71.963402,41.025532],[-71.96315,41.02565],[-71.962883,41.025745],[-71.962608,41.025837],[-71.962341,41.025936],[-71.962074,41.026028],[-71.9618,41.026123],[-71.961525,41.026207],[-71.961258,41.026299],[-71.961014,41.02644],[-71.960777,41.026581],[-71.96051,41.026684],[-71.960236,41.026775],[-71.959961,41.026859],[-71.959694,41.026958],[-71.959435,41.027065],[-71.959167,41.027164],[-71.958893,41.02726],[-71.958626,41.027348],[-71.958344,41.027435],[-71.958069,41.027515],[-71.957809,41.027622],[-71.957527,41.027706],[-71.957237,41.027767],[-71.95694,41.027817],[-71.95665,41.027882],[-71.956375,41.027969],[-71.9561,41.028046],[-71.955811,41.028111],[-71.955528,41.028191],[-71.955254,41.028275],[-71.954979,41.028362],[-71.954712,41.028458],[-71.95443,41.02853],[-71.954132,41.028595],[-71.953865,41.028683],[-71.95359,41.02877],[-71.953316,41.028854],[-71.953026,41.028927],[-71.952744,41.028996],[-71.952454,41.029057],[-71.952164,41.029121],[-71.951874,41.029194],[-71.951584,41.029251],[-71.951302,41.029327],[-71.951035,41.029419],[-71.950783,41.029552],[-71.950539,41.029686],[-71.950294,41.029823],[-71.95005,41.029949],[-71.949791,41.030064],[-71.949532,41.030174],[-71.949265,41.030273],[-71.949005,41.030376],[-71.948746,41.030495],[-71.948486,41.030602],[-71.948212,41.030693],[-71.947937,41.030777],[-71.947655,41.030857],[-71.94738,41.030937],[-71.94709,41.03101],[-71.946808,41.031075],[-71.946533,41.031162],[-71.946274,41.031277],[-71.946014,41.031384],[-71.945724,41.031452],[-71.945435,41.031517],[-71.945145,41.031582],[-71.94487,41.031658],[-71.944588,41.031738],[-71.944298,41.031803],[-71.944023,41.031891],[-71.943748,41.031971],[-71.943459,41.032032],[-71.943169,41.032104],[-71.942886,41.032177],[-71.942604,41.032257],[-71.942337,41.032352],[-71.942039,41.032398],[-71.941734,41.032444],[-71.941437,41.032497],[-71.941162,41.032578],[-71.94088,41.032654]]}},{"type":"Feature","id":21,"properties":{"Year_":1830,"Date_":"07/01/1830","Source":"NY Sea Grant","Uncy":10.8,"RouteID":0,"Default_D":1,"reach":"south_point"},"geometry":{"type":"LineString","coordinates":[[-71.94088,41.032654],[-71.940613,41.032753],[-71.940346,41.032848],[-71.940048,41.032898],[-71.939774,41.03299],[-71.939507,41.033089],[-71.939224,41.033165],[-71.93895,41.033245],[-71.938652,41.033298],[-71.93837,41.033371],[-71.938072,41.033428],[-71.937782,41.033493],[-71.937485,41.033535],[-71.937187,41.033592],[-71.936897,41.033649],[-71.936607,41.033718],[-71.936325,41.033787],[-71.936035,41.033855],[-71.935753,41.033928],[-71.935478,41.034012],[-71.935211,41.034111],[-71.934929,41.034191],[-71.934654,41.034271],[-71.93438,41.034359],[-71.934105,41.034447],[-71.933823,41.034523],[-71.933533,41.034588],[-71.93325,41.034668],[-71.932953,41.034714],[-71.932671,41.03479],[-71.932396,41.034878],[-71.932106,41.034943],[-71.931808,41.034988],[-71.931503,41.03503],[-71.93119,41.035057],[-71.930893,41.035103],[-71.930603,41.035164],[-71.930305,41.035221],[-71.930016,41.035286],[-71.929733,41.035355],[-71.929459,41.035446],[-71.929199,41.035553],[-71.928925,41.035645],[-71.928658,41.035736],[-71.928375,41.035812],[-71.928085,41.035877],[-71.927795,41.035946],[-71.927505,41.036003],[-71.9272,41.036041],[-71.926888,41.036068],[-71.92659,41.036125],[-71.926338,41.036243],[-71.926086,41.036369],[-71.92585,41.036514],[-71.925613,41.036667],[-71.925385,41.036816],[-71.92511,41.036907],[-71.924828,41.036976],[-71.924538,41.037045],[-71.92424,41.037098],[-71.92395,41.037155],[-71.923653,41.037212],[-71.92337,41.037285],[-71.923065,41.037327],[-71.922775,41.037388],[-71.922485,41.037445],[-71.922203,41.037525],[-71.921921,41.037598],[-71.921654,41.037693],[-71.921371,41.037777],[-71.921082,41.037838],[-71.920807,41.037926],[-71.920532,41.038006],[-71.920242,41.038074],[-71.919968,41.038158],[-71.919693,41.038246],[-71.919441,41.038372],[-71.919174,41.038464],[-71.918877,41.038517],[-71.918587,41.038586],[-71.918304,41.038662],[-71.918037,41.03875],[-71.917747,41.038818],[-71.917458,41.038883],[-71.917175,41.038956],[-71.916878,41.039013],[-71.916603,41.039089],[-71.916298,41.039139],[-71.915993,41.039177],[-71.915703,41.039238],[-71.915398,41.039276],[-71.915077,41.039291],[-71.914757,41.039307],[-71.914398,41.039261],[-71.913963,41.039097],[-71.913589,41.039028],[-71.913284,41.039062],[-71.912979,41.039104],[-71.912659,41.039116],[-71.912308,41.039078],[-71.911949,41.039036],[-71.911598,41.038998],[-71.911255,41.038986],[-71.910904,41.038944],[-71.910431,41.038719],[-71.910088,41.0387],[-71.909821,41.038795],[-71.909569,41.038925],[-71.909317,41.039047],[-71.90905,41.03915],[-71.908783,41.039246],[-71.908524,41.039349],[-71.908257,41.039459],[-71.90799,41.039555],[-71.907722,41.03965],[-71.907448,41.039745],[-71.907166,41.039814],[-71.90686,41.039856],[-71.906548,41.039879],[-71.90625,41.039936],[-71.90593,41.039951],[-71.905579,41.039913],[-71.905258,41.039925],[-71.904922,41.039917],[-71.90461,41.039936],[-71.90432,41.040001],[-71.904045,41.040089],[-71.90377,41.040184],[-71.903503,41.040276],[-71.903236,41.040379],[-71.902977,41.040489],[-71.90271,41.040585],[-71.902435,41.04068],[-71.902184,41.040798],[-71.901909,41.040878],[-71.901688,41.041061],[-71.901535,41.041344],[-71.901367,41.041592],[-71.901215,41.041866],[-71.900993,41.042046],[-71.90078,41.042229],[-71.900551,41.042385],[-71.900314,41.042538],[-71.900047,41.042633],[-71.899765,41.042702],[-71.899467,41.042755],[-71.899155,41.042789],[-71.898827,41.042789],[-71.898491,41.042778],[-71.898178,41.042812],[-71.897919,41.042919],[-71.897652,41.043022],[-71.897377,41.043098],[-71.897141,41.043247],[-71.896957,41.043484],[-71.896744,41.043659],[-71.896523,41.043835],[-71.896301,41.044006],[-71.896095,41.044205],[-71.895897,41.044411],[-71.895691,41.044609],[-71.895462,41.044765],[-71.89521,41.044891],[-71.894951,41.044998],[-71.894684,41.045101],[-71.894394,41.045166],[-71.894089,41.0452],[-71.893776,41.045219],[-71.89341,41.045166],[-71.893105,41.045212],[-71.892815,41.045265],[-71.892525,41.045334],[-71.89225,41.045425],[-71.891983,41.045517],[-71.891685,41.045574],[-71.891418,41.045673],[-71.891159,41.045776],[-71.890907,41.045902],[-71.890648,41.046021],[-71.890419,41.046173],[-71.89019,41.046333],[-71.889954,41.046482],[-71.889694,41.046589],[-71.889442,41.046711],[-71.889191,41.046837],[-71.888931,41.046944],[-71.888649,41.047028],[-71.888336,41.04705],[-71.888016,41.047066],[-71.887726,41.047131],[-71.887482,41.047264],[-71.887268,41.04744],[-71.887024,41.047577],[-71.886757,41.04768],[-71.88649,41.047779],[-71.886215,41.047867],[-71.885933,41.047939],[-71.885651,41.048019],[-71.885368,41.048088],[-71.885101,41.048187],[-71.884842,41.048302],[-71.88456,41.04837],[-71.884262,41.048431],[-71.88398,41.0485],[-71.883675,41.048546],[-71.883369,41.04858],[-71.883087,41.048653],[-71.882835,41.048775],[-71.882568,41.048878],[-71.88224,41.048885],[-71.881935,41.04892],[-71.881622,41.048943],[-71.881317,41.048988],[-71.881058,41.049095],[-71.880806,41.049213],[-71.880554,41.049343],[-71.880295,41.049454],[-71.880028,41.049549],[-71.879745,41.049629],[-71.879486,41.049732],[-71.879211,41.049824],[-71.878937,41.049915],[-71.878662,41.050003],[-71.878395,41.050102],[-71.878136,41.050205],[-71.877876,41.050316],[-71.877625,41.050442],[-71.877373,41.050564],[-71.877098,41.050652],[-71.876823,41.050739],[-71.876556,41.050846],[-71.876297,41.050949],[-71.875999,41.051006],[-71.875748,41.051125],[-71.875519,41.051289],[-71.875282,41.051426],[-71.875046,41.051579],[-71.874794,41.051701],[-71.874512,41.051777],[-71.874214,41.05183],[-71.873947,41.051922],[-71.873726,41.052097],[-71.873489,41.052246],[-71.873306,41.052479],[-71.873184,41.052803],[-71.873146,41.053265],[-71.87307,41.053665],[-71.873138,41.054295],[-71.872955,41.054523],[-71.872818,41.054829],[-71.872658,41.055103],[-71.872528,41.055412],[-71.872375,41.055698],[-71.872169,41.055893],[-71.871948,41.056061],[-71.871765,41.056301],[-71.871597,41.056549],[-71.871399,41.056755],[-71.871254,41.057056],[-71.871071,41.057281],[-71.870865,41.05748],[-71.870651,41.057663],[-71.870399,41.057785],[-71.87014,41.057892],[-71.869881,41.058002],[-71.869606,41.05809],[-71.869301,41.058128],[-71.868973,41.058132],[-71.868652,41.058147],[-71.868385,41.05825],[-71.868134,41.058372],[-71.867882,41.058487],[-71.867622,41.058609],[-71.867371,41.058731],[-71.867119,41.058857],[-71.86692,41.059059],[-71.866753,41.059319],[-71.866592,41.059589],[-71.866425,41.059837],[-71.866257,41.060093],[-71.86615,41.060448],[-71.866013,41.060749],[-71.866104,41.061413],[-71.865944,41.06168],[-71.86573,41.061867],[-71.865517,41.062054],[-71.865311,41.062244],[-71.865105,41.062443],[-71.864861,41.062572],[-71.864601,41.062695],[-71.864365,41.062832],[-71.864113,41.062958],[-71.863846,41.063061],[-71.863594,41.063187],[-71.863358,41.063332],[-71.863113,41.063465],[-71.862877,41.063606],[-71.86264,41.063759],[-71.86245,41.063972],[-71.862244,41.064171],[-71.862015,41.064339],[-71.861771,41.064465],[-71.861549,41.064648],[-71.861343,41.064835],[-71.861115,41.064991],[-71.86087,41.065136],[-71.860641,41.065292],[-71.86039,41.065411],[-71.860153,41.065559],[-71.859947,41.065762],[-71.859726,41.065926],[-71.859512,41.066109],[-71.859299,41.066296],[-71.859108,41.066521],[-71.858971,41.066814],[-71.858856,41.067154],[-71.858757,41.067524],[-71.858665,41.067898],[-71.858582,41.068287],[-71.858459,41.068615],[-71.858315,41.068905],[-71.858177,41.06921],[-71.858032,41.069504],[-71.857841,41.069725],[-71.85762,41.069901],[-71.857361,41.070011],[-71.857018,41.069992],[-71.856651,41.069931],[-71.856422,41.070087],[-71.856239,41.070312],[-71.85614,41.07069],[-71.855988,41.070965],[-71.857689,41.07365],[-71.858185,41.073917]]}}]}